tag_original,type_action,nouveau_tag_ou_composants,occurrences
philosophie-des-sciences,division_compose,"philosophie, sciences",203
l-univers,renommage_regroupement,univers,194
terre-planete,division_compose,"terre, planetes",179
evolution-processus,division_compose,"evolution, processus",153
sciences-de-la-nature,division_compose,"sciences, nature",144
l-environnement,renommage_regroupement,environnement,140
relativite-physique,division_compose,"relativite, physique",139
histoire-des-sciences,division_compose,"histoire, sciences",138
science-physique,division_compose,"sciences, physique",134
science-et-technologie,division_compose,"sciences, technologies",131
energie-physique,division_compose,"energie, physique",120
evolution-biologie,division_compose,"evolution, biologie",109
sciences-de-la-vie,division_compose,"sciences, vie",106
theorie-de-la-relativite,division_compose,"theorie, relativite",103
origine-de-l-univers,division_compose,"origines, univers",97
vitesse-de-la-lumiere,division_compose,"vitesse, lumiere",94
le-soleil,renommage_regroupement,soleil,86
le-rechauffement-climatique,renommage_regroupement,rechauffement-climatique,74
temps-physique,division_compose,"temps, physique",73
theorie-de-l-evolution,division_compose,"theorie, evolution",68
lune-astronomie,division_compose,"lune, astronomie",64
extinction-des-especes,division_compose,"extinction, especes",63
histoire-de-la-physique,division_compose,"histoire, physique",63
philosophie-et-science,division_compose,"philosophie, sciences",61
l-univers-astronomie,division_compose,"univers, astronomie",54
cosmologie-du-big-bang,division_compose,"cosmologie, big-bang",52
histoire-de-l-humanite,division_compose,"histoire, humanite",51
histoire-du-monde,division_compose,"histoire, monde",51
lumiere-physique,division_compose,"lumiere, physique",50
theorie-des-nombres,division_compose,"theorie, nombres",50
astronomie-et-astrophysique,division_compose,"astronomie, astrophysique",48
planetes-astronomie,division_compose,"planetes, astronomie",45
science-de-la-terre,division_compose,"sciences, terre",45
voyage-dans-l-espace,division_compose,"voyage, espace",45
langages-de-programmation,division_compose,"langage, programmation",42
matiere-physique,division_compose,"matiere, physique",42
mouvement-physique,division_compose,"mouvement, physique",42
biologie-de-l-evolution,division_compose,"biologie, evolution",40
le-soleil-astronomie,division_compose,"soleil, astronomie",40
recherches-scientifiques,renommage_regroupement,recherche-scientifique,40
histoire-de-la-science,division_compose,"histoire, sciences",39
histoire-de-la-terre,division_compose,"histoire, terre",38
planetes-du-systeme-solaire,division_compose,"planetes, systeme-solaire",38
origine-de-la-vie,division_compose,"origines, vie",37
sciences-de-la-terre,division_compose,"sciences, terre",37
science-et-religion,division_compose,"sciences, religion",36
mars-planete,division_compose,"mars, planetes",35
science,renommage_regroupement,sciences,35
etoiles-astronomie,division_compose,"etoiles, astronomie",34
le-changement-climatique,renommage_regroupement,changement-climatique,33
lois-de-la-physique,division_compose,"loi, physique",33
philosophie-de-la-physique,division_compose,"philosophie, physique",33
voyage-dans-le-temps,division_compose,"voyage, temps",33
le-systeme-solaire,renommage_regroupement,systeme-solaire,32
sciences-de-l-atmosphere,division_compose,"sciences, atmosphere",32
sciences-de-l-environnement,division_compose,"sciences, environnement",32
cosmologie-physique,division_compose,"cosmologie, physique",31
experiences,renommage_regroupement,experience,30
gravite-physique,division_compose,"gravite, physique",30
la-methode-scientifique,renommage_regroupement,methode-scientifique,30
astronomie-d-observation,division_compose,"astronomie, observation",29
philosophie-et-psychologie,division_compose,"philosophie, psychologie",29
rotation-physique,division_compose,"rotation, physique",29
philosophie-des-mathematiques,division_compose,"philosophie, mathematiques",28
risques-pour-la-sante,division_compose,"risques, sante",28
science-de-l-informatique,division_compose,"sciences, informatique",28
sciences-mathematiques,division_compose,"sciences, mathematiques",28
force-physique,division_compose,"force, physique",27
l-europe,renommage_regroupement,europe,27
astrophysique-relativiste,suppression,,26
debats-de-societe,division_compose,"debat, societe",26
physique-et-chimie,division_compose,"physique, chimie",26
sante-et-securite-publiques,division_compose,"sante, securite-publique",26
ingenierie-et-technologie-spatiale,division_compose,"ingenierie, technologie-spatiale",25
les-etats-unis-d-amerique,division_compose,"etats-unis, ameriques",25
production-d-energie,division_compose,"production, energie",25
sciences-du-climat,division_compose,"sciences, climats",25
histoire-des-inventions,division_compose,"histoire, invention",24
l-ethique,renommage_regroupement,ethique,24
opinions,renommage_regroupement,opinion,24
science-des-materiaux-et-ingenierie,division_compose,"sciences, materiaux, ingenierie",24
astronautes,suppression,,23
conservation-de-la-nature,division_compose,"conservation, nature",23
corps-celestes,suppression,,23
histoire-de-la-biologie,division_compose,"histoire, biologie",23
infini-mathematiques,division_compose,"infini, mathematiques",23
matiere-noire,suppression,,23
opinion-politique,division_compose,"opinion, politique",23
protection-de-l-environnement,division_compose,"protection, environnement",23
theorie-des-nombres-premiers,division_compose,"theorie, nombres-premiers",23
avenir-de-l-humanite,division_compose,"avenir, humanite",22
exploration-de-l-univers,division_compose,"exploration, univers",22
opinions-et-croyances,division_compose,"opinion, croyance",22
philosophie-de-la-cosmologie,division_compose,"philosophie, cosmologie",22
problemes-mathematiques,division_compose,"probleme, mathematiques",22
rotation-de-la-terre,division_compose,"rotation, terre",22
selection-naturelle,suppression,,22
theorie-cosmologique,suppression,,22
analyse-politique,division_compose,"analyse, politique",21
les-centrales-nucleaires,renommage_regroupement,centrales-nucleaires,21
trou-noir,renommage_regroupement,trous-noirs,21
concepts-en-physique,division_compose,"concepts, physique",20
darwinisme,suppression,,20
dimensions-physique,division_compose,"dimensions, physique",20
emissions-de-carbone,division_compose,"emission, carbone",20
galaxies-astronomie,division_compose,"galaxies, astronomie",20
le-programme-apollo,renommage_regroupement,programme-apollo,20
systeme-de-gouvernement,division_compose,"systeme, gouvernement",20
age-de-l-univers,division_compose,"age, univers",19
etudes-scientifiques,renommage_regroupement,etude-scientifique,19
philosophie-politique,division_compose,"philosophie, politique",19
programmation-en-python,division_compose,"programmation, python",19
question-de-sondage,division_compose,"questions, sondages",19
chimie-physique,division_compose,"chimie, physique",18
colonisation-de-l-espace,division_compose,"colonisation, espace",18
consommation-d-energie,division_compose,"consommation, energie",18
crateres-d-impact,division_compose,"cratere, impact",18
droits-de-l-homme,division_compose,"droit, homme",18
equations-mathematiques,division_compose,"equations, mathematiques",18
force-de-gravite,division_compose,"force, gravite",18
galaxie-de-la-voie-lactee,division_compose,"galaxies, voie-lactee",18
inegalites-de-revenu,division_compose,"inegalite, revenu",18
l-antimatiere,renommage_regroupement,antimatiere,18
la-seconde-guerre-mondiale,renommage_regroupement,seconde-guerre-mondiale,18
mecanique-physique,division_compose,"mecanique, physique",18
missions-apollo,suppression,,18
physique-chimie,division_compose,"physique, chimie",18
univers-en-expansion,suppression,,18
vitesse-physique,division_compose,"vitesse, physique",18
astronomy,suppression,,17
la-vie,renommage_regroupement,vie,17
methodes-de-recherche,division_compose,"methodes, recherche",17
observation-des-astres,division_compose,"observation, astres",17
personnalite,renommage_regroupement,personnalites,17
phenomenes,renommage_regroupement,phenomene,17
religions,renommage_regroupement,religion,17
theorie-de-l-electromagnetisme,division_compose,"theorie, electromagnetisme",17
transport,renommage_regroupement,transports,17
droit-sur-la-propriete-intellectuelle,division_compose,"droit, propriete-intellectuelle",16
effets-sur-la-sante,division_compose,"effet, sante",16
geographie-physique,division_compose,"geographie, physique",16
histoire-de-l-astronomie,division_compose,"histoire, astronomie",16
histoire-des-mathematiques,division_compose,"histoire, mathematiques",16
physique-des-materiaux,division_compose,"physique, materiaux",16
sonde-spatiale,suppression,,16
acceleration-physique,suppression,,15
conservation-de-la-faune,division_compose,"conservation, faune",15
croyances,renommage_regroupement,croyance,15
droit-des-brevets,division_compose,"droit, brevets",15
duree-de-vie,division_compose,"duree, vie",15
habitabilite-planetaire,suppression,,15
l-extinction-humaine,suppression,,15
l-histoire,renommage_regroupement,histoire,15
l-humanite,renommage_regroupement,humanite,15
la-bible,renommage_regroupement,bible,15
la-philosophie,renommage_regroupement,philosophie,15
la-philosophie-des-sciences,division_compose,"philosophie, sciences",15
mammiferes,suppression,,15
observation-scientifique,suppression,,15
physique-de-l-atmosphere,division_compose,"physique, atmosphere",15
risque,renommage_regroupement,risques,15
science-de-l-environnement,division_compose,"sciences, environnement",15
science-de-la-nature,division_compose,"sciences, nature",15
securite-informatique,division_compose,"securite, informatique",15
technologie-et-innovation,division_compose,"technologies, innovation",15
creationnisme,suppression,,14
dynamique-du-systeme-solaire,division_compose,"dynamique, systeme-solaire",14
economies,renommage_regroupement,economie,14
experience-personnelle,renommage_regroupement,experiences-personnelles,14
histoire-de-l-astronautique,division_compose,"histoire, astronautique",14
l-attraction-gravitationnelle,renommage_regroupement,attraction-gravitationnelle,14
paleoanthropologie,suppression,,14
phenomene-physique,renommage_regroupement,phenomenes-physiques,14
physique-de-la-matiere,division_compose,"physique, matiere",14
questions-de-mathematiques,division_compose,"questions, mathematiques",14
reflexion-physique,division_compose,"reflexion, physique",14
rotation-planetes,division_compose,"rotation, planetes",14
univers-infini,suppression,,14
astrophysics,suppression,,13
classification-des-animaux,division_compose,"classification, animaux",13
comparaison,renommage_regroupement,comparaisons,13
courbure-de-l-espace,suppression,,13
densite-physique,division_compose,"densite, physique",13
espace-dimension,suppression,,13
la-physique-atomique,renommage_regroupement,physique-atomique,13
les-telescopes,renommage_regroupement,telescopes,13
nombres-mathematiques,division_compose,"nombres, mathematiques",13
opinions-personnelles,renommage_regroupement,opinion-personnelle,13
ressources-en-eau,division_compose,"ressources, eau",13
sciences-et-technologies,division_compose,"sciences, technologies",13
singes,suppression,,13
singularite,suppression,,13
demarche-scientifique,suppression,,12
desastre-nucleaire-de-tchernobyl-avril-1986,suppression,,12
enigmes-de-l-univers,division_compose,"enigmes, univers",12
especes-menacees,suppression,,12
impacts-environnementaux,renommage_regroupement,impact-environnemental,12
l-histoire-de-la-technologie,division_compose,"histoire, technologies",12
l-informatique,renommage_regroupement,informatique,12
la-nature,renommage_regroupement,nature,12
la-physique,renommage_regroupement,physique,12
la-physique-nucleaire,renommage_regroupement,physique-nucleaire,12
logique-mathematiques,division_compose,"logique, mathematiques",12
mathematiques-et-sciences,division_compose,"mathematiques, sciences",12
perception-du-temps,division_compose,"perception, temps",12
phenomene-naturel,renommage_regroupement,phenomenes-naturels,12
philosophie-de-la-vie,division_compose,"philosophie, vie",12
poids-physique,division_compose,"poids, physique",12
programme-spatial-americain,suppression,,12
sante-physique,division_compose,"sante, physique",12
sociologie-politique,division_compose,"sociologie, politique",12
station-spatiale-internationale,suppression,,12
aimants,suppression,,11
anatomie,suppression,,11
droit-de-propriete,division_compose,"droit, proprietes",11
ecologie-politique,division_compose,"ecologie, politique",11
energie-thermique,suppression,,11
force-magnetique,suppression,,11
formules-mathematiques,division_compose,"formules, mathematiques",11
geographie-du-monde,division_compose,"geographie, monde",11
guerres-et-histoire-militaire,division_compose,"guerre, histoire-militaire",11
histoire-de-l-informatique,division_compose,"histoire, informatique",11
histoire-de-la-medecine,division_compose,"histoire, medecine",11
horizon-des-evenements,suppression,,11
industrie-nucleaire,suppression,,11
influence-de-l-homme-sur-la-planete,division_compose,"influence, homme, planetes",11
iran,suppression,,11
l-invention,renommage_regroupement,invention,11
la-science-des-materiaux,division_compose,"sciences, materiaux",11
la-terre,renommage_regroupement,terre,11
lumiere-du-soleil,division_compose,"lumiere, soleil",11
maladie,renommage_regroupement,maladies,11
medias-d-information,division_compose,"medias, information",11
origine-de-covid-19,suppression,,11
programmes-spatiaux,suppression,,11
question-d-enquete,division_compose,"questions, enquetes",11
questions-mathematiques,division_compose,"questions, mathematiques",11
recherche-spatiale,suppression,,11
science-de-la-matiere,division_compose,"sciences, matiere",11
science-politique,renommage_regroupement,sciences-politiques,11
theorie-du-nombre,division_compose,"theorie, nombres",11
theorie-du-temps,division_compose,"theorie, temps",11
theorie-politique,division_compose,"theorie, politique",11
bombe-atomique,suppression,,10
distance-physique,division_compose,"distance, physique",10
effets-placebo-sante,suppression,,10
energie-hydrogene,suppression,,10
energie-noire,suppression,,10
exploration-de-mars,division_compose,"exploration, mars",10
extinction-animale,suppression,,10
extinction-de-masse,suppression,,10
geographie-politique,division_compose,"geographie, politique",10
gravite-de-la-terre,division_compose,"gravite, terre",10
histoire-de-france,division_compose,"histoire, france",10
histoire-des-religions,division_compose,"histoire, religion",10
immunologie,suppression,,10
la-fin-du-monde,renommage_regroupement,fin-du-monde,10
langage-de-programmation,division_compose,"langage, programmation",10
le-corps-humain,renommage_regroupement,corps-humain,10
lois-de-la-thermodynamique,division_compose,"loi, thermodynamique",10
mecanique-des-fluides,division_compose,"mecanique, fluides",10
methodologie-en-sciences,division_compose,"methodologie, sciences",10
micro-organismes,suppression,,10
orbite-de-la-terre,division_compose,"orbites, terre",10
perception-de-la-vie,division_compose,"perception, vie",10
phenomenes-optiques,suppression,,10
philosophie-du-temps,division_compose,"philosophie, temps",10
planetes-habitables,suppression,,10
politique-des-etats-unis-d-amerique,division_compose,"politique, etats-unis, ameriques",10
problemes-environnementaux,suppression,,10
puissance-physique,division_compose,"puissance, physique",10
repartition-des-richesses,division_compose,"repartition, richesse",10
systeme-d-election,division_compose,"systeme, elections",10
theories-de-la-gravitation,division_compose,"theorie, gravitation",10
voitures-et-automobiles,division_compose,"voitures, automobile",10
voyage-spatial-vers-mars,suppression,,10
abeilles,suppression,,9
adaptation-au-changement-climatique,division_compose,"adaptation, changement-climatique",9
alimentation-et-nutrition,division_compose,"alimentation, nutrition",9
biologie-evolutive-humaine,suppression,,9
bombe-nucleaire,suppression,,9
cellules-biologie,suppression,,9
civilisations-extraterrestres,suppression,,9
creation-d-entreprise,division_compose,"creation, entreprises",9
creation-de-l-univers,division_compose,"creation, univers",9
danger,renommage_regroupement,dangers,9
developpement-de-logiciels,division_compose,"developpement, logiciels",9
dilation-du-temps,suppression,,9
donnees-scientifiques,suppression,,9
energie-economie,division_compose,"energie, economie",9
fond-diffus-cosmologique,suppression,,9
forces-gravitationnelles,renommage_regroupement,force-gravitationnelle,9
histoire-des-decouvertes,division_compose,"histoire, decouvertes",9
histoire-du-christianisme,division_compose,"histoire, christianisme",9
inventeurs,suppression,,9
la-creation-de-l-univers,division_compose,"creation, univers",9
la-gravite,renommage_regroupement,gravite,9
la-nature-humaine,renommage_regroupement,nature-humaine,9
la-technologie,renommage_regroupement,technologies,9
le-temps,renommage_regroupement,temps,9
le-vide,suppression,,9
les-citations,renommage_regroupement,citations,9
mathematiques-et-physique,division_compose,"mathematiques, physique",9
mecanique-celeste,suppression,,9
miroirs,suppression,,9
observatoires-spatiaux,suppression,,9
physics,suppression,,9
physique-et-biologie,division_compose,"physique, biologie",9
physique-solaire,suppression,,9
questions-existentielles,renommage_regroupement,question-existentielle,9
scenarios-scientifiques-hypothetiques,suppression,,9
sciences-des-animaux,division_compose,"sciences, animaux",9
sens-de-la-vie,division_compose,"sens, vie",9
stabilite,suppression,,9
vitesse-de-rotation,division_compose,"vitesse, rotation",9
vol-spatial,suppression,,9
volcanologie,suppression,,9
voler,suppression,,9
activite-solaire,suppression,,8
animal,renommage_regroupement,animaux,8
definitions,renommage_regroupement,definition,8
dimension,renommage_regroupement,dimensions,8
effet-optique,suppression,,8
effets-secondaires-du-vaccin-covid-19,division_compose,"effets-secondaires, vaccin-covid-19",8
emplois,renommage_regroupement,emploi,8
fission-nucleaire,suppression,,8
forme-de-la-terre,division_compose,"forme, terre",8
guerres-et-conflits,division_compose,"guerre, conflits",8
hamas,suppression,,8
hausse-du-niveau-de-la-mer,suppression,,8
histoire-d-israel,division_compose,"histoire, israel",8
histoire-de-l-afrique,division_compose,"histoire, afrique",8
histoire-de-l-europe,division_compose,"histoire, europe",8
histoire-de-la-suisse,division_compose,"histoire, suisse",8
illusion-d-optique,division_compose,"illusion, optique",8
images-spatiales,suppression,,8
inegalites,renommage_regroupement,inegalite,8
la-desinformation,renommage_regroupement,desinformation,8
la-foi,renommage_regroupement,foi,8
la-reproduction,renommage_regroupement,reproduction,8
la-voie-lactee-astronomie,division_compose,"voie-lactee, astronomie",8
le-courant-electrique,renommage_regroupement,courant-electrique,8
le-nombre-pi,renommage_regroupement,nombre-pi,8
les-catastrophes-nucleaires,renommage_regroupement,catastrophes-nucleaires,8
les-pays-en-voie-de-developpement,renommage_regroupement,pays-en-voie-de-developpement,8
logique-philosophie,division_compose,"logique, philosophie",8
modelisation-mathematique,suppression,,8
moderation-de-contenu,division_compose,"moderation, contenu",8
neuropsychologie,suppression,,8
neurosciences,renommage_regroupement,neuroscience,8
organismes,suppression,,8
philosophie-ethique,suppression,,8
physique-spatiale,suppression,,8
placebos,suppression,,8
pluton-planete-naine,suppression,,8
pollution-de-l-air,division_compose,"pollution, air",8
probabilites,renommage_regroupement,probabilite,8
questions-d-opinion,division_compose,"questions, opinion",8
resolution-de-problemes,division_compose,"resolutions, probleme",8
respect-de-l-environnement,division_compose,"respect, environnement",8
science-de-la-vie-et-de-la-terre,suppression,,8
suites-mathematiques,suppression,,8
systemes-de-vote,division_compose,"systeme, vote",8
technologie-spaciale,suppression,,8
theorie-des-cordes,division_compose,"theorie, corde",8
vie-en-societe,division_compose,"vie, societe",8
vie-sur-terre,division_compose,"vie, terre",8
annees-lumiere-distance-astronomique,suppression,,7
anthropologie-societe,suppression,,7
apocalypse,suppression,,7
asymetrie-matiere-antimatiere,suppression,,7
bacterie,suppression,,7
brevet,renommage_regroupement,brevets,7
calcul-de-pi,division_compose,"calcul, pi",7
centrale-nucleaire-de-tchernobyl,suppression,,7
co2-atmospherique,suppression,,7
comparaison-de-culture,division_compose,"comparaisons, culture",7
conflit,renommage_regroupement,conflits,7
droite-politique,division_compose,"droite, politique",7
elements-chimiques-specifiques,suppression,,7
engagement-ecologique,suppression,,7
environnement-et-developpement-durable,division_compose,"environnement, developpement-durable",7
esperance-de-vie,renommage_regroupement,vie,7
ethique-de-recherche,division_compose,"ethique, recherche",7
expansion-de-l-espace-temps,suppression,,7
exploration-de-la-lune,division_compose,"exploration, lune",7
exploration-spatiale-de-la-nasa,division_compose,"exploration-spatiale, nasa",7
fonctionnement-du-cerveau,suppression,,7
histoire-des-humains,division_compose,"histoire, humains",7
infections-virales,suppression,,7
information-scientifique,suppression,,7
interaction-homme-environnement,suppression,,7
interpretation,suppression,,7
iss,suppression,,7
jeux-de-hasard,division_compose,"jeux, hasard",7
l-avenir-du-monde,division_compose,"avenir, monde",7
la-reproduction-humaine,renommage_regroupement,reproduction-humaine,7
les-marees,renommage_regroupement,marees,7
livres-de-science-fiction,division_compose,"livres, science-fiction",7
marche-du-travail,division_compose,"marches, travail",7
materiaux-radioactifs,suppression,,7
media,renommage_regroupement,medias,7
mesure-du-temps,division_compose,"mesure, temps",7
nombre,renommage_regroupement,nombres,7
noyau-terrestre,suppression,,7
pandemie-de-covid19,suppression,,7
politique-climatique,suppression,,7
pollinisation,suppression,,7
portance-aerodynamique,suppression,,7
previsions-meteo,suppression,,7
progres-humain,suppression,,7
reactions-chimiques,suppression,,7
ressource-naturelle,renommage_regroupement,ressources-naturelles,7
scenarios-de-voyage-dans-le-temps,division_compose,"voyage, temps",7
science-du-cerveau,division_compose,"sciences, cerveau",7
sciences-de-la-sante,division_compose,"sciences, sante",7
securite-des-donnees,division_compose,"securite, donnees",7
sida,suppression,,7
sites-internet-de-questions-reponses,division_compose,"sites-internet, questions-reponses",7
sondage-statistique,suppression,,7
stations-spatiales,suppression,,7
technologie-du-futur,division_compose,"technologies, futur",7
technologie-quantique,suppression,,7
temps-dimension,suppression,,7
theoreme-des-nombres-premiers,renommage_regroupement,nombres-premiers,7
types-d-etoiles,suppression,,7
vaccination-covid-19,suppression,,7
videos,renommage_regroupement,video,7
vols,renommage_regroupement,vol,7
voyager-1-sonde-spatiale,suppression,,7
voyager-2-sonde-spatiale,suppression,,7
accidents-nucleaires-civils,suppression,,6
animaux-en-voie-de-disparition,suppression,,6
annee-lumiere,suppression,,6
arts,renommage_regroupement,art,6
atterrissage,suppression,,6
avancee-scientifique,suppression,,6
brulures-et-combustion,suppression,,6
chiffres-decimaux,suppression,,6
chimie-biologie,division_compose,"chimie, biologie",6
chimpanzes,suppression,,6
civilisation-humaine,suppression,,6
colonisation-lunaire,suppression,,6
comete,suppression,,6
communication-animale,suppression,,6
concept-philosophique-lie-au-temps,suppression,,6
concepts-mathematiques,division_compose,"concepts, mathematiques",6
conditions-environnementales,suppression,,6
conflit-en-ukraine,division_compose,"conflits, ukraine",6
consommation-de-carburant,division_compose,"consommation, carburants",6
consommation-denergie,suppression,,6
constructeurs-automobiles,suppression,,6
debats,renommage_regroupement,debat,6
democratie-en-france,division_compose,"democratie, france",6
developpeur-informatique,division_compose,"developpeur, informatique",6
disparition-des-abeilles,renommage_regroupement,disparition,6
droit-international-des-droits-de-l-homme,division_compose,"droit-international, droit, homme",6
droit-international-public,suppression,,6
echelle-des-temps-geologiques,suppression,,6
economie-d-entreprise,division_compose,"economie, entreprises",6
ecosystemes,suppression,,6
election-presidentielle,renommage_regroupement,elections-presidentielles,6
energies-fossiles,suppression,,6
enigmes-mathematiques,division_compose,"enigmes, mathematiques",6
entropie-physique,renommage_regroupement,physique,6
environnement-et-societe,division_compose,"environnement, societe",6
eruptions-volcaniques,suppression,,6
estimation,suppression,,6
etudes-demographiques,suppression,,6
evolution-de-la-technologie,division_compose,"evolution, technologies",6
evolutionisme,suppression,,6
exoplanetologie,suppression,,6
experiences-scientifiques,suppression,,6
films-de-science-fiction,division_compose,"films, science-fiction",6
geologie-historique,suppression,,6
geometrie-des-cercles,division_compose,"geometrie, cercles",6
gestion-de-crise,suppression,,6
gestion-des-ressources-en-eau,division_compose,"gestion, ressources, eau",6
gravity,suppression,,6
groupes-de-personnes,division_compose,"groupes, personne",6
guerre-en-ukraine,division_compose,"guerre, ukraine",6
histoire-de-la-russie,division_compose,"histoire, russie",6
idee-philosophique,renommage_regroupement,idees-philosophiques,6
ideologie-politique,renommage_regroupement,ideologies-politiques,6
information-publique,suppression,,6
isotopes-radioactifs,suppression,,6
iter,suppression,,6
l-espece-animal,renommage_regroupement,espece-animal,6
l-histoire-de-l-egypte-ancienne,division_compose,"histoire, egypte-ancienne",6
l-intelligence,renommage_regroupement,intelligence,6
la-ceinture-d-asteroides,suppression,,6
la-confiance,renommage_regroupement,confiance,6
la-perception,renommage_regroupement,perception,6
la-respiration,suppression,,6
la-vie-extraterrestre,renommage_regroupement,vie-extraterrestre,6
la-vie-quotidienne,renommage_regroupement,vie-quotidienne,6
lancement-astronautique,suppression,,6
les-trous-noir,suppression,,6
les-voyages-spaciaux,suppression,,6
logiciel,renommage_regroupement,logiciels,6
lois-du-mouvement-de-newton,suppression,,6
lois-universelles,suppression,,6
mathematique-et-philosophie,division_compose,"mathematiques, philosophie",6
micro-biologie,renommage_regroupement,biologie,6
mission-sur-mars,renommage_regroupement,mars,6
modeles-cosmologiques,suppression,,6
mutation-genetique,suppression,,6
neant,suppression,,6
neptune-planete,suppression,,6
neutrinos,suppression,,6
nombre-d-or,division_compose,"nombres, or",6
nombres-reels,suppression,,6
onu,suppression,,6
organisation-mondiale-de-la-sante-oms,suppression,,6
paradoxe,suppression,,6
physique-planetaire,suppression,,6
planetologie,suppression,,6
politique-en-france,division_compose,"politique, france",6
prix-de-l-energie,division_compose,"prix, energie",6
problemes-sociaux,suppression,,6
production-industrielle,suppression,,6
progres-de-la-science,division_compose,"progres, sciences",6
recherche-et-developpement,division_compose,"recherche, developpement",6
recyclage-du-plastique,division_compose,"recyclage, plastique",6
reptiles,suppression,,6
risque-technologique,suppression,,6
sanctions-economiques,suppression,,6
sante-et-nutrition,division_compose,"sante, nutrition",6
science-animale,suppression,,6
science-des-materiaux-et-ingenieries,division_compose,"sciences, materiaux, ingenierie",6
science-et-societe,division_compose,"sciences, societe",6
sciences-biologiques,renommage_regroupement,science-biologique,6
sciences-de-la-mer,division_compose,"sciences, mer",6
sciences-medicales,suppression,,6
serie-infinie,suppression,,6
solutions-au-rechauffement-de-la-planete,division_compose,"solutions, rechauffement, planetes",6
solutions-d-energie-renouvelable,division_compose,"solutions, energie-renouvelable",6
sondes-spatiales,suppression,,6
sports,renommage_regroupement,sport,6
systemes-solaires,renommage_regroupement,systeme-solaire,6
technologie-sans-fil,suppression,,6
theories-quantiques,suppression,,6
traitement-de-l-information,division_compose,"traitements, information",6
verification-des-faits,division_compose,"verification, fait",6
vih,suppression,,6
vision-du-monde,division_compose,"vision, monde",6
vitesse-de-liberation,suppression,,6
2022,suppression,,5
abiogenese,suppression,,5
action-pour-le-climat,division_compose,"action, climats",5
activite-physique,division_compose,"activite, physique",5
adam-et-eve-personnages-bibliques,suppression,,5
aliens,suppression,,5
alunissage,suppression,,5
animaux-terrestres,suppression,,5
antarctique,suppression,,5
archeologie-prehistorique,suppression,,5
arguments-et-argumentation,suppression,,5
astrophysique-des-hautes-energies,suppression,,5
atome-physique-quantique,suppression,,5
attaque-nucleaire,suppression,,5
atterrisages-sur-la-lune,suppression,,5
besoins-humains,suppression,,5
betelgeuse,suppression,,5
biologie-cellulaire,suppression,,5
biologie-moleculaire,suppression,,5
bord-de-l-univers,suppression,,5
calcul-mental,suppression,,5
catastrophe-de-tchernobyl,division_compose,"catastrophes, tchernobyl",5
catastrophe-environnementale,renommage_regroupement,catastrophes-environnementales,5
causalite,suppression,,5
cern-organisation,suppression,,5
changement-du-climat,division_compose,"changement, climats",5
chauve-souris,suppression,,5
chimie-des-materiaux,division_compose,"chimie, materiaux",5
citation-academique,suppression,,5
conflits-au-moyen-orient,division_compose,"conflits, moyen-orient",5
conservation-de-l-environnement,division_compose,"conservation, environnement",5
consommation-responsable,suppression,,5
credibilite-de-l-information,division_compose,"credibilite, information",5
cycles-naturels,suppression,,5
democratie-en-suisse,division_compose,"democratie, suisse",5
demographie-humaine,suppression,,5
derive-des-continents,division_compose,"derive, continents",5
detection-d-objets,suppression,,5
dette-gouvernementale,suppression,,5
developpement-de-l-enfant,division_compose,"developpement, enfants",5
developpement-humain,suppression,,5
differences-et-similitudes,division_compose,"difference, similitudes",5
dimension-espace-temps,suppression,,5
distance-physique-et-mathematiques,renommage_regroupement,mathematiques,5
division-par-zero,suppression,,5
domination,suppression,,5
droits-d-auteur,division_compose,"droit, auteurs",5
droits-de-propriete-intellectuelle,division_compose,"droit, propriete-intellectuelle",5
eau-potable,suppression,,5
echelle,suppression,,5
ecologie-humaine,suppression,,5
economie-durable,suppression,,5
effet-papillon,suppression,,5
effets-du-rechauffement-de-la-planete,division_compose,"effet, rechauffement, planetes",5
effets-negatifs,suppression,,5
electron,renommage_regroupement,electrons,5
elements-du-tableau-periodique,suppression,,5
energie-infinie,suppression,,5
enseignement-des-sciences,division_compose,"enseignement, sciences",5
eolienne,renommage_regroupement,eoliennes,5
eruption-volcanique,suppression,,5
eruptions-solaires,suppression,,5
especes-eteintes,suppression,,5
etats-de-la-matiere,division_compose,"etat, matiere",5
etudes-de-recherche,division_compose,"etudes, recherche",5
evenements-d-actualite,division_compose,"evenement, actualites",5
evenements-d-extinction,division_compose,"evenement, extinction",5
evenements-scientifiques,suppression,,5
experiences-de-pensee,division_compose,"experience, pensee",5
explications-pour-enfants,division_compose,"explications, enfants",5
exploitation-miniere,suppression,,5
exploration-humaine-sur-mars,suppression,,5
explosion-nucleaire,renommage_regroupement,explosions-nucleaires,5
finances,renommage_regroupement,finance,5
forme-geometrie,suppression,,5
formules-scientifiques,suppression,,5
fukushima,suppression,,5
fusion-des-elements-chimiques,division_compose,"fusion, elements-chimiques",5
galaxies-spirales,suppression,,5
gauche,suppression,,5
geothermie,suppression,,5
gestion-des-entreprises,division_compose,"gestion, entreprises",5
glaciologie,suppression,,5
grandes-puissances-mondiales,suppression,,5
grippe,suppression,,5
histoire-de-l-alimentation,division_compose,"histoire, alimentation",5
histoire-de-l-electricite,division_compose,"histoire, electricite",5
histoire-de-la-religion,division_compose,"histoire, religion",5
histoire-du-calcul,division_compose,"histoire, calcul",5
histoire-du-xxe-siecle,suppression,,5
hominides,suppression,,5
immortalite,suppression,,5
industrie-spatiale,suppression,,5
influence-sociale,suppression,,5
informations,renommage_regroupement,information,5
informatique-general,suppression,,5
innovation-scientifique,suppression,,5
intelligence-artificielle-generale,suppression,,5
interaction-elementaire,suppression,,5
joe-biden-homme-politique,suppression,,5
l-esprit-humain,renommage_regroupement,esprit-humain,5
l-helium,renommage_regroupement,helium,5
l-humain-et-les-animaux,division_compose,"humains, animaux",5
l-informatique-quantique,renommage_regroupement,informatique-quantique,5
l-innovation,renommage_regroupement,innovation,5
l-intelligence-artificielle,renommage_regroupement,intelligence-artificielle,5
l-islam,renommage_regroupement,islam,5
la-guerre-froide,renommage_regroupement,guerre-froide,5
la-lumiere,renommage_regroupement,lumiere,5
la-realite,renommage_regroupement,realite,5
le-dioxyde-de-carbone,suppression,,5
le-moyen-orient,renommage_regroupement,moyen-orient,5
le-paranormal,renommage_regroupement,paranormal,5
liquides,suppression,,5
lumiere-artificielle,suppression,,5
masse-negative,suppression,,5
mecanique-newtonienne,suppression,,5
mecanismes,suppression,,5
medias-communication,suppression,,5
menaces,suppression,,5
mesures-de-temperature,division_compose,"mesure, temperatures",5
metaux-precieux,suppression,,5
metaux-rares,suppression,,5
microscopie,suppression,,5
montagnes,suppression,,5
moteur-a-combustion-interne,suppression,,5
moteurs-thermiques,suppression,,5
mouvements,renommage_regroupement,mouvement,5
mythes,renommage_regroupement,mythe,5
nombres-complexes,suppression,,5
nombres-de-fibonacci,division_compose,"nombres, fibonacci",5
opinions-politiques,division_compose,"opinion, politique",5
optique-quantique,suppression,,5
partis-politiques,suppression,,5
pays-developpes,suppression,,5
perception-sensorielle-et-spatiale,suppression,,5
pfizer-entreprise,suppression,,5
phenomene-geologique,suppression,,5
phenomenes-climatiques,suppression,,5
philosophie-de-l-economie,division_compose,"philosophie, economie",5
phylogenetique,suppression,,5
physiologie-animale,suppression,,5
physique-de-rayonnement,suppression,,5
physique-fondamentale,suppression,,5
planetaire,suppression,,5
plaques-tectoniques,suppression,,5
politique-de-la-suisse,division_compose,"politique, suisse",5
pollution-plastique,suppression,,5
popularite,suppression,,5
premiere-guerre-mondiale,suppression,,5
previsions-meteorologiques,suppression,,5
principes-fondamentaux,suppression,,5
propagation,suppression,,5
propulsion,suppression,,5
psychologie-et-comportement-humain,division_compose,"psychologie, comportement-humain",5
publication-academique,suppression,,5
puissance-de-calcul,division_compose,"puissance, calcul",5
pyramides-d-egypte,renommage_regroupement,egypte,5
raisonnement,suppression,,5
raisonnement-logique,suppression,,5
rarete-des-ressources,division_compose,"rarete, ressources",5
rayonnement-de-hawking,suppression,,5
realite-simulee,suppression,,5
recherche-universitaire,suppression,,5
referendums,suppression,,5
referentiel,suppression,,5
reforme-politique,division_compose,"reforme, politique",5
relations-de-travail,suppression,,5
religion-et-croyance,division_compose,"religion, croyance",5
rencontres-extra-terrestres,suppression,,5
resolution-de-problemes-en-mathematiques,division_compose,"resolutions, probleme, mathematiques",5
robots,suppression,,5
sable,suppression,,5
sante-des-animaux,division_compose,"sante, animaux",5
sante-des-yeux,division_compose,"sante, yeux",5
scenario-d-effondrement,suppression,,5
scenarios-futurs,renommage_regroupement,scenario-futur,5
science-environnementale,suppression,,5
science-et-ethique,division_compose,"sciences, ethique",5
sciences-sociales,suppression,,5
societe-francaise,suppression,,5
sociologie-de-la-culture,division_compose,"sociologie, culture",5
sociologie-de-la-religion,division_compose,"sociologie, religion",5
spectre-politique,suppression,,5
suite-de-fibonacci,suppression,,5
surface,suppression,,5
symetrie-en-physique,division_compose,"symetrie, physique",5
systeme-fiscal,suppression,,5
systeme-immunitaire,suppression,,5
systeme-metrique,suppression,,5
tardigrade,suppression,,5
techniques-scientifiques,suppression,,5
theorie-des-probabilites,division_compose,"theorie, probabilite",5
theorie-du-langage-de-programmation,division_compose,"theorie, langage, programmation",5
theorie-economique,suppression,,5
traitement-des-dechets,division_compose,"traitements, dechets",5
transfert-d-energie,suppression,,5
univers-paralleles,suppression,,5
vitesse-maximale,suppression,,5
vitesse-supraluminique,suppression,,5
2025,suppression,,4
abstention,suppression,,4
accidents-et-incidents-d-aviation,division_compose,"accidents, incident, aviation",4
action-de-causer-et-causalite,suppression,,4
actions-humaines,suppression,,4
adhesion-a-l-otan,suppression,,4
aeronautique-et-astronautique,division_compose,"aeronautique, astronautique",4
aleatoire,suppression,,4
algorithmes-numeriques,suppression,,4
analyse-des-donnees,division_compose,"analyse, donnees",4
animaux-disparus,suppression,,4
annihilation-physique,suppression,,4
anomalies-scientifiques,suppression,,4
anthropocene,suppression,,4
antropologie,suppression,,4
apiculture,suppression,,4
apprendre-les-langages-de-programmation,suppression,,4
approximations,suppression,,4
arbres-plantes,suppression,,4
archives-et-archivage,suppression,,4
articles-scientifiques,suppression,,4
azote,suppression,,4
baisse-du-taux-de-natalite,suppression,,4
bien-et-mal,suppression,,4
biologie-chimique,suppression,,4
biologie-medicale,suppression,,4
biomecanique,suppression,,4
brevet-d-invention,division_compose,"brevets, invention",4
brexit,suppression,,4
calcul-du-temps,division_compose,"calcul, temps",4
capitalisme,suppression,,4
carbone-element,suppression,,4
censure-sur-quora,division_compose,"censure, quora",4
chaleur-et-temperature,division_compose,"chaleur, temperatures",4
changement-de-regime,suppression,,4
changement-technologique,suppression,,4
chats,suppression,,4
chronologie,suppression,,4
code-informatique,renommage_regroupement,informatique,4
colonisation-europeenne,suppression,,4
colonisation-spatiale,suppression,,4
comparaison-des-animaux,division_compose,"comparaisons, animaux",4
competences-en-programmation-informatique,suppression,,4
competences-techniques,suppression,,4
comportement-des-oiseaux,division_compose,"comportement, oiseaux",4
comportements-sur-internet,division_compose,"comportement, internet",4
concepts-majeurs-en-physique,division_compose,"concepts-majeurs, physique",4
conductivite,suppression,,4
connaissance-du-monde,division_compose,"connaissances, monde",4
conseils-aux-entrepreneurs,renommage_regroupement,conseils,4
conseils-business,suppression,,4
consequences-de-la-disparition-des-abeilles,division_compose,"consequences, disparition",4
conspirations,suppression,,4
constante-de-gravitation,suppression,,4
coran,suppression,,4
couleur-de-la-peau,suppression,,4
couleurs,renommage_regroupement,couleur,4
creation-humaine,suppression,,4
crimes-de-guerre-et-criminels,division_compose,"crimes, guerre, criminels",4
cro-magnon-premiers-humains-europeens-modernes,suppression,,4
debats-politiques,suppression,,4
dechets-plastiques,suppression,,4
decimales,suppression,,4
demonstration-mathematiques,division_compose,"demonstrations, mathematiques",4
determination,suppression,,4
developpement-de-medicaments,renommage_regroupement,developpement,4
developpeurs-python,suppression,,4
discussion,suppression,,4
discussion-en-ligne,suppression,,4
distances,renommage_regroupement,distance,4
droit-de-vote,division_compose,"droit, vote",4
droit-du-travail,division_compose,"droit, travail",4
droits-de-la-femme,division_compose,"droit, femme",4
droits-des-animaux,division_compose,"droit, animaux",4
dualite,suppression,,4
echecs,renommage_regroupement,echec,4
eclipse-solaire,suppression,,4
economie-d-energie,division_compose,"economie, energie",4
economie-internationale,suppression,,4
effets-psychologiques,suppression,,4
effondrement,suppression,,4
egalite-des-sexes,renommage_regroupement,egalite,4
election-presidentielle-francaise-2022,suppression,,4
elections-aux-etats-unis-d-amerique,division_compose,"elections, etats-unis, ameriques",4
elections-en-france,division_compose,"elections, france",4
electorat,suppression,,4
energie-chimique,suppression,,4
energie-cinetique,suppression,,4
energies-renouvelables,renommage_regroupement,energie-renouvelable,4
engagement-citoyen,suppression,,4
equations-de-terrain-d-einstein,division_compose,"equations, terrain, einstein",4
espace-interstellaire,suppression,,4
especes-rares,suppression,,4
etymologie,suppression,,4
europe-de-l-est,renommage_regroupement,europe,4
evaporation-des-trous-noirs,renommage_regroupement,trous-noirs,4
experience-utilisateur,suppression,,4
extinction-humaine-via-la-frappe-d-asteroides,suppression,,4
extinction-massive,suppression,,4
extraction-miniere,suppression,,4
faisabilite,suppression,,4
flux-magnetique,suppression,,4
force-electromagnetique,renommage_regroupement,forces-electromagnetiques,4
forme-des-planetes,division_compose,"forme, planetes",4
formule-de-calcul,division_compose,"formules, calcul",4
futur-du-monde,division_compose,"futur, monde",4
galilee,suppression,,4
gaz-hydrogene,suppression,,4
geantes-gazeuses,suppression,,4
genealogie,suppression,,4
genealogie-genetique,suppression,,4
genes,suppression,,4
geologie-structurale,suppression,,4
gestion-d-entreprise,division_compose,"gestion, entreprises",4
gestion-de-la-faune,division_compose,"gestion, faune",4
gestion-du-temps,division_compose,"gestion, temps",4
grossesse,suppression,,4
guerison,suppression,,4
hemisphere-nord,suppression,,4
histoire-de-l-art,division_compose,"histoire, art",4
histoire-de-l-aviation,division_compose,"histoire, aviation",4
histoire-de-la-biologie-de-l-evolution,division_compose,"histoire, biologie, evolution",4
histoire-de-la-palestine,division_compose,"histoire, palestine",4
histoire-des-techniques,division_compose,"histoire, technique",4
histoire-du-moyen-orient,division_compose,"histoire, moyen-orient",4
histoire-et-philosophie-des-sciences,division_compose,"histoire, philosophie, sciences",4
hydrodynamique,suppression,,4
hypocrisie,suppression,,4
induction-electromagnetisme,suppression,,4
industrie-aerospatiale,suppression,,4
infections,suppression,,4
ingenierie-genetique,suppression,,4
ingenieurie-des-materiaux,suppression,,4
interaction-lumiere-matiere,suppression,,4
interet,suppression,,4
intrication-quantique,suppression,,4
inventions,renommage_regroupement,invention,4
inversion-du-champ-magnetique-terrestre,renommage_regroupement,champ-magnetique-terrestre,4
islande,suppression,,4
james-clerk-maxwell-physicien,suppression,,4
jesus-historique,suppression,,4
jeux-de-reflexion,division_compose,"jeux, reflexion",4
journalistes,suppression,,4
justice-sociale,suppression,,4
l-entrepreneuriat,renommage_regroupement,entrepreneuriat,4
l-eternite,suppression,,4
l-oeil-humain,renommage_regroupement,oeil-humain,4
la-charge-electrique,suppression,,4
la-chine,renommage_regroupement,chine,4
la-fertilite,suppression,,4
la-lumiere-infrarouge,suppression,,4
la-propriete-intellectuelle,renommage_regroupement,propriete-intellectuelle,4
la-religion,renommage_regroupement,religion,4
la-spiritualite,renommage_regroupement,spiritualite,4
langage-informatique,division_compose,"langage, informatique",4
langage-mathematique,suppression,,4
langages-de-programmation-web,division_compose,"langage, programmation-web",4
language-de-programmation,suppression,,4
le-big-bang,renommage_regroupement,big-bang,4
le-lune,renommage_regroupement,lune,4
le-monde,renommage_regroupement,monde,4
le-savoir,renommage_regroupement,savoir,4
le-vide-quantique,suppression,,4
le-zero,suppression,,4
les-dimensions,renommage_regroupement,dimensions,4
les-fluides,renommage_regroupement,fluides,4
les-inegalites-mondiales,suppression,,4
les-machines,suppression,,4
les-plantes,renommage_regroupement,plantes,4
les-problemes-mondiaux,renommage_regroupement,problemes-mondiaux,4
les-sciences-naturelles,suppression,,4
limitation-des-ressources,renommage_regroupement,ressources,4
limites,suppression,,4
lobsolescence-programmee,suppression,,4
lois-de-la-nature,division_compose,"loi, nature",4
lutte-contre-le-changement-climatique,suppression,,4
machine,suppression,,4
magnitude-sismologie,suppression,,4
marche-mondial,suppression,,4
materiaux-de-construction,division_compose,"materiaux, construction",4
medecine-scientifique,suppression,,4
memoire-humaine,suppression,,4
meteores-et-meteoroides,suppression,,4
meteorite,renommage_regroupement,meteorites,4
migration-humaine,suppression,,4
modele-janus,suppression,,4
monogamie,suppression,,4
mort-thermique-de-l-univers,suppression,,4
moteurs-electriques,suppression,,4
motivation-personnelle,suppression,,4
mystere,renommage_regroupement,mysteres,4
mythes-et-legendes,division_compose,"mythe, legende",4
natalite,suppression,,4
nationalisme,suppression,,4
navigation-a-voile,division_compose,"navigation, voile",4
nazisme,suppression,,4
nebuleuse,suppression,,4
neurophilosophie,suppression,,4
nombre-atomique,suppression,,4
nombres-positifs,suppression,,4
nuclear-fusion,suppression,,4
objectifs,suppression,,4
objectivite,suppression,,4
ordinateur-physique,division_compose,"ordinateurs, physique",4
organisation-des-nations-unies,division_compose,"organisation, nations-unies",4
ours-polaires,suppression,,4
paix-dans-le-monde,division_compose,"paix, monde",4
paleobiologie,suppression,,4
paleontologie-des-dinosaures,division_compose,"paleontologie, dinosaures",4
paradoxes,suppression,,4
partage-des-connaissances,division_compose,"partage, connaissances",4
performance-economique,suppression,,4
petrole-energie-fossile,suppression,,4
philosophie-morale,suppression,,4
photonics,suppression,,4
photosynthese,suppression,,4
physique-des-particules-experimentale,suppression,,4
physiques,renommage_regroupement,physique,4
pierres-precieuses,suppression,,4
planetes-specifiques-du-systeme-solaire,suppression,,4
plateformes-de-contenu,division_compose,"plateforme, contenu",4
politiciens,suppression,,4
politique-etrangere-des-etats-unis,division_compose,"politique-etrangere, etats-unis",4
politiques-publiques,suppression,,4
pouvoir-d-achat,division_compose,"pouvoir, achat",4
pre-histoire,suppression,,4
presidence-de-la-republique-francaise,suppression,,4
presidents,renommage_regroupement,president,4
pression-atmospherique,suppression,,4
priorite,suppression,,4
probleme-corps-esprit,suppression,,4
proportion,suppression,,4
proprietes-chimiques,suppression,,4
proprietes-de-l-eau,division_compose,"proprietes, eau",4
protection-des-yeux,division_compose,"protection, yeux",4
psychologie-des-animaux,division_compose,"psychologie, animaux",4
puzzles-logiques,suppression,,4
quantum,suppression,,4
questions-de-recherche,division_compose,"questions, recherche",4
recherche-atomique,suppression,,4
recherche-clinique,suppression,,4
refroidissement,suppression,,4
relations-internationales-europeennes,suppression,,4
resolution-de-conflit,division_compose,"resolutions, conflits",4
responsabilite-personnelle,suppression,,4
revolution-technologique,suppression,,4
revolutions-scientifiques,suppression,,4
revues-scientifiques,suppression,,4
risques-de-disparition-de-l-espece-humaine,division_compose,"risques, disparition, espece-humaine",4
sanctions,suppression,,4
sante-reproductive,suppression,,4
sars-coronavirus,suppression,,4
scenario,suppression,,4
science-de-l-ingenierie,division_compose,"sciences, ingenierie",4
science-des-fusees,division_compose,"sciences, fusees",4
sciences-et-metaphysique,division_compose,"sciences, metaphysique",4
sciences-et-philosophie,division_compose,"sciences, philosophie",4
scientifiques-celebres,suppression,,4
scientifiques-des-materiaux,division_compose,"scientifiques, materiaux",4
secteurs-economiques,suppression,,4
securite-internationale,suppression,,4
sens-humain,suppression,,4
situations-d-urgence,division_compose,"situation, urgences",4
societe-moderne,suppression,,4
solutions-mathematiques,division_compose,"solutions, mathematiques",4
sources-d-energies-alternatives,suppression,,4
sources-d-information,suppression,,4
souverainete,suppression,,4
speciation,suppression,,4
spheres-de-dyson,suppression,,4
stockage-de-donnees,suppression,,4
strategie-d-entreprise,division_compose,"strategie, entreprises",4
superintelligence-artificielle,suppression,,4
surconsommation,suppression,,4
surete,suppression,,4
systeme-d-exploitation,division_compose,"systeme, exploitation",4
systeme-de-reference,renommage_regroupement,systeme,4
systeme-gouvernemental,suppression,,4
systeme-moteur,suppression,,4
systeme-parlementaire,suppression,,4
systemes-de-croyance,division_compose,"systeme, croyance",4
tarifs-d-electricite,suppression,,4
technologie-digitale,suppression,,4
technologies-vertes,suppression,,4
telescope-spatial-hubble,suppression,,4
temps-de-travail,division_compose,"temps, travail",4
theorie-de-la-complexite,division_compose,"theorie, complexite",4
theorie-de-la-simulation,division_compose,"theorie, simulation",4
transformation-physique,renommage_regroupement,physique,4
transhumanisme,suppression,,4
unites-de-planck,suppression,,4
universum,suppression,,4
urss,suppression,,4
variables,suppression,,4
vehicules,suppression,,4
visibilite,suppression,,4
vision-des-couleurs,division_compose,"vision, couleur",4
vitesse-de-rotation-de-la-terre,division_compose,"vitesse, rotation, terre",4
vitesse-maximum,suppression,,4
vol-spatial-habite,suppression,,4
volume-physique,division_compose,"volume, physique",4
vulgarisation-scientifique,suppression,,4
xxieme-siecle,suppression,,4
zone-habitable,suppression,,4
accidents-et-blessures,division_compose,"accidents, blessures",3
activite-paranormale-phenomenes-surnaturels,suppression,,3
activite-professionnelle,suppression,,3
activites,renommage_regroupement,activite,3
adolescents-et-adolescence,suppression,,3
agnosticisme,suppression,,3
ailes-d-avion,division_compose,"ailes, avions",3
albert-einstein,suppression,,3
algorithmes-de-graphe,division_compose,"algorithmes, graphes",3
amelioration-personnelle,suppression,,3
amerique-du-sud,division_compose,"ameriques, sud",3
ampoules-electriques,suppression,,3
analyse-spectrale,suppression,,3
anatomie-comparee,suppression,,3
anatomie-neuronale,suppression,,3
animaux-de-compagnie,division_compose,"animaux, compagnie",3
animaux-prehistoriques,suppression,,3
annees-2020,suppression,,3
anthropologie-sociale,suppression,,3
anti-vaccins,suppression,,3
appareils-menagers,suppression,,3
apprendre-la-programmation,suppression,,3
apprentissage-de-l-informatique,division_compose,"apprentissage, informatique",3
arbre-phylogenetique,suppression,,3
arc-en-ciel,suppression,,3
archeologie-antique,suppression,,3
architecture-de-l-egypte-ancienne,division_compose,"architecture, egypte-ancienne",3
architecture-du-processeur,division_compose,"architecture, processeurs",3
architecture-informatique,division_compose,"architecture, informatique",3
arn,suppression,,3
assassinat-politique,division_compose,"assassinats, politique",3
astronomes,suppression,,3
asymetrie,suppression,,3
attraits-touristiques,suppression,,3
automatisation,suppression,,3
autonomie,suppression,,3
autorite-palestinienne,suppression,,3
aviation-militaire,suppression,,3
aviation-supersonique,suppression,,3
avortement,suppression,,3
bacteriologie,suppression,,3
ballons,suppression,,3
banques,suppression,,3
barrages,suppression,,3
batterie,renommage_regroupement,batteries,3
batteries-lithium-ion,suppression,,3
belgique,suppression,,3
besoins-de-base,suppression,,3
biais-cognitif,suppression,,3
big-pharma,suppression,,3
bilan-energetique,suppression,,3
biodiversite-et-environnement,division_compose,"biodiversite, environnement",3
biology,suppression,,3
bombardements,suppression,,3
budget,suppression,,3
budget-de-l-etat,renommage_regroupement,etat,3
calcul-des-variations,suppression,,3
calculs,renommage_regroupement,calcul,3
cameras,suppression,,3
canada,suppression,,3
capacites-cognitives,suppression,,3
captage-et-sequestration-du-carbone-csc,suppression,,3
causes-de-deces,division_compose,"causes, deces",3
champ-electromagnetique,renommage_regroupement,champs-electromagnetiques,3
changement-d-habitudes,renommage_regroupement,changement,3
changement-et-evolution,division_compose,"changement, evolution",3
changements-physiques,suppression,,3
chimie-et-biologie,division_compose,"chimie, biologie",3
choix-politique,division_compose,"choix, politique",3
christianisme-et-judaisme,division_compose,"christianisme, judaisme",3
ciel-nocturne,suppression,,3
circuit-electrique,suppression,,3
classe,suppression,,3
classes,suppression,,3
classification-animale,suppression,,3
client,suppression,,3
collapsologie,suppression,,3
colonisation-des-planete-mars,suppression,,3
combustible,suppression,,3
communication-humaine,suppression,,3
communications-spatiales,suppression,,3
comparaisons-de-langage-de-programmation,division_compose,"comparaisons, langage, programmation",3
comparaisons-de-prix,division_compose,"comparaisons, prix",3
competences-en-programmation,division_compose,"competences, programmation",3
competitivite,suppression,,3
comportement-des-chiens,division_compose,"comportement, chiens",3
comportement-du-consommateur,division_compose,"comportement, consommateur",3
comportements-animaliers,suppression,,3
composants-de-l-atome,renommage_regroupement,atomes,3
comprehension-de-la-science,division_compose,"comprehension, sciences",3
concept-de-philosophie-politique,renommage_regroupement,concepts,3
concept-philosophique,suppression,,3
conception-d-aeronefs,suppression,,3
concepts-politiques,suppression,,3
conditions-de-travail,suppression,,3
confinement,suppression,,3
conflit-militaire,suppression,,3
conflits-armes,suppression,,3
connaissance-de-soi,suppression,,3
conseils-de-programmation-informatique,suppression,,3
conseils-de-sante,division_compose,"conseils, sante",3
conseils-de-securite,division_compose,"conseils, securite",3
consensus,suppression,,3
conservation-de-la-biodiversite,division_compose,"conservation, biodiversite",3
consommateurs,renommage_regroupement,consommateur,3
constante-cosmologique,suppression,,3
construction-de-batiments,division_compose,"construction, batiments",3
contamination,suppression,,3
contenu-sur-quora,division_compose,"contenu, quora",3
contre-intuitif,suppression,,3
conversions-d-unites,suppression,,3
conviction,suppression,,3
coronavirus-general,suppression,,3
corps-et-ame,renommage_regroupement,corps,3
cout-de-la-vie-en-suisse,division_compose,"cout, vie, suisse",3
creativite,suppression,,3
crise-de-l-energie,suppression,,3
crise-ecologique,suppression,,3
crises-economiques,suppression,,3
croyances-superstitieuses,suppression,,3
cruaute,suppression,,3
cryptanalyse,suppression,,3
curiosites,renommage_regroupement,curiosite,3
cybercriminalite,suppression,,3
cycles-de-vie,suppression,,3
datation,suppression,,3
date-de-naissance,renommage_regroupement,date,3
decisions,suppression,,3
decisions-politiques,suppression,,3
decollage-aviation,suppression,,3
defense-planetaire,suppression,,3
definitions-des-mots,division_compose,"definition, mot",3
deforestation,suppression,,3
democratie-moderne,suppression,,3
democratique,suppression,,3
demonstrations-scientifiques,suppression,,3
deplacement-physique,suppression,,3
dernier-ancetre-commun,suppression,,3
desactivation-des-commentaires-sur-quora,division_compose,"commentaire, quora",3
desintegration-radioactive,suppression,,3
developpement-infantile,suppression,,3
diplomatie-et-diplomates,suppression,,3
direction-trajectoire,suppression,,3
dirigeants,suppression,,3
dirigeants-du-monde,renommage_regroupement,monde,3
diversite-genetique,suppression,,3
division-mathematiques,suppression,,3
dommages,suppression,,3
donnees-economiques,suppression,,3
donnees-sur-les-catastrophes-naturelles,division_compose,"donnees, catastrophes-naturelles",3
droit-constitutionnel-des-etats-unis,division_compose,"droit-constitutionnel, etats-unis",3
droit-de-la-famille,division_compose,"droit, famille",3
droit-de-la-guerre,division_compose,"droit, guerre",3
droit-de-la-sante,division_compose,"droit, sante",3
droit-des-employes,division_compose,"droit, employes",3
droit-fiscal,suppression,,3
droit-politique-americain,suppression,,3
dualisme,suppression,,3
duree-de-vie-humaine,renommage_regroupement,duree,3
eau-chimie,division_compose,"eau, chimie",3
eau-minerale,suppression,,3
ecologie-des-populations,division_compose,"ecologie, population",3
econome,suppression,,3
economie-politique,division_compose,"economie, politique",3
education-superieur,suppression,,3
effet-doppler,suppression,,3
effets,renommage_regroupement,effet,3
efficacite-energetique,suppression,,3
electeur,suppression,,3
electronique-physique,division_compose,"electronique, physique",3
elements-naturels,suppression,,3
elevage-animal,suppression,,3
elimination-des-dechets,suppression,,3
ellipses-geometrie,suppression,,3
emission-du-photon,division_compose,"emission, photons",3
encyclopedies,suppression,,3
energie-maremotrice,suppression,,3
energie-sans-fil,suppression,,3
ensemble-vide,suppression,,3
entrainement-alcubierre,suppression,,3
entrepreneuriat-technologique,suppression,,3
entropie,suppression,,3
epanouissement-personnel,suppression,,3
equations-de-maxwell,suppression,,3
equilibre,suppression,,3
equite,suppression,,3
espace-et-temps,division_compose,"espace, temps",3
espace-notion,suppression,,3
especes-envahissantes,suppression,,3
espionnage,suppression,,3
espoir,suppression,,3
ethnologie,suppression,,3
etoiles-a-neutrons,division_compose,"etoiles, neutrons",3
etudes-de-recherche-medicale,division_compose,"etudes, recherche-medicale",3
etudes-de-sciences,division_compose,"etudes, sciences",3
etudes-religieuses,suppression,,3
euro-devise,suppression,,3
evacuations,suppression,,3
evenement-marquant,suppression,,3
evenement-naturel,suppression,,3
expansion-de-l-ue,suppression,,3
experience-paranormale,suppression,,3
experience-professionnelle,suppression,,3
expertise,suppression,,3
experts-en-la-matiere,renommage_regroupement,matiere,3
exploration-sous-marine,suppression,,3
explosifs,suppression,,3
expression-libre,suppression,,3
extraction-d-asteroides,division_compose,"extraction, asteroides",3
fabrication-de-produits,division_compose,"fabrication, produit",3
facteur-de-lorentz,suppression,,3
facteurs-economiques,suppression,,3
faillite,suppression,,3
fausse-science,suppression,,3
fecondite,suppression,,3
figures-geometriques,suppression,,3
filtrage-de-contenu,suppression,,3
finlande,suppression,,3
fiscalite-internationale,suppression,,3
flottabilite,suppression,,3
fluidite,suppression,,3
fonctionnement-du-corps,suppression,,3
forage,suppression,,3
force-de-trainee-physique,suppression,,3
forces-armees-ukrainiennes,suppression,,3
forets,suppression,,3
fosse-des-mariannes,suppression,,3
fourmis,suppression,,3
francais,suppression,,3
frequence-physique,division_compose,"frequence, physique",3
futurologie,suppression,,3
gazaisrael-conflict,suppression,,3
genomes,suppression,,3
geometrie-differentielle,suppression,,3
gestion-de-l-eau,division_compose,"gestion, eau",3
gestion-des-conflits,division_compose,"gestion, conflits",3
gestion-des-ressources-environnementales,suppression,,3
gestion-des-risques,division_compose,"gestion, risques",3
gestion-financiere,suppression,,3
gouvernance-mondiale,suppression,,3
gouvernements-des-grandes-puissances,suppression,,3
grammaire-francaise,suppression,,3
grands-singes,suppression,,3
greta-thunberg,suppression,,3
groupes-religieux,suppression,,3
guerre-du-pacifique-seconde-guerre-mondiale,suppression,,3
guerre-mondiale,suppression,,3
guerres,renommage_regroupement,guerre,3
hasard-statistiques,suppression,,3
histoire-d-internet,division_compose,"histoire, internet",3
histoire-de-famille,division_compose,"histoire, famille",3
histoire-de-l-egypte,division_compose,"histoire, egypte",3
histoire-de-l-ingenierie-electronique,suppression,,3
histoire-de-l-internet,division_compose,"histoire, internet",3
histoire-de-l-islam,division_compose,"histoire, islam",3
histoire-de-l-union-sovietique,division_compose,"histoire, union-sovietique",3
histoire-de-la-bible,division_compose,"histoire, bible",3
histoire-de-la-philosophie,division_compose,"histoire, philosophie",3
histoire-de-la-seconde-guerre-mondiale,division_compose,"histoire, seconde-guerre-mondiale",3
histoire-des-etats-unis-d-amerique,division_compose,"histoire, etats-unis, ameriques",3
histoire-des-idees,division_compose,"histoire, idees",3
histoire-des-nations-unies,division_compose,"histoire, nations-unies",3
histoire-evolutive-des-hominides,suppression,,3
histoire-maritime,suppression,,3
homme-de-neandertal,suppression,,3
homosexualite,suppression,,3
humains-prehistoriques,suppression,,3
hybridation-chimie,suppression,,3
hypotheses-astronomiques,suppression,,3
idealisme,suppression,,3
idees-politiques,suppression,,3
identites,renommage_regroupement,identite,3
image-miroir,suppression,,3
imagerie-par-satellite,suppression,,3
incertitude,suppression,,3
incineration,suppression,,3
indonesie,suppression,,3
industrie-du-diamant,division_compose,"industrie, diamants",3
inegalite-de-genre,division_compose,"inegalite, genre",3
infiniment-petit,suppression,,3
information-confidentielle,suppression,,3
information-du-public,suppression,,3
informatique-theorique,suppression,,3
injustice-sociale,suppression,,3
insecurite,suppression,,3
instrument-de-mesure,renommage_regroupement,instruments-de-mesure,3
integration-europeenne,suppression,,3
investissement-financier,suppression,,3
isolants-electriques,suppression,,3
isotopes,suppression,,3
jeux-de-logique,division_compose,"jeux, logique",3
jumeaux,suppression,,3
juridiction,suppression,,3
l-age-de-la-terre,division_compose,"age, terre",3
l-education-des-enfants,division_compose,"education, enfants",3
l-energie-electrique,renommage_regroupement,energie-electrique,3
l-iles-du-pacifique,renommage_regroupement,iles-du-pacifique,3
l-inconnu,renommage_regroupement,inconnu,3
l-ingenierie-des-energies-renouvelables,division_compose,"ingenierie, energie-renouvelable",3
l-origine-de-l-univers,division_compose,"origines, univers",3
l-utilisation-d-energie,suppression,,3
la-communication,renommage_regroupement,communication,3
la-loi-de-murphy,suppression,,3
la-physique-quantique,renommage_regroupement,physique-quantique,3
la-science-de-la-terre,division_compose,"sciences, terre",3
la-vie-apres-la-mort,renommage_regroupement,vie-apres-la-mort,3
la-vie-artificielle,suppression,,3
la-vie-prehistorique,suppression,,3
laboratoires-de-recherche,division_compose,"laboratoires, recherche",3
langage-humain,suppression,,3
langages-orientes-objet,suppression,,3
le-cosmos,renommage_regroupement,cosmos,3
le-jugement,renommage_regroupement,jugement,3
le-nucleaire,renommage_regroupement,nucleaire,3
le-royaume-uni,renommage_regroupement,royaume-uni,3
leadership,suppression,,3
legitime-defense,suppression,,3
les-athees,suppression,,3
les-attentats-du-11-septembre,renommage_regroupement,attentats-du-11-septembre,3
les-choses-mysterieuses,suppression,,3
les-extraterrestres,renommage_regroupement,extraterrestres,3
les-galaxies,renommage_regroupement,galaxies,3
les-grandes-questions-philosophiques,suppression,,3
les-helices,renommage_regroupement,helices,3
les-maladies-infectieuses,renommage_regroupement,maladies-infectieuses,3
les-musulmans-en-france,division_compose,"musulmans, france",3
les-noirs,suppression,,3
les-nombres,renommage_regroupement,nombres,3
les-personnes,renommage_regroupement,personne,3
les-questions-et-les-reponses,division_compose,"questions, reponses",3
lever-du-soleil,suppression,,3
lexistence-humaine,suppression,,3
loi-universelle-de-la-gravitation,suppression,,3
lois-de-conservation,division_compose,"loi, conservation",3
lois-de-kepler,suppression,,3
longueur-donde,suppression,,3
longueur-physique,renommage_regroupement,physique,3
lumiere-blanche,suppression,,3
lumiere-du-jour,division_compose,"lumiere, jours",3
machine-de-turing,suppression,,3
maladie-d-alzheimer,suppression,,3
maladie-des-radiations,division_compose,"maladies, radiation",3
maladies-neurodegeneratives,suppression,,3
malentendus,suppression,,3
manipulation-de-masse,suppression,,3
marches-boursiers,suppression,,3
marie-curie-scientifique,suppression,,3
masse-corporelle,suppression,,3
materialisme-philosophie,suppression,,3
materiaux-artificiels,suppression,,3
mathematiques-appliquees,suppression,,3
matiere-minerale,suppression,,3
matieres,renommage_regroupement,matiere,3
matieres-premieres,suppression,,3
mecanique-classique,suppression,,3
mecanique-orbitale,suppression,,3
medecin,suppression,,3
medecins,suppression,,3
menace-ecologique,suppression,,3
mensonges-et-mentir,suppression,,3
metabolisme,suppression,,3
metaux-de-terres-rares,renommage_regroupement,metaux,3
methode-experimentale,suppression,,3
methodes-d-apprentissage,division_compose,"methodes, apprentissage",3
microorganisme,suppression,,3
mines,suppression,,3
mobilite,suppression,,3
mode-de-vie,division_compose,"mode, vie",3
modele-operationnel,suppression,,3
modeles-climatiques,suppression,,3
monde-moderne,suppression,,3
moteurs-fusee,suppression,,3
mysteres-du-monde,division_compose,"mysteres, monde",3
nagasaki-japon,suppression,,3
naine-blanche-corps-stellaire,suppression,,3
naissance,suppression,,3
navette-spatiale-americaine,suppression,,3
nombres-composes,suppression,,3
noms-propres,suppression,,3
norvege,suppression,,3
notion-de-vie,suppression,,3
noyau-d-atome,renommage_regroupement,atomes,3
nuages,suppression,,3
objets-inconnus,suppression,,3
ocean-profond,suppression,,3
oceanographie-physique,division_compose,"oceanographie, physique",3
ontologie-philosophie,suppression,,3
orbite-lunaire,suppression,,3
ordinateur-quantique,renommage_regroupement,ordinateurs-quantiques,3
ordinateurs-portables,suppression,,3
organisations-internationales,renommage_regroupement,organisation-internationale,3
origine-des-noms,division_compose,"origines, nom",3
origine-du-monde,division_compose,"origines, monde",3
ouvriers,suppression,,3
ovnis,renommage_regroupement,ovni,3
packaging,suppression,,3
paleontologie-humaine,suppression,,3
panne-de-moteur,division_compose,"panne, moteur",3
papier,suppression,,3
particule-alpha,suppression,,3
particules-subatomiques,suppression,,3
pays-developpees,suppression,,3
pays-europeen,suppression,,3
pays-occidentaux,suppression,,3
pays-pauvres,suppression,,3
periodes-de-temps,renommage_regroupement,temps,3
perspectives-economiques,suppression,,3
pesanteur,suppression,,3
peuples-indigenes,suppression,,3
peur-d-asteroides,division_compose,"peur, asteroides",3
phases-de-la-matiere,suppression,,3
phenomene-surnaturel,suppression,,3
phenomenes-etranges,suppression,,3
phenomenes-quantiques,suppression,,3
philosophie-et-societe,division_compose,"philosophie, societe",3
physiologie-vegetale,suppression,,3
physique-classique,suppression,,3
physique-des-accelerateurs,suppression,,3
physique-des-particules,division_compose,"physique, particules",3
physique-des-solides,division_compose,"physique, solides",3
physique-nucleaire-et-physique-theorique,division_compose,"physique-nucleaire, physique-theorique",3
physique-nucleaire-theorique,suppression,,3
pib,suppression,,3
piratage-informatique-securite,suppression,,3
plateforme-quora,suppression,,3
poids-corporel,suppression,,3
point-de-fusion,suppression,,3
point-de-vue,suppression,,3
politique-au-moyen-orient,division_compose,"politique, moyen-orient",3
politique-comparative,suppression,,3
politique-d-israel,division_compose,"politique, israel",3
politique-de-l-iran,renommage_regroupement,politique,3
politique-de-la-sante,division_compose,"politique, sante",3
politique-energetique-francaise,suppression,,3
pollution-environnementale,suppression,,3
polygamie,suppression,,3
preservation-de-l-environnement,suppression,,3
presidents-francais,suppression,,3
pression-de-l-air,division_compose,"pression, air",3
pression-de-l-eau,division_compose,"pression, eau",3
preuves-empiriques,suppression,,3
prevision,suppression,,3
prevision-economique,suppression,,3
prevoyance,suppression,,3
prise-de-decision,suppression,,3
problemes-insolubles,suppression,,3
procedure-administrative,suppression,,3
production-alimentaire,suppression,,3
programmeurs-informatiques,suppression,,3
propagande-russe,suppression,,3
propriete,renommage_regroupement,proprietes,3
protection-contre-les-radiations,suppression,,3
protection-des-animaux,division_compose,"protection, animaux",3
psychologie-politique,division_compose,"psychologie, politique",3
puissance-mondiale,suppression,,3
qualite-de-vie,division_compose,"qualite, vie",3
quatrieme-dimension,suppression,,3
questionnement-socratique,suppression,,3
questions-curieuses,suppression,,3
questions-de-sondage-et-de-sondage-sur-quora,suppression,,3
race-et-ethnies,division_compose,"race, ethnie",3
rarete-economique,suppression,,3
rationalisme,suppression,,3
rationnalite,suppression,,3
rayonnement-fossile,suppression,,3
rayons-cosmiques,suppression,,3
rayons-laser,suppression,,3
rayons-x-radiation-electro-magnetique,suppression,,3
recherche-climatique,suppression,,3
recherche-d-emploi,division_compose,"recherche, emploi",3
recommandations-de-voyage,suppression,,3
recompenses,suppression,,3
records-du-monde,division_compose,"record, monde",3
refraction,suppression,,3
regulation,suppression,,3
reincarnation,suppression,,3
relation-terre-lune,suppression,,3
relations-interculturelles,suppression,,3
relations-professionnelles,suppression,,3
relations-russo-ukrainiennes,suppression,,3
religion-et-culture,division_compose,"religion, culture",3
religion-et-spiritualite,division_compose,"religion, spiritualite",3
rendement-du-petrole,division_compose,"rendement, petrole",3
repondre-a-des-questions,suppression,,3
representation-decimale-de-pi,suppression,,3
representation-visuelle,suppression,,3
representations,renommage_regroupement,representation,3
requins,suppression,,3
resistance-des-materiaux,suppression,,3
respect-des-personnes,division_compose,"respect, personne",3
respiration,suppression,,3
responsabilite-des-entreprises,division_compose,"responsabilite, entreprises",3
responsabilite-sociale-d-entreprise,division_compose,"responsabilite-sociale, entreprises",3
ressort,suppression,,3
ressources-educatives,suppression,,3
resultats-des-elections,division_compose,"resultats, elections",3
revolution,suppression,,3
richard-feynman-physicien,suppression,,3
roles-et-responsabilites,suppression,,3
russie-pays,suppression,,3
salaries,suppression,,3
sante-de-l-enfant,division_compose,"sante, enfants",3
sante-naturelle,suppression,,3
satellites-artificiels,suppression,,3
scenarios,suppression,,3
science-alimentaire,suppression,,3
science-de-l-information-quantique,renommage_regroupement,sciences,3
science-des-donnees,division_compose,"sciences, donnees",3
science-et-vie,division_compose,"sciences, vie",3
science-moderne,suppression,,3
science-technologie,renommage_regroupement,sciences-technologies,3
sciences-de-la-matiere,division_compose,"sciences, matiere",3
sciences-de-la-nature-et-de-la-vie,suppression,,3
secteur-energetique,suppression,,3
semantique,suppression,,3
sens-des-mots,division_compose,"sens, mot",3
sentiment,renommage_regroupement,sentiments,3
sentiments-et-emotions,division_compose,"sentiments, emotions",3
serie-numerique,suppression,,3
seti-recherche-d-intelligence-extraterrestre,suppression,,3
sexualite-humaine,suppression,,3
simplicite,suppression,,3
simulation-numerique,suppression,,3
singularite-big-bang,suppression,,3
sionisme,suppression,,3
societe-de-surconsommation,renommage_regroupement,societe,3
sommeil,suppression,,3
sources-fiables,suppression,,3
souvenirs-d-enfance,division_compose,"souvenir, enfance",3
spectroscopie-infrarouge,suppression,,3
spheres,suppression,,3
spirale,suppression,,3
sports-d-hiver,renommage_regroupement,sport,3
sports-nautiques,suppression,,3
statistiques-et-probabilites,division_compose,"statistiques, probabilite",3
stereotypes,suppression,,3
sterilisation,suppression,,3
steve-jobs,suppression,,3
strategies-de-jeu,suppression,,3
strategies-politiques,suppression,,3
suicide,suppression,,3
sujets-controverses,suppression,,3
superficie,suppression,,3
sursaut-gamma,suppression,,3
surveillance,suppression,,3
survie-du-plus-apte,suppression,,3
synthese,suppression,,3
systeme-carceral,suppression,,3
systeme-de-lancement-spatial,suppression,,3
systeme-de-numeration-decimale,suppression,,3
systeme-de-production,division_compose,"systeme, production",3
systeme-scolaire,suppression,,3
systemes-d-exploitation,division_compose,"systeme, exploitation",3
taille-de-l-animal,division_compose,"taille, animaux",3
taux-de-criminalite,suppression,,3
taxonomie-des-animaux,division_compose,"taxonomie, animaux",3
techniques-de-laboratoire-en-biologie,division_compose,"technique, laboratoires, biologie",3
techniques-de-survie,suppression,,3
technologie-d-energie-propre,suppression,,3
technologie-energetique,suppression,,3
telephones,suppression,,3
temoignage,suppression,,3
temperature-corporelle,suppression,,3
temps-de-reaction,division_compose,"temps, reaction",3
temps-relativite-restreinte,suppression,,3
tendances-technologiques,suppression,,3
theorie-de-l-esprit,suppression,,3
theories-des-multivers,renommage_regroupement,theorie,3
theories-du-complot-de-la-nasa,suppression,,3
tour-du-monde,suppression,,3
tourisme-spatial,suppression,,3
toutankhamon-pharaon,suppression,,3
toxicite,suppression,,3
transfert-d-energie-sans-fil,suppression,,3
transmission-de-donnees,suppression,,3
transparence,suppression,,3
trappist-1,suppression,,3
travail-physique,division_compose,"travail, physique",3
tsunami,suppression,,3
uranus-planete,suppression,,3
vaches,suppression,,3
valeur-des-produits,suppression,,3
valeurs-humaines,suppression,,3
validite,suppression,,3
vapeur-d-eau,renommage_regroupement,eau,3
vehicule-spatial,suppression,,3
verre,suppression,,3
vibrations-physique,suppression,,3
victimes,suppression,,3
victimes-civiles,suppression,,3
vie-animale,suppression,,3
vie-privee,suppression,,3
villes,renommage_regroupement,ville,3
vitesse-du-son,division_compose,"vitesse, son",3
voiliers,suppression,,3
voiture,renommage_regroupement,voitures,3
voitures-a-hydrogene,division_compose,"voitures, hydrogene",3
vote-electronique,suppression,,3
voyage-en-france,division_compose,"voyage, france",3
voyager-program,suppression,,3
1i-oumuamua,suppression,,2
2020,suppression,,2
2024-annee,suppression,,2
4e-dimension,suppression,,2
Hugo,renommage_regroupement,hugo,2
Morava,renommage_regroupement,morava,2
abondance,suppression,,2
abri-antiatomique,suppression,,2
absence,suppression,,2
absorption,suppression,,2
acces-aux-soins,suppression,,2
accidents-aeriens,suppression,,2
acouphenes,suppression,,2
activites-maritimes,suppression,,2
aeronotique,suppression,,2
agence-spatiale-europeenne-esa,suppression,,2
aide-financiere-aux-etudiants,suppression,,2
aide-humanitaire,suppression,,2
aide-sociale,suppression,,2
algorithmes-d-apprentissage-automatique,suppression,,2
algorithmes-d-optimisation,division_compose,"algorithmes, optimisation",2
alignement,suppression,,2
alimentation-animale,suppression,,2
aliments-et-boissons,division_compose,"aliments, boissons",2
allah,suppression,,2
allemagne-nazie,suppression,,2
alpha-centauri,suppression,,2
alphabet-grec,suppression,,2
alternateurs,suppression,,2
altruisme,suppression,,2
aluminium,suppression,,2
ame-entite-metaphysique,suppression,,2
amerique-du-nord,renommage_regroupement,ameriques,2
amerique-latine,suppression,,2
amour,suppression,,2
ampoules-led,suppression,,2
analyse-combinatoire,suppression,,2
analyse-numerique,suppression,,2
anatomie-et-physiologie,renommage_regroupement,physiologie,2
ancres,suppression,,2
angleterre,suppression,,2
animaux-hybrides,suppression,,2
annees,renommage_regroupement,annee,2
annexion-de-la-crimee,suppression,,2
anomalies,suppression,,2
anthropocentrisme,suppression,,2
anti-capitalisme,suppression,,2
anti-semitisme,suppression,,2
anticapitalisme,suppression,,2
antispecisme,suppression,,2
apartheid,suppression,,2
apesanteur,suppression,,2
apocalypse-christianisme,suppression,,2
apollo-11,suppression,,2
appareils-electriques,suppression,,2
appel-a-l-action,suppression,,2
applications-mobiles,suppression,,2
apprentissage-informel,suppression,,2
architecture-antique,suppression,,2
arguments-et-argumentations,suppression,,2
arithmetique-elementaire,suppression,,2
armes-et-armes-a-feu,division_compose,"armes, feu",2
arnaques,suppression,,2
assemblee-generale-des-nations-unies,suppression,,2
astrologie-occidentale,suppression,,2
astronome,suppression,,2
astrophotographie,suppression,,2
astuces-de-voyage,suppression,,2
atheisme-et-science,division_compose,"atheisme, sciences",2
atmosphere-lunaire,suppression,,2
atome-d-hydrogene,division_compose,"atomes, hydrogene",2
attaque,suppression,,2
atteinte-au-droit-d-auteur,suppression,,2
attentats-du-11-septembre-2001,suppression,,2
attitude-et-reaction,renommage_regroupement,reaction,2
auto-reflexion,suppression,,2
autonomie-energetique,suppression,,2
autoroutes,suppression,,2
avancement-technologique,suppression,,2
averses-de-meteores,suppression,,2
avion-de-chasse,division_compose,"avions, chasse",2
avis-personnel,suppression,,2
baccalaureat-france,suppression,,2
balance-instrument,suppression,,2
balle,suppression,,2
bapteme,suppression,,2
bataillon-azov,suppression,,2
bateaux-a-voile,division_compose,"bateaux, voile",2
bateaux-et-vaisseaux,suppression,,2
beaute-mathematique,suppression,,2
bebes,suppression,,2
benjamin-netanyahu,suppression,,2
besoin,suppression,,2
bienveillance,suppression,,2
bijoux,suppression,,2
bioethique,suppression,,2
biologie-des-oiseaux,division_compose,"biologie, oiseaux",2
blackjack,suppression,,2
blocage-fonctionnalite-de-medias-sociaux,suppression,,2
boeing-777,suppression,,2
bois,suppression,,2
bolivie,suppression,,2
bombes,suppression,,2
borough-royal-de-greenwich,suppression,,2
bruit,suppression,,2
c-langage-de-programmation,suppression,,2
cable,suppression,,2
cables-et-fils,suppression,,2
cadavres,suppression,,2
cafards,suppression,,2
calcul-infinitesimal,suppression,,2
calendrier-gregorien,suppression,,2
calotte-glaciaire,suppression,,2
campagnes-electorales,suppression,,2
candidat-a-la-presidence,suppression,,2
candidats-a-la-presidentielle-americaine,suppression,,2
candidats-politiques,suppression,,2
canon-laser-arme,suppression,,2
canton-de-geneve,suppression,,2
capacite-du-cerveau,division_compose,"capacites, cerveau",2
capacites-du-cerveau-humain,division_compose,"capacites, cerveau-humain",2
caracteristiques,suppression,,2
caracteristiques-physiques,suppression,,2
carbone-14,suppression,,2
carburant-a-l-hydrogene,division_compose,"carburants, hydrogene",2
cendres-poudre,suppression,,2
centimetres,suppression,,2
centrale-thermique,suppression,,2
centre-d-inertie,suppression,,2
champs-d-applications-des-mathematiques,suppression,,2
chance,suppression,,2
changement-radical,suppression,,2
changements-culturels,suppression,,2
chanson-francaise,suppression,,2
chansons,renommage_regroupement,chanson,2
chargement-de-batterie,suppression,,2
chatbot,suppression,,2
chef-d-etat,suppression,,2
chercheurs-d-emploi,division_compose,"chercheurs, emploi",2
chimie-et-science,division_compose,"chimie, sciences",2
chirurgie,suppression,,2
chirurgiens,suppression,,2
choix-politiques,division_compose,"choix, politique",2
cinema-et-television,division_compose,"cinema, television",2
cinematique,suppression,,2
cinetiques,suppression,,2
classification-de-l-information,division_compose,"classification, information",2
cobalt-element,suppression,,2
cocaine,suppression,,2
code-genetique,suppression,,2
cohabitation,suppression,,2
collaboration-en-ligne,suppression,,2
combinaison-mathematique,suppression,,2
combinaison-spatiale,suppression,,2
commerce-en-ligne,suppression,,2
communaute-en-ligne,renommage_regroupement,communautes-en-ligne,2
communaute-internationale,suppression,,2
communication-avec-les-animaux,suppression,,2
compagnies-aeriennes,suppression,,2
comparaison-d-intelligence,division_compose,"comparaisons, intelligence",2
comparaison-des-prix,division_compose,"comparaisons, prix",2
comparaisons-de-salaires,suppression,,2
compilateurs,suppression,,2
complexite-du-temps,division_compose,"complexite, temps",2
complotisme,suppression,,2
comportement-felin,suppression,,2
comportement-humain-sur-internet,division_compose,"comportement-humain, internet",2
composition-du-sol,suppression,,2
comprehension-de-lecture,division_compose,"comprehension, lecture",2
compression,suppression,,2
compte-de-cartes-casino,suppression,,2
concept,renommage_regroupement,concepts,2
concept-academique,suppression,,2
conception-orientee-objet,suppression,,2
concepts-dans-la-philosophie-de-l-esprit,suppression,,2
concepts-en-metaphysique,division_compose,"concepts, metaphysique",2
concile-de-nicee,suppression,,2
concorde,suppression,,2
condensateurs,suppression,,2
conditions-medicales-et-maladies,suppression,,2
conditions-meteorologiques-extremes,suppression,,2
conduite-automobile,suppression,,2
conferences,suppression,,2
confidentialite-des-donnees,division_compose,"confidentialite, donnees",2
configuration-requise-materiel-informatique,suppression,,2
conflit-et-conflits,suppression,,2
conjecture-de-syracuse,suppression,,2
conjectures,suppression,,2
connaitre,suppression,,2
consanguinite,suppression,,2
conscience-des-animaux,division_compose,"conscience, animaux",2
conseil-de-programmation-en-python,division_compose,"conseils, programmation, python",2
conseil-de-securite-des-nations-unies,division_compose,"conseils, securite, nations-unies",2
conseil-medical,suppression,,2
conseils-de-carriere,division_compose,"conseils, carriere",2
conseils-de-conduite,division_compose,"conseils, conduite",2
conseils-de-cuisine,division_compose,"conseils, cuisine",2
conseils-de-recherche-d-emploi,division_compose,"conseils, recherche, emploi",2
conseils-pour-les-vacances,division_compose,"conseils, vacances",2
conseils-pour-voyage-a-l-etranger,division_compose,"conseils, voyage, etrangers",2
consommation-de-masse,suppression,,2
constellation,suppression,,2
constellations,suppression,,2
constructeur-programmation-orientee-objet,suppression,,2
contact-humain,suppression,,2
contacter-des-scientifiques,suppression,,2
contenu-web,suppression,,2
contenus-internet,suppression,,2
contradictions,suppression,,2
contrefacon,suppression,,2
controverse-sur-la-vaccination,division_compose,"controverses, vaccination",2
cooperation-internationale,suppression,,2
corbeaux,suppression,,2
correlations,suppression,,2
cosmologie-de-l-univers-primordial,suppression,,2
cosmologie-inflationniste,suppression,,2
cosmologues,suppression,,2
coucher-de-soleil,suppression,,2
couleurs-vision,suppression,,2
cour-penale-internationale,suppression,,2
courant-continu,suppression,,2
courbure-du-temps,suppression,,2
cours-d-eau,suppression,,2
course-a-la-voile,suppression,,2
covid-19-theories-du-complot-coronavirus,suppression,,2
creation-artistique,suppression,,2
creation-de-produits,division_compose,"creation, produit",2
creation-de-projet,division_compose,"creation, projet",2
creation-litteraire,suppression,,2
creation-logicielle,suppression,,2
creation-sites-internet,suppression,,2
creationnistes,suppression,,2
crimee,suppression,,2
crimes-contre-l-humanite,suppression,,2
crise-humanitaire,suppression,,2
cristallisation,suppression,,2
criteres,suppression,,2
criteres-de-choix,renommage_regroupement,choix,2
critiques-de-films,division_compose,"critique, films",2
croissance-des-plantes,suppression,,2
croute-terrestre,suppression,,2
crucifixion-de-jesus,suppression,,2
cryptographie-quantique,suppression,,2
culture-arabe,suppression,,2
culture-de-la-suisse,division_compose,"culture, suisse",2
culture-et-societe,division_compose,"culture, societe",2
culture-islamique,suppression,,2
cultures,renommage_regroupement,culture,2
curiosite-intellectuelle,suppression,,2
cycle-de-l-eau,suppression,,2
cylindre-forme,suppression,,2
danemark,suppression,,2
darwinisme-social,suppression,,2
datation-par-carbone-14,suppression,,2
debris-spatiaux,suppression,,2
decalage-vers-le-rouge,suppression,,2
deceleration-vitesse,suppression,,2
decisions-d-affaires,renommage_regroupement,affaires,2
decomposition-des-corps,division_compose,"decomposition, corps",2
decryptage,suppression,,2
defaut,suppression,,2
defense-des-animaux,division_compose,"defense, animaux",2
deficit,suppression,,2
defis-culturels,suppression,,2
degradation-de-l-environnement,division_compose,"degradation, environnement",2
demarches-administratives,suppression,,2
demarrage,suppression,,2
demarrer-une-entreprise,suppression,,2
democratie-directe,suppression,,2
democratie-suisse,suppression,,2
demonstration-philosophique,suppression,,2
depression,suppression,,2
des-plans-d-urgence,suppression,,2
desarmement,suppression,,2
desertification,suppression,,2
design,suppression,,2
destin,suppression,,2
destinations-de-reve,suppression,,2
detonation,suppression,,2
dette-de-l-etat,division_compose,"dette, etat",2
dette-exterieure,suppression,,2
dette-francaise,suppression,,2
deuterium-isotope,suppression,,2
deuxieme-loi-de-la-thermodynamique,suppression,,2
developpement-personel,suppression,,2
deviation,suppression,,2
diable,suppression,,2
dialogue,suppression,,2
diamant-synthetique,suppression,,2
diametre,suppression,,2
dictionnaire-francais,suppression,,2
differences-fondamentales,suppression,,2
difficultes-d-exploration,division_compose,"difficulte, exploration",2
diffusion,suppression,,2
dimensions-geometrie,suppression,,2
dimensions-paralleles,suppression,,2
dioxygene,suppression,,2
direction-du-vent,division_compose,"direction, vent",2
disciplines,suppression,,2
discours-et-debat,division_compose,"discours, debat",2
discrimination-raciale,suppression,,2
disparitions,renommage_regroupement,disparition,2
disponibilite,suppression,,2
disques,suppression,,2
distribution-de-l-energie-electrique,division_compose,"distribution, energie-electrique",2
diversite-ethnique,suppression,,2
diy,suppression,,2
doctrine-politique,suppression,,2
documentaires,suppression,,2
documents-historiques,suppression,,2
domaine-scientifique,suppression,,2
domestication,suppression,,2
donbass,suppression,,2
donnee-personnelle,suppression,,2
drogues-illicites,suppression,,2
droit-a-la-vie-privee,renommage_regroupement,droit,2
droit-de-l-entreprise,division_compose,"droit, entreprises",2
droit-europeen,suppression,,2
droit-international-prive,suppression,,2
droit-prive,suppression,,2
droit-suisse,suppression,,2
droits-des-consommateurs,division_compose,"droit, consommateur",2
droits-des-enfants,division_compose,"droit, enfants",2
droits-parentaux,suppression,,2
drones,suppression,,2
durabilite-energetique,suppression,,2
duree-de-vie-de-l-homme,division_compose,"duree, vie, homme",2
eau-de-pluie,renommage_regroupement,eau,2
ebullition,suppression,,2
ecart-entre-nombres-premiers,suppression,,2
echange-thermique,suppression,,2
echanges-d-idees,renommage_regroupement,idees,2
ecologie-comportementale,suppression,,2
econometrie,suppression,,2
economie-africaine,suppression,,2
economie-de-la-sante,division_compose,"economie, sante",2
economie-de-la-suisse,division_compose,"economie, suisse",2
economie-des-transports,division_compose,"economie, transports",2
economies-d-energie,division_compose,"economie, energie",2
ecosysteme-aquatique,suppression,,2
ecrans,suppression,,2
ecriture-de-numeros,renommage_regroupement,ecriture,2
ecriture-manuscrite,suppression,,2
ecrivains,renommage_regroupement,ecrivain,2
educateurs,suppression,,2
education-dans-le-monde,division_compose,"education, monde",2
education-de-la-petite-enfance,suppression,,2
education-en-suisse,division_compose,"education, suisse",2
education-mathematique,suppression,,2
effets-indesirables,suppression,,2
egoisme,suppression,,2
ejection-coronal,suppression,,2
elargissement-de-l-union-europeenne,suppression,,2
electeurs,suppression,,2
election-presidentielle-americaine-2016,suppression,,2
elections-americaines-de-2016,suppression,,2
electrocution,suppression,,2
electrohypersensibilite,suppression,,2
elements-synthetiques,suppression,,2
eleves,suppression,,2
emballage-et-contenant,suppression,,2
emploi-et-carriere,division_compose,"emploi, carriere",2
empreinte-carbone,suppression,,2
endurance,suppression,,2
energie-alimentation,suppression,,2
energie-d-ionisation,suppression,,2
energie-geothermique,suppression,,2
energie-libre,suppression,,2
energie-verte,suppression,,2
enquetes-sur-les-accidents-davion,suppression,,2
ensembles-mathematiques,suppression,,2
entites,suppression,,2
entreprises-francaises,suppression,,2
environnement-de-travail,division_compose,"environnement, travail",2
environnement-marin,suppression,,2
epargne,suppression,,2
epoque-medievale,suppression,,2
epuisement-des-peches,suppression,,2
equateur,suppression,,2
equations-algebriques,suppression,,2
equilibre-thermodynamique,suppression,,2
equipement-de-laboratoire,renommage_regroupement,laboratoires,2
eric-zemmour,suppression,,2
erreur-scientifique,suppression,,2
escalade-de-montagne,suppression,,2
escargots,suppression,,2
eschatologie,suppression,,2
esclavage,suppression,,2
espece-endemique,suppression,,2
esperance,suppression,,2
espionnage-industriel,suppression,,2
essais-en-laboratoire,suppression,,2
estimation-statistiques,suppression,,2
etats-d-esprits,suppression,,2
etats-modifies,suppression,,2
ether,suppression,,2
ether-ethylique,suppression,,2
ethique-animale,suppression,,2
etoiles-filantes,suppression,,2
etudes-bibliques,renommage_regroupement,etude-biblique,2
etudes-superieures-en-france,suppression,,2
etudiants-etrangers,suppression,,2
etudiants-internationaux,suppression,,2
evangile,suppression,,2
evaporation,suppression,,2
evasion-fiscale,suppression,,2
evenement-histoire,division_compose,"evenement, histoire",2
evenements-anciens,suppression,,2
evenements-historiques,renommage_regroupement,evenement-historique,2
evolution-de-la-terre,division_compose,"evolution, terre",2
evolution-du-langage,division_compose,"evolution, langage",2
evolutionnistes,suppression,,2
examens-et-tests,suppression,,2
exception,suppression,,2
exercice-physique,suppression,,2
existence-de-dieu,division_compose,"existence, dieu",2
exobiologie,suppression,,2
exoplanetes-semblables-a-la-terre,suppression,,2
experience-de-mort-imminente,renommage_regroupement,experience,2
experiences-de-reflexion,division_compose,"experience, reflexion",2
experiences-de-sortie-hors-du-corps,suppression,,2
experiences-etranges,suppression,,2
explication,renommage_regroupement,explications,2
explications-pour-novices,suppression,,2
exploration-des-abysses,suppression,,2
exploration-spatiale-privee,suppression,,2
expulsion,suppression,,2
extreme-droite-en-france,division_compose,"extreme-droite, france",2
extreme-gauche,suppression,,2
fabrication-des-medicaments,renommage_regroupement,fabrication,2
facilite,suppression,,2
facteurs-de-succes,division_compose,"facteurs, succes",2
faim,suppression,,2
faits-meconnus,suppression,,2
famines,suppression,,2
fascisme,suppression,,2
fatigue,suppression,,2
faune-africaine,suppression,,2
faune-d-australie,division_compose,"faune, australie",2
feminisme,suppression,,2
femmes,renommage_regroupement,femme,2
fermeture-d-entreprise,suppression,,2
fetes-chretiennes,suppression,,2
fetes-religieuses,suppression,,2
feux-de-forets,renommage_regroupement,feu,2
financement-d-entreprise,division_compose,"financement, entreprises",2
financement-de-projet,division_compose,"financement, projet",2
fiscalite-en-france,division_compose,"fiscalite, france",2
flight,suppression,,2
flocons-de-neige,suppression,,2
flore,suppression,,2
flux-migratoire,suppression,,2
folklore,suppression,,2
fonction-exponentielle,suppression,,2
fonction-zeta-de-riemann,suppression,,2
fonctionnement-cognitif,suppression,,2
fonctions-general,suppression,,2
fonctions-mathematiques,division_compose,"fonctions, mathematiques",2
fortune,suppression,,2
forum-economique-mondial,suppression,,2
fours-a-micro-ondes,suppression,,2
franc-suisse,suppression,,2
fraude-fiscal,suppression,,2
froid-extreme,suppression,,2
frottements,suppression,,2
frustration,suppression,,2
fuite-des-cerveaux,suppression,,2
futur-du-travail,division_compose,"futur, travail",2
gaz-naturel,suppression,,2
geante-rouge,suppression,,2
gel,suppression,,2
generations-futures,suppression,,2
genetique-animale,suppression,,2
geographie-australienne,suppression,,2
geologue,suppression,,2
geometrie-hyperbolique,suppression,,2
gestion-des-finances-personnelles,renommage_regroupement,gestion,2
gestion-des-soins-de-sante,suppression,,2
gestion-du-stress,suppression,,2
gestion-du-tourisme,division_compose,"gestion, tourisme",2
giordano-bruno-philosophe,suppression,,2
glaciation,suppression,,2
gout-esthetique,suppression,,2
gout-personnel,suppression,,2
goutte-de-pluie,suppression,,2
gouvernement-americain,suppression,,2
gouvernement-d-israel,division_compose,"gouvernement, israel",2
grandeur,suppression,,2
grandeurs-physiques,suppression,,2
gratte-ciels,suppression,,2
gravitation-quantique,suppression,,2
gravite-quantique,suppression,,2
groupes-de-musique,division_compose,"groupes, musique",2
groupes-ethniques,suppression,,2
guerre-civile,suppression,,2
guerre-israelo-palestinien,suppression,,2
guerres-civiles,suppression,,2
hackers,suppression,,2
haine,suppression,,2
handicape,suppression,,2
hard-science-fiction,suppression,,2
hasard-et-aleatoire,renommage_regroupement,hasard,2
helicoptere,renommage_regroupement,helicopteres,2
helium-3,suppression,,2
hemisphere-sud,suppression,,2
heures-de-la-journee,renommage_regroupement,heure,2
heures-de-travail,division_compose,"heure, travail",2
histoire-culinaire,suppression,,2
histoire-de-l-afrique-ancienne,suppression,,2
histoire-de-l-agriculture,division_compose,"histoire, agriculture",2
histoire-de-l-allemagne,division_compose,"histoire, allemagne",2
histoire-de-l-urss,renommage_regroupement,histoire,2
histoire-de-la-chretiente,suppression,,2
histoire-de-la-pensee-economique,suppression,,2
histoire-de-la-politique,division_compose,"histoire, politique",2
histoire-de-la-premiere-guerre-mondiale,renommage_regroupement,histoire,2
histoire-de-la-sexualite,division_compose,"histoire, sexualite",2
histoire-du-japon,division_compose,"histoire, japon",2
histoire-du-mathematique,division_compose,"histoire, mathematiques",2
histoire-du-peuple-juif,suppression,,2
histoire-du-web,suppression,,2
histoire-economique-de-france,division_compose,"histoire-economique, france",2
histoire-et-civilisations-de-lantiquite,suppression,,2
histoire-et-science,division_compose,"histoire, sciences",2
histoire-naturelle,suppression,,2
homme-moderne,suppression,,2
hommes,renommage_regroupement,homme,2
homophobie,suppression,,2
honnetete-intellectuelle,suppression,,2
horloges-atomiques,suppression,,2
humanites,renommage_regroupement,humanite,2
humour-francais,suppression,,2
hydrographie,suppression,,2
hygiene-de-vie,division_compose,"hygiene, vie",2
hypothese-de-simulation,division_compose,"hypotheses, simulation",2
idees-de-business,suppression,,2
idees-de-projets,division_compose,"idees, projet",2
idees-de-startup,suppression,,2
iles,suppression,,2
image,renommage_regroupement,images,2
images-etonnantes,suppression,,2
images-satellites,suppression,,2
impact-mondial,suppression,,2
importance,suppression,,2
impot-sur-le-revenu,division_compose,"impots, revenu",2
inclinaison-axiale-astronomie,suppression,,2
inconscience,suppression,,2
inconvenients-de-la-science,renommage_regroupement,sciences,2
indicateurs-economiques,suppression,,2
industrie-manufacturiere,suppression,,2
inegalite-des-revenus,division_compose,"inegalite, revenu",2
inertie,suppression,,2
infectiologie,suppression,,2
infection,suppression,,2
inference-causale,suppression,,2
infiniment-grand,suppression,,2
infinite-general,suppression,,2
influence-culturelle,suppression,,2
influence-de-la-lune-sur-la-terre,division_compose,"influence, lune, terre",2
information-quantique,suppression,,2
infra-rouge,suppression,,2
infrastructure,renommage_regroupement,infrastructures,2
infrastructure-informatique,division_compose,"infrastructures, informatique",2
ingenierie-ancienne,suppression,,2
ingenierie-horlogere,suppression,,2
ingenieurs-logiciel,suppression,,2
ingestion,suppression,,2
injustice,suppression,,2
inovation,suppression,,2
insatisfaction,suppression,,2
instabilite,suppression,,2
installation-de-panneaux-solaires,suppression,,2
institut-d-optique,suppression,,2
insultes,suppression,,2
intelligence artificielle,renommage_regroupement,intelligence-artificielle,2
intelligence-extra-terrestrielle,suppression,,2
intelligence-spatiale,suppression,,2
interaction,suppression,,2
interaction-avec-les-animaux,suppression,,2
interets-economiques,suppression,,2
interrogations,suppression,,2
intervention-divine,suppression,,2
intervention-militaire,suppression,,2
intervention-policiere,suppression,,2
invasion-russe-de-l-ukraine-fevrier-2022,suppression,,2
invasions,suppression,,2
inversion-du-temps,renommage_regroupement,temps,2
invisibilite,suppression,,2
irrationalisme,suppression,,2
irrationalite,suppression,,2
irrigation,suppression,,2
islamistes,suppression,,2
isolation,suppression,,2
j-robert-oppenheimer-physicien,suppression,,2
javascript,suppression,,2
javascript-langage-de-programmation,suppression,,2
jeanne-d-arc,suppression,,2
jerusalem,suppression,,2
jeu-d-echecs,suppression,,2
jeux-d-argent,division_compose,"jeux, argent",2
jeux-de-chance,renommage_regroupement,jeux,2
jeux-de-l-esprit,suppression,,2
jeux-electroniques,suppression,,2
jeux-et-probabilites,division_compose,"jeux, probabilite",2
jeux-informatiques,suppression,,2
jeux-olympiques,suppression,,2
journalisme-scientifique,suppression,,2
judaisme-messianique,suppression,,2
judee,suppression,,2
jugements,renommage_regroupement,jugement,2
jules-verne-auteur,suppression,,2
juridictions-francaises,suppression,,2
justice-internationale,suppression,,2
kiev,suppression,,2
kilogramme-unite-si,suppression,,2
koalas-marsupiaux,suppression,,2
l-ame,suppression,,2
l-anatomie-animale,renommage_regroupement,anatomie-animale,2
l-anthropocentrisme,suppression,,2
l-architecture-des-ordinateurs,division_compose,"architecture, ordinateurs",2
l-avenir-de-la-science,division_compose,"avenir, sciences",2
l-eau-de-mer,division_compose,"eau, mer",2
l-egyptologie-antique,suppression,,2
l-esoterisme,renommage_regroupement,esoterisme,2
l-etre-humain,renommage_regroupement,etre-humain,2
l-histoire-humain,suppression,,2
l-imagination,renommage_regroupement,imagination,2
l-impact-social,renommage_regroupement,impact-social,2
l-importance,suppression,,2
l-industrie-pharmaceutique,renommage_regroupement,industrie-pharmaceutique,2
l-instabilite-politique,renommage_regroupement,politique,2
l-offre-et-la-demande-economie,renommage_regroupement,offre-et-la-demande-economie,2
la-commission-europeenne,suppression,,2
la-connaissance,renommage_regroupement,connaissances,2
la-demographie,renommage_regroupement,demographie,2
la-liberte-d-expression,renommage_regroupement,liberte-d-expression,2
la-linguistique,renommage_regroupement,linguistique,2
la-monnaie,suppression,,2
la-neuroscience-cognitive,suppression,,2
la-nuit,suppression,,2
la-persuasion,suppression,,2
la-quatrieme-dimension,suppression,,2
la-realite-physique,division_compose,"realite, physique",2
la-solution-a-deux-etats,suppression,,2
la-supraconductivite,suppression,,2
la-trinite,suppression,,2
la-vie-humaine,suppression,,2
langage-et-programation,suppression,,2
langages-informatiques,division_compose,"langage, informatique",2
large-hadron-collider-lhc,suppression,,2
laser,renommage_regroupement,lasers,2
lausanne-suisse,suppression,,2
le-bien-le-mal,suppression,,2
le-corps-humains,renommage_regroupement,corps-humains,2
le-cycle-de-la-vie,suppression,,2
le-generateur-electique-tesla,suppression,,2
le-hasard,renommage_regroupement,hasard,2
le-loto,suppression,,2
le-noyau-terrestre,suppression,,2
le-phenomene-paranormal,renommage_regroupement,phenomene-paranormal,2
le-prix,renommage_regroupement,prix,2
le-programme-nucleaire-iranien,suppression,,2
le-ski,suppression,,2
le-sol,suppression,,2
le-surnaturel,suppression,,2
le-vieillissement,renommage_regroupement,vieillissement,2
le-voyage,renommage_regroupement,voyage,2
lecture-critique,suppression,,2
legalite,suppression,,2
legendes-histoire-ou-mythe,suppression,,2
lentille-gravitationnelle,suppression,,2
leptons-du-modele-standard,suppression,,2
les-caracteristiques-physiques,suppression,,2
les-complotistes,suppression,,2
les-comportements-religieux,renommage_regroupement,comportements-religieux,2
les-confin-de-l-univers,suppression,,2
les-couts,renommage_regroupement,cout,2
les-elephants,renommage_regroupement,elephants,2
les-etoiles,renommage_regroupement,etoiles,2
les-francais,suppression,,2
les-humains-en-evolution,division_compose,"humains, evolution",2
les-informations,renommage_regroupement,information,2
les-insectes,renommage_regroupement,insectes,2
les-jours,renommage_regroupement,jours,2
les-medias,renommage_regroupement,medias,2
les-mysteres,renommage_regroupement,mysteres,2
les-oceans,renommage_regroupement,oceans,2
les-ondes,renommage_regroupement,ondes,2
les-ondes-sonores,suppression,,2
les-pays-arabes,suppression,,2
les-pilotes,suppression,,2
les-plus-riches,suppression,,2
les-poles-magnetiques-de-la-terre,suppression,,2
les-populations,renommage_regroupement,population,2
les-problemes-du-monde,division_compose,"probleme, monde",2
les-seniors,suppression,,2
les-sismologues,suppression,,2
les-smartphones,renommage_regroupement,smartphones,2
les-trains,renommage_regroupement,trains,2
les-yeux,renommage_regroupement,yeux,2
liberte-de-choix,division_compose,"liberte, choix",2
liberte-de-religion,division_compose,"liberte, religion",2
libertes-civiles,suppression,,2
libertes-individuelles,suppression,,2
libre-acces,suppression,,2
libye,suppression,,2
licences,renommage_regroupement,licence,2
licenciement,suppression,,2
lieu-d-habitation,suppression,,2
lieux-a-visiter,suppression,,2
limaces,suppression,,2
linguistique-et-litterature,division_compose,"linguistique, litterature",2
litiges-en-matiere-de-brevets,division_compose,"matiere, brevets",2
liu-cixin,suppression,,2
livre,renommage_regroupement,livres,2
livre-de-la-genese,renommage_regroupement,livres,2
livres-de-la-bible,division_compose,"livres, bible",2
livres-educatifs,suppression,,2
lockheed-martin-f-35-lightning-ii,suppression,,2
logique-deductive,suppression,,2
loi-de-gauss-electrostatique,suppression,,2
lois-et-legislations,suppression,,2
longueur,suppression,,2
lorentz-transformations,suppression,,2
lorraine,suppression,,2
loterie,suppression,,2
lourdes,suppression,,2
lumiere-incandescente,suppression,,2
lunes-de-saturne-astronomie,suppression,,2
lutte-contre-le-rechauffement,suppression,,2
macroeconomie,suppression,,2
magnetohydrodynamique,suppression,,2
magnitude,suppression,,2
magnitude-mathematiques-et-physiques,suppression,,2
mahatma-gandhi,suppression,,2
maladies-auditives,suppression,,2
malaysia-airlines,suppression,,2
maldives,suppression,,2
mammiferes-marins,suppression,,2
management-de-qualite,division_compose,"management, qualite",2
manuscrits,suppression,,2
marche-de-l-emploi,division_compose,"marches, emploi",2
marcher-activite,suppression,,2
mariage,suppression,,2
marxisme,suppression,,2
massacres,suppression,,2
masse-atomique,suppression,,2
mathematiques-et-statistiques,division_compose,"mathematiques, statistiques",2
mathematiques-histoire,division_compose,"mathematiques, histoire",2
mathematiques-simples,suppression,,2
mathematques,suppression,,2
matieres-premieres-minerales,suppression,,2
max-planck-physicien,suppression,,2
mecanique-automobile,suppression,,2
mecanique-de-rotation,division_compose,"mecanique, rotation",2
mecanique-spatiale,suppression,,2
medecine-holistique,suppression,,2
medecine-homeopathique,suppression,,2
medecine-humaine,suppression,,2
medecine-moderne,suppression,,2
medecine-traditionnelle-chinoise,suppression,,2
melange-de-couleurs,suppression,,2
mer-mediterranee,suppression,,2
mercure-element,suppression,,2
meridien,suppression,,2
mers,renommage_regroupement,mer,2
mesure-quantique,suppression,,2
metabolisme-biochimie,suppression,,2
meteo-de-l-espace,division_compose,"meteo, espace",2
methode,renommage_regroupement,methodes,2
methodes-d-etude,division_compose,"methodes, etudes",2
methodes-d-etudes,division_compose,"methodes, etudes",2
methodes-de-travail,division_compose,"methodes, travail",2
methodologie-de-recherche,division_compose,"methodologie, recherche",2
microscopie-electronique,suppression,,2
microscopie-optique,suppression,,2
mineralogie-geologie,division_compose,"mineralogie, geologie",2
mineraux-meteorites,suppression,,2
miracle,suppression,,2
missiles,suppression,,2
mode-de-fonctionnement,suppression,,2
modele-de-bohr,suppression,,2
moderateurs,suppression,,2
modifications-genetiques,suppression,,2
module-lunaire-apollo,suppression,,2
moment-cinetique,suppression,,2
moment-etrange,suppression,,2
mondes-paralleles,suppression,,2
mont-everest,suppression,,2
monuments,suppression,,2
mort-de-jesus,suppression,,2
mort-imminente,suppression,,2
moteurs,renommage_regroupement,moteur,2
moteurs-a-essence,division_compose,"moteur, essence",2
moteurs-hybrides,suppression,,2
motifs-visuels,suppression,,2
multivers,suppression,,2
muslim,suppression,,2
mycologie,suppression,,2
mysteres-inexpliques,suppression,,2
mythique,suppression,,2
mythologie-classique,suppression,,2
namibie,suppression,,2
nature-de-la-vie-humaine,renommage_regroupement,nature,2
naturel,suppression,,2
naturopathie,suppression,,2
nazis,suppression,,2
neandertaliens,suppression,,2
neurosciences-medicales,suppression,,2
nom-de-variable,renommage_regroupement,nom,2
nombres-decimaux,suppression,,2
nombres-pairs,suppression,,2
nouvelles-perspectives,suppression,,2
noyau,suppression,,2
numeros-entiers,suppression,,2
nutrition-humaine,suppression,,2
obesite,suppression,,2
objet-de-valeur,suppression,,2
objet-precieux,suppression,,2
objet-volant-non-identifie,renommage_regroupement,objets-volants-non-identifies,2
obscurantisme,suppression,,2
observation-astronomique,suppression,,2
observation-des-oiseaux,division_compose,"observation, oiseaux",2
observations-d-ovni,division_compose,"observation, ovni",2
obstacles,suppression,,2
ocean-atlantique,suppression,,2
ocean-pacifique,suppression,,2
onde-sismique,suppression,,2
ondes-infrarouges,suppression,,2
ondes-sonores,suppression,,2
opinion-generale,suppression,,2
orage,suppression,,2
orbite-geostationnaire,suppression,,2
organisation-du-temps,division_compose,"organisation, temps",2
organisme-unicellulaire,suppression,,2
orientation-personnelle,suppression,,2
orientation-politique,division_compose,"orientation, politique",2
orientation-sexuelle,suppression,,2
origine-des-civilisations,division_compose,"origines, civilisation",2
origine-des-mathematiques,division_compose,"origines, mathematiques",2
orthographe,suppression,,2
ouragans,suppression,,2
ours-animal,suppression,,2
ouvrages-scientifiques,suppression,,2
paleolithique,suppression,,2
paleontologues,suppression,,2
pales-d-eolienne,suppression,,2
panne-informatique,division_compose,"panne, informatique",2
parachutes,suppression,,2
parachutisme,suppression,,2
paradoxe-de-fermi,suppression,,2
paradoxes-philosophiques,suppression,,2
parlements,suppression,,2
particules-elementaires,suppression,,2
pass-sanitaire,suppression,,2
passe,suppression,,2
pathologie,suppression,,2
patience,suppression,,2
patrimoine,suppression,,2
pays-africain,suppression,,2
pays-du-moyen-orient,division_compose,"pays, moyen-orient",2
pays-du-tiers-monde,suppression,,2
pays-musulmans,suppression,,2
pays-neutres,suppression,,2
pecher,suppression,,2
peine-de-mort,suppression,,2
peine-de-prison,division_compose,"peine, prison",2
pensee-logique,suppression,,2
pensee-rationnelle,suppression,,2
pensees-personnelles,suppression,,2
penurie-de-l-eau,renommage_regroupement,eau,2
perfection,suppression,,2
performances-du-materiel-informatique,suppression,,2
performances-sportives,suppression,,2
periode,suppression,,2
periode-historique,suppression,,2
permafrost,suppression,,2
personnages-historiques-francais,suppression,,2
perspectives-sur-la-vie,renommage_regroupement,vie,2
pesticides,suppression,,2
peur-de-mourir,renommage_regroupement,peur,2
phases-lunaires,suppression,,2
philosophes,renommage_regroupement,philosophe,2
philosophie-culture,suppression,,2
philosophie-de-la-religion,division_compose,"philosophie, religion",2
philosophie-de-la-technologie,division_compose,"philosophie, technologies",2
philosophie-et-logique,division_compose,"philosophie, logique",2
photographies,renommage_regroupement,photographie,2
photon-unique,suppression,,2
photos,renommage_regroupement,photo,2
physiologie-du-sport,division_compose,"physiologie, sport",2
physique-des-plasmas,renommage_regroupement,physique,2
physique-et-astronomie,division_compose,"physique, astronomie",2
physique-sciences-d-ingenieur,suppression,,2
physique-subatomique,suppression,,2
pierres-naturelles,suppression,,2
piles-a-combustible,suppression,,2
pilotes-d-avions,renommage_regroupement,avions,2
plages,suppression,,2
plagiat-sur-quora,division_compose,"plagiat, quora",2
planete-mercure,suppression,,2
planete-neuf,suppression,,2
planetes-naines,suppression,,2
planeur,suppression,,2
plante,renommage_regroupement,plantes,2
plantes-psychoactives,suppression,,2
plomb-element,suppression,,2
plongee-sous-marine,suppression,,2
pluie,suppression,,2
plutonium,suppression,,2
plutonium-element-chimique,suppression,,2
politique-au-venezuela,division_compose,"politique, venezuela",2
politique-commerciale,suppression,,2
politique-d-immigration,division_compose,"politique, immigration",2
politique-de-la-palestine,division_compose,"politique, palestine",2
politique-etrangere-de-l-ukraine,division_compose,"politique-etrangere, ukraine",2
politique-etrangere-de-la-russie,division_compose,"politique-etrangere, russie",2
pollution-atmospherique,suppression,,2
pollution-en-orbite-terrestre,suppression,,2
popularite-sociale,suppression,,2
popularite-sur-quora,renommage_regroupement,quora,2
population-musulmane,suppression,,2
position-geographie,suppression,,2
post-humanisme,suppression,,2
poutine,suppression,,2
pouvoir-magique,suppression,,2
pouvoirs-publics,suppression,,2
predation,suppression,,2
predictions-astrologiques,suppression,,2
premier-meridien,suppression,,2
premier-ministre,suppression,,2
premiere-loi-de-la-thermodynamique,suppression,,2
premiers-secours,suppression,,2
premonition,suppression,,2
preparation-aux-catastrophes,suppression,,2
president-des-etats-unis,division_compose,"president, etats-unis",2
president-directeur-general,suppression,,2
presidentielles-americaines,suppression,,2
preuve-de-dieu,division_compose,"preuve, dieu",2
prevention-des-accidents,division_compose,"prevention, accidents",2
priorites-dans-la-vie,renommage_regroupement,vie,2
prix-de-l-essence-et-du-gazole,suppression,,2
prix-de-vente,division_compose,"prix, ventes",2
prix-des-medicaments,renommage_regroupement,prix,2
prix-nobel-en-physique,division_compose,"prix-nobel, physique",2
pro-vaccin,suppression,,2
problemes-de-maths,division_compose,"probleme, maths",2
problemes-de-societe,division_compose,"probleme, societe",2
problemes-du-prix-du-millenaire,division_compose,"probleme, prix, millenaire",2
problemes-economiques,suppression,,2
problemes-oculaires,suppression,,2
procedure-penale,suppression,,2
processus-biologique,suppression,,2
processus-mental,suppression,,2
procrastination,suppression,,2
produits-dangereux,suppression,,2
professeurs,suppression,,2
professions-et-professionnels-medicaux,division_compose,"profession, professionnels-medicaux",2
profitabilite,suppression,,2
programmateurs,suppression,,2
programmation-des-ordinateurs,division_compose,"programmation, ordinateurs",2
programme-spatial-russe,suppression,,2
progres-social,suppression,,2
progres-technique,suppression,,2
projets,renommage_regroupement,projet,2
projets-faits-maison-diy,suppression,,2
propagation-des-coronavirus,suppression,,2
propheties-bibliques,suppression,,2
prosperite,suppression,,2
protection-des-donnees,division_compose,"protection, donnees",2
protection-environnementale,suppression,,2
protection-juridique,suppression,,2
protection-solaire,suppression,,2
protestations,suppression,,2
pseudo-aleatoire,suppression,,2
puissance-economique,suppression,,2
puissances-nucleaire,suppression,,2
pulsars-etoiles,suppression,,2
qualite-de-l-air,division_compose,"qualite, air",2
qualite-des-donnees,division_compose,"qualite, donnees",2
quantite,suppression,,2
question-de-classification,division_compose,"questions, classification",2
question-enfantine,suppression,,2
questions-d-entretien-d-embauche,suppression,,2
questions-de-sante,division_compose,"questions, sante",2
questions-de-securite,division_compose,"questions, securite",2
questions-principales-de-la-philosophie,suppression,,2
quota,suppression,,2
race-et-ethnicite,suppression,,2
radiations-ionisantes,suppression,,2
rassemblement-national,suppression,,2
reaction-physiologique,suppression,,2
recharge-electrique,suppression,,2
recherche-et-developpement-de-vaccins,division_compose,"recherche, developpement, vaccins",2
recherche-mathematique,suppression,,2
recherche-scientifique-et-innovation,division_compose,"recherche-scientifique, innovation",2
recherche-sur-internet,division_compose,"recherche, internet",2
recherche-sur-le-sida,renommage_regroupement,recherche,2
recherches-d-emploi,division_compose,"recherche, emploi",2
recherches-d-emplois,division_compose,"recherche, emploi",2
reconnaissance,suppression,,2
reconstruction,suppression,,2
recrutement,suppression,,2
recuperation,suppression,,2
recuperation-d-informations,renommage_regroupement,information,2
recyclage-des-dechets,division_compose,"recyclage, dechets",2
redaction-scientifique,suppression,,2
reduction-des-depenses,renommage_regroupement,depenses,2
reference,suppression,,2
referendum,suppression,,2
refroidissement-climatique,suppression,,2
refus,suppression,,2
regression,suppression,,2
relation-terre-soleil,suppression,,2
relations-otan-ukraine,suppression,,2
religion-en-france,division_compose,"religion, france",2
remedes-de-sante,division_compose,"remedes, sante",2
remuneration,suppression,,2
rene-descartes,suppression,,2
reparable,suppression,,2
reponse,renommage_regroupement,reponses,2
representativite,suppression,,2
republique-democratique-du-congo,suppression,,2
reputation,suppression,,2
reseaux-electriques,suppression,,2
reseaux-et-telecommunications,suppression,,2
resistance-a-l-air,suppression,,2
resolution-d-equations-polynomiales,renommage_regroupement,resolutions,2
responsabilite-politique,division_compose,"responsabilite, politique",2
ressource-energetique-durable,suppression,,2
retraite,suppression,,2
retroaction,suppression,,2
reussite-scolaire,suppression,,2
revelation,suppression,,2
revenu-mensuel,suppression,,2
richesse-et-pauvrete,division_compose,"richesse, pauvrete",2
rivalite,suppression,,2
rumeurs,suppression,,2
salariat,suppression,,2
sanctions-loi,suppression,,2
sang,suppression,,2
sante-animale,suppression,,2
sante-des-hommes,division_compose,"sante, homme",2
sante-des-personnes-agees,division_compose,"sante, personnes-agees",2
sante-et-activite-physique,renommage_regroupement,sante,2
sante-holistique,suppression,,2
sante-publique-generale,suppression,,2
sante-sexuelle,suppression,,2
satellites-naturels,suppression,,2
satisfaction,suppression,,2
saumon,suppression,,2
saut-en-hauteur,division_compose,"saut, hauteur",2
saut-en-parachute,renommage_regroupement,saut,2
scepticisme-sur-le-changement-climatique,division_compose,"scepticisme, changement-climatique",2
sceptiques,suppression,,2
science-de-la-deduction,renommage_regroupement,sciences,2
science-de-la-vision,division_compose,"sciences, vision",2
science-du-sommeil,renommage_regroupement,sciences,2
science-militaire,suppression,,2
sciences-de-l-education,division_compose,"sciences, education",2
sciences-de-l-ingenieur,suppression,,2
sciences-economiques,suppression,,2
sciences-et-mathematiques,division_compose,"sciences, mathematiques",2
sciences-exactes,suppression,,2
sciences-humaines-et-sociales,suppression,,2
sciences-spirituelles-et-spiritisme,suppression,,2
scientific-method,suppression,,2
seconde,suppression,,2
secret-industriel,suppression,,2
secteur-de-sante,suppression,,2
secteur-financier,suppression,,2
securite-de-l-information,division_compose,"securite, information",2
securite-des-systemes-informatiques,suppression,,2
securite-des-vaccins,division_compose,"securite, vaccins",2
securite-du-transport-aerien,division_compose,"securite, transport-aerien",2
securite-et-defense,division_compose,"securite, defense",2
sel,suppression,,2
selection-sexuelle,suppression,,2
sentiment-de-superiorite,renommage_regroupement,sentiments,2
sentiments-humains,suppression,,2
sequence-de-fibonacci,suppression,,2
sequences-entieres,suppression,,2
sequences-mathematiques,suppression,,2
serie-divergente,suppression,,2
series-et-sequences,suppression,,2
series-televisees,suppression,,2
services-bancaires,suppression,,2
services-de-renseignement,division_compose,"service, renseignement",2
services-de-streaming-en-ligne,suppression,,2
sexe,suppression,,2
sexualite-animale,suppression,,2
silence,suppression,,2
silicium-element,suppression,,2
singularite-technologique,suppression,,2
situation-climatique,suppression,,2
ski,suppression,,2
societe-future,suppression,,2
solar-impulse,suppression,,2
soldats,suppression,,2
soleil-artificiel,suppression,,2
sondage-politique,division_compose,"sondages, politique",2
soudan,suppression,,2
source-de-lumiere,suppression,,2
sous-marins,suppression,,2
spacex,suppression,,2
spaghettification,suppression,,2
specialisation,suppression,,2
specialistes,renommage_regroupement,specialiste,2
speculation,suppression,,2
sportif,suppression,,2
srinivasa-ramanujan-mathematicien-indien,suppression,,2
stagiaires,suppression,,2
star-wars,suppression,,2
statique,suppression,,2
statistique,renommage_regroupement,statistiques,2
statut-juridique,suppression,,2
stimulation-intellectuelle,suppression,,2
stockage-de-l-electricite,suppression,,2
strategie-d-affaires,division_compose,"strategie, affaires",2
strategie-marketing,suppression,,2
strategies-d-investissement,division_compose,"strategie, investissement",2
strategies-pour-les-entreprises,division_compose,"strategie, entreprises",2
streaming,suppression,,2
structure-des-proteines,suppression,,2
structures-cerebrales,suppression,,2
structures-de-donnees,division_compose,"structures, donnees",2
substance-chimique,renommage_regroupement,substances-chimiques,2
substances-hallucinogenes,suppression,,2
substances-toxiques,suppression,,2
sucre,suppression,,2
suede,suppression,,2
suite-arithmetique,renommage_regroupement,suites-arithmetiques,2
sujet-scientifique,suppression,,2
supercalculateurs,suppression,,2
supercontinents,suppression,,2
superpredateurs,suppression,,2
supports-de-donnees,suppression,,2
suppression-de-fichier,suppression,,2
suppression-de-reponse-fonctionnalite-quora,suppression,,2
surface-de-la-terre,renommage_regroupement,terre,2
surmonter-l-echec,suppression,,2
surpopulation-dans-le-monde,division_compose,"surpopulation, monde",2
survivant,suppression,,2
symboles,suppression,,2
symetrie-de-jauge,suppression,,2
syntaxe-langages-de-programmation,suppression,,2
systeme-bancaire-suisse,suppression,,2
systeme-d-etoiles-binaires,suppression,,2
systeme-d-unites-de-planck,suppression,,2
systeme-de-justice-penale,division_compose,"systeme, justice-penale",2
systeme-de-numeration,suppression,,2
systeme-digestif,suppression,,2
systeme-financier,suppression,,2
systeme-francais-de-retraite-par-repartition,suppression,,2
systeme-international-d-unites,suppression,,2
systeme-juridique,suppression,,2
systeme-legislatif-francais,suppression,,2
systeme-nerveux,suppression,,2
systeme-numerique,suppression,,2
systemes-de-commentaires,division_compose,"systeme, commentaire",2
taille-anthropometrie,suppression,,2
taille-du-fichier,division_compose,"taille, fichiers",2
taux-d-evolution,suppression,,2
taux-de-fecondite,suppression,,2
technique-informatique,division_compose,"technique, informatique",2
techniques-de-memoire,division_compose,"technique, memoire",2
technologie-aeronautique,suppression,,2
technologie-ancienne,suppression,,2
technologie-electrique,suppression,,2
technologie-et-societe,division_compose,"technologies, societe",2
technologie-informatique,division_compose,"technologies, informatique",2
technologies-a-venir,suppression,,2
telephones-portables,renommage_regroupement,telephone-portable,2
temperature-du-corps-humain,division_compose,"temperatures, corps-humain",2
tempetes-solaires,suppression,,2
temps-philosophie,division_compose,"temps, philosophie",2
tension-electrique,suppression,,2
termes-et-definitions-mathematiques,suppression,,2
terraformation-de-mars,renommage_regroupement,mars,2
terrain-de-foot,suppression,,2
terre-ronde,suppression,,2
terres-rares,suppression,,2
terrorisme-nucleaire,suppression,,2
test-de-performance,suppression,,2
test-de-turing,suppression,,2
tests-cliniques,suppression,,2
textes-scientifiques,suppression,,2
theisme,suppression,,2
theorie-des-champs,suppression,,2
theorie-des-supercordes,suppression,,2
theorie-du-complot,renommage_regroupement,theories-du-complot,2
theorie-du-tout,suppression,,2
theories-conspirationnistes,suppression,,2
theories-univers,suppression,,2
therapie-genique,suppression,,2
therapies,suppression,,2
thermoregulation,suppression,,2
tigre,suppression,,2
tombes,suppression,,2
tortues,suppression,,2
tournois-d-echecs,suppression,,2
trafic-routier,suppression,,2
traitement-du-cancer,division_compose,"traitements, cancer",2
traitement-du-signal,suppression,,2
traitement-du-signal-numerique,suppression,,2
traitements-naturels,suppression,,2
tranches-d-age,suppression,,2
transformation-culturelle,suppression,,2
transformation-de-systeme,renommage_regroupement,systeme,2
transition-ecologique,suppression,,2
transmission-de-pensee,suppression,,2
transparence-politique,renommage_regroupement,politique,2
transport-ferroviaire,suppression,,2
transport-public,suppression,,2
travel-and-tourism,suppression,,2
tremblements-de-terre,suppression,,2
tribunal,suppression,,2
tricheur,suppression,,2
tritium,suppression,,2
troubles-du-sommeil,suppression,,2
trous-blancs,suppression,,2
trous-de-ver,suppression,,2
trouver-des-solutions,suppression,,2
type-de-donnees,suppression,,2
unification,suppression,,2
unites-de-longueur,suppression,,2
uranium-appauvrie,suppression,,2
utilisateurs-de-quora,suppression,,2
utopie,suppression,,2
vaccin-astrazeneca-oxford-azd1222-covid-19,suppression,,2
valeur-de-la-monnaie,suppression,,2
valeur-economie,suppression,,2
valeurs-morales,suppression,,2
variant-delta,suppression,,2
vegetaux,suppression,,2
vehicules-hybrides,suppression,,2
veille-technologique,suppression,,2
verite-ultime,suppression,,2
vers-de-terre,suppression,,2
versions-de-python,suppression,,2
verticale,suppression,,2
vetements-et-habillements,suppression,,2
vibe coding,renommage_regroupement,vibe-coding,2
vide-spatial,suppression,,2
vie-aquatique,suppression,,2
vie-de-albert-einstein,renommage_regroupement,vie,2
vie-de-jesus,division_compose,"vie, jesus",2
vie-privee-sur-internet,renommage_regroupement,internet,2
vie-sur-mars,division_compose,"vie, mars",2
vieillissement-du-cerveau,division_compose,"vieillissement, cerveau",2
ville-de-geneve,division_compose,"ville, geneve",2
violation-de-regles,suppression,,2
violations-des-droits-de-l-homme,suppression,,2
vision-animale,suppression,,2
visiter-et-voyager-au-perou,suppression,,2
visualisation-de-donnees,division_compose,"visualisation, donnees",2
vivre-au-moyen-age,suppression,,2
voile-integral,suppression,,2
voitures-a-essence,division_compose,"voitures, essence",2
voyage-en-avion,division_compose,"voyage, avions",2
voyage-temporel,suppression,,2
voyages,renommage_regroupement,voyage,2
xxeme-siecle,suppression,,2
zero-nombre,suppression,,2
11-9-attentats-terroristes,suppression,,1
1991,suppression,,1
2015,suppression,,1
2018,suppression,,1
2050,suppression,,1
2100,suppression,,1
21eme-siecle,suppression,,1
35-age,suppression,,1
42,suppression,,1
5g,suppression,,1
6-eme-extinction,suppression,,1
666-nombre,suppression,,1
Gödel,renommage_regroupement,godel,1
IA,renommage_regroupement,ia,1
Informatique,renommage_regroupement,informatique,1
Migration,renommage_regroupement,migration,1
Quora,renommage_regroupement,quora,1
Wordpress,renommage_regroupement,wordpress,1
abandonner-ses-etudes,suppression,,1
abreviations,suppression,,1
abstentionnisme,suppression,,1
abus-de-droit,suppression,,1
acceleration-cosmique,suppression,,1
acceptation-de-soi,suppression,,1
acces-a-internet,suppression,,1
acces-aux-donnees,suppression,,1
accessibilite-numerique,suppression,,1
accessoires-de-voyage,suppression,,1
accessoires-informatique,suppression,,1
accessoires-pour-ordinateur-portable,suppression,,1
accident,renommage_regroupement,accidents,1
accident-industriel,suppression,,1
accord-de-vienne-sur-le-nucleaire-iranien,suppression,,1
accord-ou-desaccord,suppression,,1
accords-commerciaux,suppression,,1
accords-commerciaux-internationaux,suppression,,1
accords-de-libre-echange,suppression,,1
accords-de-paix,suppression,,1
accouplement,suppression,,1
accreditation-academique,suppression,,1
accusation,suppression,,1
achats-affaires,suppression,,1
acier-de-damas,suppression,,1
acquisition,suppression,,1
acquisition-client,suppression,,1
acquisition-de-donnees,renommage_regroupement,donnees,1
acquisition-de-talents,suppression,,1
acronymes,suppression,,1
acteurs-politiques,suppression,,1
action-sociale,suppression,,1
actionnaires,suppression,,1
actions-finances,suppression,,1
actions-humanitaires,suppression,,1
activisme,suppression,,1
activisme-politique,renommage_regroupement,politique,1
activite-artisanale,suppression,,1
activite-cerebrale,suppression,,1
activite-en-ligne,suppression,,1
activites-creatives,suppression,,1
activites-creatrices,suppression,,1
activites-quotidiennes,suppression,,1
activites-rentables,suppression,,1
actualites-du-monde,division_compose,"actualites, monde",1
actualites-internationales,suppression,,1
adages,suppression,,1
adaptations,renommage_regroupement,adaptation,1
addition,suppression,,1
adieux,suppression,,1
administration-fiscale,suppression,,1
administration-publique,suppression,,1
adn-ancien,suppression,,1
adolescents-tout,suppression,,1
adrenalines,suppression,,1
adressage-reseau,suppression,,1
adresses-e-mail,suppression,,1
adversaires,suppression,,1
aerodynamisme,suppression,,1
aerologie,suppression,,1
aeroports,suppression,,1
affaire-roswell,suppression,,1
affaires-criminelles,suppression,,1
affiches-de-film,suppression,,1
affinites-culturelles,suppression,,1
afghanistan,suppression,,1
afrique-du-nord,renommage_regroupement,afrique,1
afrique-du-sud,division_compose,"afrique, sud",1
afrique-francophone,suppression,,1
afrocentrisme,suppression,,1
age-de-pierre,suppression,,1
age-de-vote,division_compose,"age, vote",1
age-du-consentement,suppression,,1
agence-spatiale-federale-russe,suppression,,1
agression,suppression,,1
agressivite,suppression,,1
agriculture-en-afrique,division_compose,"agriculture, afrique",1
agriculture-intensive,suppression,,1
aide-a-domicile,suppression,,1
aide-a-la-personne,suppression,,1
aide-au-developpement,suppression,,1
aide-aux-personnes-demunies,suppression,,1
aide-soignante,suppression,,1
aieux,suppression,,1
aiguille-horlogerie,suppression,,1
aiguilles,suppression,,1
ailes-de-bison,renommage_regroupement,ailes,1
air-comprime,suppression,,1
airbus-a350-xwb,suppression,,1
aircraft,suppression,,1
al-farabi-philosophe,suppression,,1
al-jazeera,suppression,,1
al-qaida,suppression,,1
alain-bauer,suppression,,1
alain-souchon,suppression,,1
alan-turing,suppression,,1
alchimistes,suppression,,1
alerte,suppression,,1
alfred-wegener,suppression,,1
algebre-lineaire-numerique,suppression,,1
algebre-vectorielle,suppression,,1
algerie,suppression,,1
algeriens,suppression,,1
algorithme-de-recherche,division_compose,"algorithmes, recherche",1
algorithme-heuristique,suppression,,1
algorithme-quantique,suppression,,1
algorithmes-d-approximation,renommage_regroupement,algorithmes,1
algorithmes-de-routage,renommage_regroupement,algorithmes,1
ali-khamenei-guide-supreme-de-l-iran,suppression,,1
alimentation-des-oiseaux-sauvages,renommage_regroupement,alimentation,1
alimentation-electrique,suppression,,1
alimentation-en-europe,division_compose,"alimentation, europe",1
alimentation-et-dietetique,suppression,,1
aliments-bizarres,suppression,,1
aliments-sains,suppression,,1
allegations-de-fraude-electorale-de-2020,suppression,,1
allemagne-historique,suppression,,1
allergies-alimentaires,suppression,,1
alliage,suppression,,1
alliages-de-metaux,renommage_regroupement,metaux,1
alliances,suppression,,1
alliances-strategiques,suppression,,1
alligators,suppression,,1
alpes,suppression,,1
alpes-suisses,suppression,,1
alphabet,suppression,,1
alphabet-arabe,suppression,,1
alphabet-hebreu,suppression,,1
alphabet-latin,suppression,,1
alpiniste,suppression,,1
alternative-technologique,suppression,,1
alternatives,suppression,,1
amateurisme,suppression,,1
amateurs,suppression,,1
amazonie,suppression,,1
ambitions-territoriales-espagnoles,suppression,,1
amedeo-avogadro,suppression,,1
amelioration,suppression,,1
amelioration-continue,suppression,,1
amelioration-de-la-vue,suppression,,1
amerique-centrale,suppression,,1
amerique-continent,suppression,,1
amiante,suppression,,1
amitie-homme-femme,suppression,,1
amnesty-international,suppression,,1
amour-et-relation,suppression,,1
ampere,suppression,,1
amplitude,suppression,,1
analogies,suppression,,1
analyse-critique,suppression,,1
analyse-de-film,division_compose,"analyse, films",1
analyse-de-grandes-donnees,suppression,,1
analyse-de-megadonnees,suppression,,1
analyse-de-risque,division_compose,"analyse, risques",1
analyse-des-politiques,division_compose,"analyse, politique",1
analyse-et-critique-litteraire,suppression,,1
analyse-fonctionnelle,suppression,,1
analyse-physico-chimique,suppression,,1
analyse-statistique,suppression,,1
analyse-technique,suppression,,1
ananas,suppression,,1
anarchie,suppression,,1
anciens-chretiens,suppression,,1
ancrage,suppression,,1
ancre,suppression,,1
android-systeme-d-exploitation,suppression,,1
angela-merkel-politicienne-allemande,suppression,,1
anges-gardiens,suppression,,1
anglais-langue,suppression,,1
angle-de-vue,suppression,,1
angles,suppression,,1
angles-interieurs,suppression,,1
angleterre-royaume-uni,suppression,,1
animal-mythique,suppression,,1
animals,suppression,,1
animaux-dangereux,suppression,,1
animaux-et-humains,division_compose,"animaux, humains",1
animaux-invertebres,suppression,,1
animaux-polaires,suppression,,1
anneaux,suppression,,1
annee-2019,suppression,,1
annee-calendrier,suppression,,1
annees-1950,suppression,,1
annees-1960,suppression,,1
annees-1980,suppression,,1
annees-2010,suppression,,1
annees-80,suppression,,1
annees-bisextiles,suppression,,1
annexion,suppression,,1
anniversaires,suppression,,1
annonce,suppression,,1
anomalie,suppression,,1
anomalies-lunaires,suppression,,1
antenne,renommage_regroupement,antennes,1
anthropologie-biologique,suppression,,1
anthropologie-philosophie,division_compose,"anthropologie, philosophie",1
anti-gravite,suppression,,1
antibiotiques,suppression,,1
antiquite-classique,suppression,,1
antiquites-objets,suppression,,1
antisionisme,suppression,,1
antispecistes,suppression,,1
antivol,suppression,,1
anxiete,suppression,,1
appareils,suppression,,1
appareils-apple,suppression,,1
appareils-de-cuisine,renommage_regroupement,cuisine,1
appareils-electromenagers,suppression,,1
appareils-medicaux,suppression,,1
apparence,suppression,,1
apparences-physiques-des-gens,suppression,,1
appartenance,suppression,,1
appel-a-l-aide,suppression,,1
appel-video,suppression,,1
appels-d-urgence,suppression,,1
appetit,suppression,,1
apple,suppression,,1
application-mobile,suppression,,1
application-scientifique,suppression,,1
appreciation-de-l-art,suppression,,1
apprendre-a-programmer,suppression,,1
apprendre-python,suppression,,1
apprentissage-des-adultes,division_compose,"apprentissage, adulte",1
apprentissage-rapide,suppression,,1
approche-de-la-vie,suppression,,1
approximation,suppression,,1
arabe,suppression,,1
arabes,suppression,,1
arabie-saoudite,suppression,,1
arcachon,suppression,,1
arcenciel,suppression,,1
archeologie-sous-marine,suppression,,1
archeometrie,suppression,,1
architect,suppression,,1
architecte,suppression,,1
architecture-ancienne,suppression,,1
architecture-de-processeur,division_compose,"architecture, processeurs",1
architecture-des-processeurs,division_compose,"architecture, processeurs",1
architecture-militaire,suppression,,1
archives-numeriques,suppression,,1
aretes-de-poisson,suppression,,1
argent-liquide,suppression,,1
argent-noir,suppression,,1
argent-publique,suppression,,1
argentine,suppression,,1
argument,suppression,,1
argument-et-argumentation,suppression,,1
arguments-fallacieux,suppression,,1
aristote,suppression,,1
arithmetique-modulaire,suppression,,1
arme-mortelle,suppression,,1
armee-americaine,suppression,,1
armee-populaire-vietnamienne,suppression,,1
armee-suisse,suppression,,1
armement-militaire,suppression,,1
armenie,suppression,,1
armes-a-feu,division_compose,"armes, feu",1
armes-de-poing,suppression,,1
armes-et-guerre,division_compose,"armes, guerre",1
arnaque,suppression,,1
arnaques-en-ligne,suppression,,1
arobase,suppression,,1
arrosage,suppression,,1
art-de-la-guerre,division_compose,"art, guerre",1
art-de-la-vie,division_compose,"art, vie",1
art-du-mensonge,renommage_regroupement,art,1
art-et-civilisation,division_compose,"art, civilisation",1
art-et-culture,division_compose,"art, culture",1
art-photographique,suppression,,1
art-prehistorique,suppression,,1
art-sculpture-peinture,suppression,,1
arte-reseau-de-television,suppression,,1
artefacts,suppression,,1
articles-d-actualite,suppression,,1
artificiel,suppression,,1
artisans,suppression,,1
artiste-chanteuse-francaise,suppression,,1
artistes-francais,suppression,,1
artistes-peintres,suppression,,1
artistes-visuels,suppression,,1
arts-du-spectacle,division_compose,"art, spectacles",1
arts-e-design,suppression,,1
ascenseurs,suppression,,1
ascenseurs-spatiaux,suppression,,1
asexualite,suppression,,1
asie,suppression,,1
asie-du-sud-est,suppression,,1
asie-pacifique,suppression,,1
aspartame,suppression,,1
asphalte-bitume,suppression,,1
assassinat,renommage_regroupement,assassinats,1
assemblee-nationale,suppression,,1
assimilation,suppression,,1
assistance,suppression,,1
assyrie,suppression,,1
asterix-et-obelix,suppression,,1
astro-physics,suppression,,1
astrologues,renommage_regroupement,astrologue,1
astronautes-de-la-nasa,renommage_regroupement,nasa,1
astuces-informatiques,suppression,,1
athletisme,suppression,,1
atlantide,suppression,,1
atome-de-carbone,division_compose,"atomes, carbone",1
attaques-terroristes,suppression,,1
attente,suppression,,1
attitude,suppression,,1
attraction-sexuelle,suppression,,1
attraction-touristique,suppression,,1
attraction-universelle,suppression,,1
attractions-divertissement,suppression,,1
auditions,suppression,,1
augmentation-des-prix,suppression,,1
australopitheques,suppression,,1
autarcie,suppression,,1
auto-reference,suppression,,1
automate-cellulaire,suppression,,1
autopsie,suppression,,1
autoritarisme,suppression,,1
autorite-de-certification,renommage_regroupement,certifications,1
autorites,suppression,,1
autorites-de-regulation,suppression,,1
autorites-sanitaires,suppression,,1
autriche,suppression,,1
avant-coureur,suppression,,1
avant-garde-artistique,suppression,,1
avantage-comparatif,suppression,,1
avantages-et-inconvenients,renommage_regroupement,avantages,1
avertissements,suppression,,1
avertissements-et-mises-en-garde,suppression,,1
aveuglement,suppression,,1
aveugles,suppression,,1
aviation-civile,suppression,,1
aviation-de-chasse,division_compose,"aviation, chasse",1
avion,renommage_regroupement,avions,1
avion-supersonique,suppression,,1
avions-commerciaux,suppression,,1
avions-de-combat,suppression,,1
avions-de-ligne,suppression,,1
avis-et-opinions,suppression,,1
avis-produit,suppression,,1
avis-sur-les-jeux-video,suppression,,1
avoir-confiance-dans-les-institutions,suppression,,1
axe-syntagmatique,suppression,,1
ayurveda,suppression,,1
azote-gazeux,suppression,,1
baccalaureat,suppression,,1
baccalaureat-en-informatique,renommage_regroupement,informatique,1
bachelor-en-applications-informatiques,suppression,,1
baguette-de-pain,suppression,,1
baignade,suppression,,1
baleines,suppression,,1
bali-indonesie,suppression,,1
balle-projectile,suppression,,1
balles-d-armes-a-feu,division_compose,"armes, feu",1
ballistique,suppression,,1
bananes,suppression,,1
bande-dessinee,suppression,,1
bande-dessinee-franco-belge,suppression,,1
bangladesh,suppression,,1
bannissement,suppression,,1
banques-alimentaires,suppression,,1
banquiers,suppression,,1
banquise,suppression,,1
barbares,suppression,,1
barbarie,suppression,,1
bars,suppression,,1
baryum,suppression,,1
base-quotidienne,suppression,,1
bases-de-donnees,suppression,,1
bataille-navale,suppression,,1
batiment,renommage_regroupement,batiments,1
batiment-et-constructeurs-de-pyramides,suppression,,1
baton,suppression,,1
batterie-auto,suppression,,1
batteries-de-telephones-portables,division_compose,"batteries, telephone-portable",1
batteries-de-voitures,division_compose,"batteries, voitures",1
batteries-solaires,suppression,,1
beaute,suppression,,1
beaute-physique,renommage_regroupement,physique,1
belle-sur,suppression,,1
benefices,suppression,,1
benefique,suppression,,1
bengali,suppression,,1
berlin,suppression,,1
beryllium,suppression,,1
besoin-d-aide,suppression,,1
besoins-vitaux,suppression,,1
beton,suppression,,1
beton-et-ciment-materiaux-de-construction,suppression,,1
biais-d-autorites,suppression,,1
biais-humain,suppression,,1
bible-hebraique-ancien-testament,suppression,,1
bien-etre-au-travail,division_compose,"bien-etre, travail",1
bien-vs-mal,suppression,,1
biens-communs,suppression,,1
biere,suppression,,1
biere-artisanale,suppression,,1
bijouterie,suppression,,1
bijoux-anciens,suppression,,1
bijoux-en-argent,renommage_regroupement,argent,1
bilan-comptable,suppression,,1
billets-et-billetterie,suppression,,1
binaire-systeme-numerique,suppression,,1
bio-chimie,suppression,,1
bio-informatique,suppression,,1
bio-ingenierie,suppression,,1
biochimie,suppression,,1
biochimie-neurochimie,suppression,,1
biodiversite-vegetale,suppression,,1
biologie-bacteriologie-microbiologie,suppression,,1
biologie-physiologie-humaine,suppression,,1
biologie-synthetique,suppression,,1
bioluminescence,suppression,,1
biomasse,suppression,,1
biomimetisme,suppression,,1
biophysique,suppression,,1
biospheres,suppression,,1
biotechnologie-medicale,suppression,,1
bipede,suppression,,1
bison,suppression,,1
bit-informatique,suppression,,1
bitcoin,suppression,,1
bits-et-octets,suppression,,1
bitume,suppression,,1
black-mirror-serie-de-tele,suppression,,1
blagues,suppression,,1
blaise-pascal,suppression,,1
blancs,suppression,,1
ble,suppression,,1
blessure-a-la-moelle-epiniere,renommage_regroupement,blessures,1
blessures-par-balle,suppression,,1
blog,suppression,,1
blog-de-niche,suppression,,1
blogging,suppression,,1
blogs,suppression,,1
blues,suppression,,1
bluetooth,suppression,,1
bobine-tesla,suppression,,1
boeing,suppression,,1
boissons-cafeinees,suppression,,1
boissons-gazeuses,suppression,,1
boite,suppression,,1
boites-de-nuit,suppression,,1
bonbons,suppression,,1
bonnes-pratiques,suppression,,1
boson,suppression,,1
boston-dynamics-societe-de-robotique,suppression,,1
botanique-et-horticulture,suppression,,1
boule-de-bowling,suppression,,1
boussoles,suppression,,1
bouteilles-d-eau,suppression,,1
bouteilles-en-plastique,suppression,,1
branches-des-mathematiques,suppression,,1
branches-des-sciences,suppression,,1
brasserie,suppression,,1
bresil,suppression,,1
brian-may-musicien,suppression,,1
bricoleur,suppression,,1
brigitte-macron,suppression,,1
buf,suppression,,1
bug-informatique,suppression,,1
bulgarie,suppression,,1
bulles,suppression,,1
bunker-anti-atomique,suppression,,1
bunkers,suppression,,1
bureaucratie,suppression,,1
burundi,suppression,,1
business-en-afrique,suppression,,1
business-en-france,suppression,,1
but-dans-la-vie,suppression,,1
but-de-la-vie,suppression,,1
c,suppression,,1
c-programmation,suppression,,1
cabane,suppression,,1
cabinets-de-conseil,suppression,,1
cadran-solaire,suppression,,1
cadres-conversationnels,suppression,,1
cadres-de-reference,suppression,,1
cage,suppression,,1
cage-de-faraday,suppression,,1
cahier-des-charges,suppression,,1
caillots-de-sang,suppression,,1
calamites-de-la-nature,suppression,,1
calcul-applique,suppression,,1
calcul-de-capacite,division_compose,"calcul, capacites",1
calcul-de-fractions,suppression,,1
calcul-integral,suppression,,1
calcul-vectoriel,suppression,,1
calculs-astrologiques,suppression,,1
calendrier-chretien,suppression,,1
calendrier-lunaire,suppression,,1
californie-etat,suppression,,1
calories,suppression,,1
camargue,suppression,,1
cambodge,suppression,,1
cameras-video,suppression,,1
cameroun,suppression,,1
camping,suppression,,1
camping-cars,suppression,,1
canards,suppression,,1
cancerogene-chimique,suppression,,1
cancerogenes,suppression,,1
cancerologie,suppression,,1
canicule,suppression,,1
cannabidiol-cbd,suppression,,1
cannabis,suppression,,1
cannabis-medical,suppression,,1
cannes-cote-d-azur-france,suppression,,1
canons-artillerie,suppression,,1
canton-du-valais,suppression,,1
cap-vert,suppression,,1
capacite-d-invisibilite,renommage_regroupement,capacites,1
capacite-mentale,suppression,,1
capillarite,suppression,,1
capital,suppression,,1
capsaicine,suppression,,1
captcha,suppression,,1
captivite,suppression,,1
capture-video,suppression,,1
caracteristiques-et-traits-de-personnalite,suppression,,1
caracteristiques-genetiques,suppression,,1
carl-sagan-astronome-auteur,suppression,,1
carlos-ghosn,suppression,,1
carnivores,suppression,,1
carre-parfait,suppression,,1
carrefour-entreprise,suppression,,1
carres-mathematiques,suppression,,1
carte-du-monde,suppression,,1
carte-graphique-integree,suppression,,1
cartes-geographiques,suppression,,1
cartes-graphiques,suppression,,1
cartesianisme,suppression,,1
cartographie,suppression,,1
cartouche-d-encre,suppression,,1
cas-clinique,suppression,,1
cas-de-violation,suppression,,1
cas-pratique,suppression,,1
casier-judiciaire,suppression,,1
casinos-en-ligne,suppression,,1
casus-belli,suppression,,1
catapulte,suppression,,1
cataracte,suppression,,1
catholic-church,suppression,,1
cause-commune,suppression,,1
cause-et-effet,division_compose,"causes, effet",1
causes-de-maladies-bucco-dentaires,suppression,,1
causes-et-effets-dans-le-domaine-de-la-sante,suppression,,1
causes-sociales,suppression,,1
cbd,suppression,,1
ceinture-de-kuiper,suppression,,1
celebrations-religieuses,suppression,,1
cellules-cerebrales,suppression,,1
cellules-humaines,suppression,,1
censure-politique,division_compose,"censure, politique",1
censure-sur-internet,division_compose,"censure, internet",1
centaure,suppression,,1
centrales-nucleraires,suppression,,1
centrifugation,suppression,,1
centrifugeuse,suppression,,1
centrisme-politique,suppression,,1
cercles-de-lakovsky,suppression,,1
ceremonie-d-ouverture,suppression,,1
certitude,suppression,,1
chaines,suppression,,1
chaines-de-montagnes,suppression,,1
chaines-educatives-youtube,suppression,,1
chameaux,suppression,,1
champignons,suppression,,1
champs-de-bataille,suppression,,1
champs-gravitationnels,renommage_regroupement,champ-gravitationnel,1
champs-magnetiques-permanents-aimants,suppression,,1
changement-de-forme,division_compose,"changement, forme",1
changement-de-phase,suppression,,1
changements,renommage_regroupement,changement,1
changements-dans-la-vie,division_compose,"changement, vie",1
changer-d-avis,suppression,,1
chansons-populaires,suppression,,1
chantage,suppression,,1
chanteuses,suppression,,1
charbon,suppression,,1
charbon-de-bois,suppression,,1
charges-sociales,suppression,,1
chargeurs-de-telephone-portable,suppression,,1
chargeurs-sans-fil,suppression,,1
charlatanisme,suppression,,1
charles-schwab-courtage,suppression,,1
chasseurs,suppression,,1
chat-animal,suppression,,1
chat-gpt,suppression,,1
chauffeurs-de-taxi,suppression,,1
chauvinisme,suppression,,1
chemie,suppression,,1
chemistry,suppression,,1
chenilles,suppression,,1
cherche-d-emploi,suppression,,1
chercher-sur-google,suppression,,1
chercheurs-vih-sida,suppression,,1
chiens-animaux-domestiques,suppression,,1
chiens-de-drogue,division_compose,"chiens, drogues",1
chiens-de-police,renommage_regroupement,chiens,1
chiffre-langage-d-interrogation,suppression,,1
chiffres-significatifs,suppression,,1
chili,suppression,,1
chimie-de-synthese,renommage_regroupement,chimie,1
chimie-inorganique,suppression,,1
chimie-moleculaire,suppression,,1
chimistes,suppression,,1
chinois,suppression,,1
chlorure-de-sodium,suppression,,1
choc-culturel,suppression,,1
choc-surprise,suppression,,1
choix-alimentaire,suppression,,1
choix-de-la-vie,division_compose,"choix, vie",1
choix-de-programme,suppression,,1
choix-de-vie,division_compose,"choix, vie",1
choix-de-vie-responsable,suppression,,1
choix-personnels-dans-des-scenarios-hypothetiques,suppression,,1
cholera,suppression,,1
choque-electrique,suppression,,1
choses-compliquees,suppression,,1
choses-non-vivantes,suppression,,1
christianisme-trinitaire,suppression,,1
christianismes,renommage_regroupement,christianisme,1
christiannisme,suppression,,1
christologie,suppression,,1
christophe-colomb-personnage-historique,suppression,,1
chromosomes,suppression,,1
chromosomes-x-et-y,suppression,,1
chute-d-eau,division_compose,"chute, eau",1
cia,suppression,,1
cible,suppression,,1
ciel,suppression,,1
cinephile,suppression,,1
circoncision,suppression,,1
circoncision-masculine,suppression,,1
circonference,suppression,,1
circulation-monetaire,suppression,,1
cisjordanie-moyen-orient,suppression,,1
citant-des-sources,suppression,,1
citation,renommage_regroupement,citations,1
citations-albert-einstein,suppression,,1
citations-celebres,suppression,,1
citoyen-lambda,suppression,,1
citoyens,suppression,,1
citoyens-americains,suppression,,1
citoyens-non-americains,suppression,,1
civilisation-arabe,suppression,,1
civilisation-egyptienne,suppression,,1
civilisation-greque,suppression,,1
civilisation-intelligente,suppression,,1
civilisation-maya,suppression,,1
civilisation-precolombienne,suppression,,1
civilisations-indigenes,suppression,,1
civilisations-perdues,suppression,,1
civilizations,suppression,,1
classe-programmation,suppression,,1
classe-superieure,suppression,,1
classement-des-pays-par-pib,suppression,,1
classement-mondial-de-la-fide,suppression,,1
classes-en-ligne,suppression,,1
classification-apprentissage-automatique,suppression,,1
classification-binaire,suppression,,1
clauses-de-contrat,suppression,,1
climatisation,suppression,,1
climatosceptiques,suppression,,1
clonage-biologie,suppression,,1
clustering,suppression,,1
cochon-d-inde,suppression,,1
cockpit,suppression,,1
cocon,suppression,,1
codage,suppression,,1
code-de-piratage,suppression,,1
coder,suppression,,1
codes,suppression,,1
codeurs,suppression,,1
coefficient-de-direction,suppression,,1
coefficient-de-gini,suppression,,1
coexistence,suppression,,1
colere,suppression,,1
collecte-de-donnees,suppression,,1
collectionneurs-de-bandes-dessinees,renommage_regroupement,collectionneur,1
collectivites-territoriales,suppression,,1
college,suppression,,1
collines,suppression,,1
collision-inelastique,suppression,,1
colonisation-et-esclavage,renommage_regroupement,colonisation,1
coltan,suppression,,1
combat-naval,suppression,,1
combinaison-des-couleurs,division_compose,"combinaison, couleur",1
combinatoire,suppression,,1
comete-de-halley,suppression,,1
comics-de-dc,suppression,,1
comite-international-olympique,suppression,,1
commandes,suppression,,1
commentaire-de-texte,suppression,,1
commerce-de-marchandises,suppression,,1
commerce-des-esclaves,suppression,,1
commerce-electronique,suppression,,1
commerce-mondial,suppression,,1
commercial,suppression,,1
commission-europeenne,suppression,,1
commune,suppression,,1
communes,suppression,,1
communication-externe,suppression,,1
communication-globale,suppression,,1
communication-interpersonnelle,suppression,,1
communication-marketing,suppression,,1
communication-mediatique,suppression,,1
communication-politique,division_compose,"communication, politique",1
communication-professionnelle,suppression,,1
communication-scolaire,suppression,,1
communications,renommage_regroupement,communication,1
communications-optiques,suppression,,1
communications-satellite,renommage_regroupement,communication-satellite,1
communications-satellites,renommage_regroupement,communication-satellite,1
communistes,suppression,,1
compagnies-aeriennes-low-cost,suppression,,1
compagnies-du-secteur-aeronautique,suppression,,1
comparaison-animale,suppression,,1
comparaison-de-langue,division_compose,"comparaisons, langues",1
comparaison-des-modes-de-vie,division_compose,"comparaisons, mode, vie",1
comparaison-des-pays-et-des-cultures,suppression,,1
comparaison-des-vaccins-covid-19,division_compose,"comparaisons, vaccin-covid-19",1
comparaisons-culturelles,suppression,,1
comparaisons-de-produits-et-services,division_compose,"comparaisons, produit, service",1
comparaisons-de-sites-web,division_compose,"comparaisons, site-web",1
comparaisons-de-villes,division_compose,"comparaisons, ville",1
comparaisons-des-systemes-d-education,division_compose,"comparaisons, systeme, education",1
comparaisons-entre-les-personnes,suppression,,1
compensation-carbone,suppression,,1
competence,renommage_regroupement,competences,1
competences-cognitives,suppression,,1
competition,suppression,,1
complementarite,suppression,,1
complication,suppression,,1
complotiste,suppression,,1
comportement-au-volant,suppression,,1
comportement-auto-destructeur,suppression,,1
comportement-collectif,suppression,,1
comportement-de-l-utilisateur,suppression,,1
comportement-des-insectes,division_compose,"comportement, insectes",1
comportement-feminin,suppression,,1
comportement-irritant,suppression,,1
comportement-masculin,suppression,,1
comportement-non-ethique,suppression,,1
comportement-sur-quora,division_compose,"comportement, quora",1
comportement-violent,suppression,,1
composant,suppression,,1
composants-electroniques,suppression,,1
composes-ioniques,suppression,,1
comprehension-des-autres,suppression,,1
comprehension-des-mathematiques,division_compose,"comprehension, mathematiques",1
comprehension-interculturelle,suppression,,1
comprendre-la-vie,suppression,,1
comprendre-le-christianisme,suppression,,1
comprendre-le-monde,suppression,,1
comprendre-le-soi,suppression,,1
compte-courant,suppression,,1
compte-en-banque,suppression,,1
conception-3d,suppression,,1
conception-automobile,suppression,,1
conception-de-logiciels,division_compose,"conception, logiciels",1
conception-de-projet,division_compose,"conception, projet",1
conception-de-site-web,division_compose,"conception, site-web",1
conception-des-langages-de-programmation,division_compose,"conception, langage, programmation",1
conception-et-ingenierie-de-produits,division_compose,"conception, ingenierie, produit",1
conception-et-programmation,division_compose,"conception, programmation",1
conception-intelligente,suppression,,1
concepts-majeurs-dans-la-religion,division_compose,"concepts-majeurs, religion",1
concepts-majeurs-de-science,division_compose,"concepts-majeurs, sciences",1
concepts-meteorologiques,suppression,,1
concepts-philosophiques-hindous,suppression,,1
concepts-principaux-lies-au-temps,suppression,,1
concessions-automobiles,suppression,,1
conclusion,suppression,,1
concours-eurovision-de-la-chanson,suppression,,1
concurrence,suppression,,1
condescension,suppression,,1
condiments,suppression,,1
conditions-d-admission,suppression,,1
conditions-d-utilisation,suppression,,1
conduction-thermique,suppression,,1
conduite-defensive,suppression,,1
conference-des-parties,suppression,,1
conferences-ted,suppression,,1
conferences-video,suppression,,1
confiance-dans-les-conseils,division_compose,"confiance, conseils",1
confiance-excessive,suppression,,1
confidentialite-des-informations,division_compose,"confidentialite, information",1
confidentialite-internet,suppression,,1
configuration-pc,suppression,,1
confiseries,suppression,,1
conflit-au-travail,division_compose,"conflits, travail",1
conflit-d-interets,renommage_regroupement,conflits,1
conflit-entre-la-russie-et-l-ukraine-2014-16,suppression,,1
conflit-israelo-arabe,suppression,,1
conflits-au-travail,division_compose,"conflits, travail",1
conformite,suppression,,1
confort,suppression,,1
congelation,suppression,,1
conges,suppression,,1
conges-payes,suppression,,1
congres-des-etats-unis,suppression,,1
conjecture-de-goldbach,suppression,,1
conjecture-de-poincare,suppression,,1
connaissance-de-la-vie,division_compose,"connaissances, vie",1
connotations,suppression,,1
conquete-de-territoires,suppression,,1
conscience-artificielle,suppression,,1
conscience-collective,suppression,,1
conscience-et-vie,division_compose,"conscience, vie",1
conseil,renommage_regroupement,conseils,1
conseil-d-administration,suppression,,1
conseil-de-survie,suppression,,1
conseils-a-propos-des-enfants,suppression,,1
conseils-a-son-enfant,suppression,,1
conseils-alimentaires,suppression,,1
conseils-aux-parents,renommage_regroupement,conseils,1
conseils-commerciaux,suppression,,1
conseils-d-achat,division_compose,"conseils, achat",1
conseils-d-apprentissage,division_compose,"conseils, apprentissage",1
conseils-d-argent,division_compose,"conseils, argent",1
conseils-d-ecriture,division_compose,"conseils, ecriture",1
conseils-d-utilisation-quora,suppression,,1
conseils-de-jeux-de-casino,suppression,,1
conseils-de-preparation,suppression,,1
conseils-de-shopping,suppression,,1
conseils-en-entrepreneuriat,division_compose,"conseils, entrepreneuriat",1
conseils-juridiques,suppression,,1
conseils-non-sollicites,suppression,,1
conseils-nutritionnels,suppression,,1
conseils-pour-devenir-un-bon-programmeur,suppression,,1
conseils-pour-ecriture,division_compose,"conseils, ecriture",1
conseils-pour-etudier,suppression,,1
conseils-pour-les-idees-de-startup,suppression,,1
conseils-sur-les-etudes-a-l-etranger,division_compose,"conseils, etudes, etrangers",1
conseils-technologiques,suppression,,1
consequences-de-la-seconde-guerre-mondiale,division_compose,"consequences, seconde-guerre-mondiale",1
conservation-de-l-elan-physique,suppression,,1
conservation-numerique,suppression,,1
consideration-sociale,suppression,,1
consommation-de-nourriture,division_compose,"consommation, nourriture",1
consommation-eco-responsable,suppression,,1
constante-gravitationnelle,suppression,,1
constellations-d-etoiles,renommage_regroupement,etoiles,1
constitution-americaine,suppression,,1
constitution-francaise,suppression,,1
construction-en-terre,division_compose,"construction, terre",1
construction-europeenne,suppression,,1
contenu-digital,suppression,,1
contenu-magnetique,suppression,,1
contestation,suppression,,1
contexte,suppression,,1
contraception-et-controle-des-naissances,suppression,,1
contradictoire,suppression,,1
contrainte,suppression,,1
contrariete,suppression,,1
contraste,suppression,,1
contrat-de-travail,suppression,,1
contre-culture,suppression,,1
contrepoint,suppression,,1
contribuable,suppression,,1
contributeurs-quora,suppression,,1
controle-mental,suppression,,1
convaincre,suppression,,1
convention,suppression,,1
convention-sociale,suppression,,1
convergence-mathematiques,suppression,,1
cookies-de-connexion,suppression,,1
cooking,suppression,,1
cooperation-economique,suppression,,1
cop26,suppression,,1
cora-saint-avold,suppression,,1
corde-outil,suppression,,1
coree-du-sud,suppression,,1
corona,suppression,,1
corps-energies,suppression,,1
corps-noirs-physique,suppression,,1
corps-organique,suppression,,1
corruption-politique,division_compose,"corruption, politique",1
cortex-cerebral,suppression,,1
cosmique,suppression,,1
cosmogonie,suppression,,1
cosmologie-pre-big-bang,suppression,,1
cosmos-serie-tv,suppression,,1
cotation,suppression,,1
couche-d-ozone,suppression,,1
couleur-du-ciel,renommage_regroupement,couleur,1
couples,suppression,,1
cour-internationale-de-justice,suppression,,1
cour-supreme-des-etats-unis,suppression,,1
courant-alternatif,suppression,,1
courants-marins,suppression,,1
courbe-d-apprentissage,suppression,,1
courbe-de-demande,suppression,,1
courbe-de-gauss,suppression,,1
courbes-mathematiques,suppression,,1
courbure-terrestre,suppression,,1
courriel,suppression,,1
cours-boursier,suppression,,1
course-aux-armements,suppression,,1
course-d-endurance,suppression,,1
cout-de-la-formation,division_compose,"cout, formation",1
cout-de-la-vie,division_compose,"cout, vie",1
cout-des-biens-vendus,suppression,,1
cout-des-etudes,division_compose,"cout, etudes",1
cout-du-travail,division_compose,"cout, travail",1
cout-pour-l-entreprise,division_compose,"cout, entreprises",1
couteux,suppression,,1
coutumes-et-traditions,suppression,,1
couvre-feu,suppression,,1
covid-19-en-chine,suppression,,1
createurs-de-contenu,division_compose,"createurs, contenu",1
creation-de-contenu,division_compose,"creation, contenu",1
creation-de-cv,renommage_regroupement,creation,1
creation-de-l-argent,division_compose,"creation, argent",1
creation-des-app,suppression,,1
creation-musicale,suppression,,1
creationnisme-terre-jeune,suppression,,1
creature,renommage_regroupement,creatures,1
creature-du-folklore,renommage_regroupement,creatures,1
creatures-mythologiques,suppression,,1
creche,suppression,,1
credit-bancaire,suppression,,1
credit-suisse,suppression,,1
creer-des-sites-web,suppression,,1
creneau,suppression,,1
cretace,suppression,,1
criminalite-en-ligne,suppression,,1
criminologie-et-justice-penale,division_compose,"criminologie, justice-penale",1
crise-d-eau,suppression,,1
crise-de-l-europe,suppression,,1
crise-de-la-dette-europeenne,suppression,,1
crise-de-regime,suppression,,1
crise-des-migrants,suppression,,1
crise-economique,suppression,,1
crise-environnementale,suppression,,1
crise-existentielle,suppression,,1
crise-migratoire,suppression,,1
crise-mondiale,suppression,,1
crise-petroliere,suppression,,1
crises-de-l-eau,suppression,,1
critere-d-eligibilite,suppression,,1
critique-biblique,suppression,,1
critique-de-la-religion,division_compose,"critique, religion",1
critique-de-livres,division_compose,"critique, livres",1
critique-mediatique,suppression,,1
critique-textuelle,suppression,,1
crm,suppression,,1
croire,suppression,,1
croissance-des-entreprises,suppression,,1
croissance-exponentielle,suppression,,1
croissance-personnelle,suppression,,1
croissance-rapide,suppression,,1
crop-circle,suppression,,1
croyance-en-dieu,division_compose,"croyance, dieu",1
croyance-et-doctrine-religieuses,suppression,,1
croyances-musulmanes,suppression,,1
croyants-religieux,suppression,,1
croyants-religion,suppression,,1
crues-et-inondations,suppression,,1
cryogenisation,suppression,,1
cryptage,suppression,,1
cryptologie,suppression,,1
cryptomonnaie,suppression,,1
csg,suppression,,1
css,suppression,,1
cuirasses,suppression,,1
cuisine-epicee,suppression,,1
cuisine-gastronomique,suppression,,1
cuisine-peruvienne,suppression,,1
cuisine-saine,suppression,,1
cuisson-des-aliments,suppression,,1
culpabilite,suppression,,1
culture-africaine,suppression,,1
culture-alimentaire,suppression,,1
culture-americaine,suppression,,1
culture-amerindienne,suppression,,1
culture-australienne,suppression,,1
culture-caractere-national,suppression,,1
culture-cellulaire,suppression,,1
culture-chinoise,suppression,,1
culture-chretienne,suppression,,1
culture-de-l-espagne,division_compose,"culture, espagne",1
culture-de-la-bolivie,renommage_regroupement,culture,1
culture-de-masse,suppression,,1
culture-des-plantes,division_compose,"culture, plantes",1
culture-europeenne,suppression,,1
culture-hacker,suppression,,1
culture-internet,suppression,,1
culture-romaine,suppression,,1
culture-russe,suppression,,1
culture-scandinave,suppression,,1
cultures-anciennes,suppression,,1
cultures-du-monde,division_compose,"culture, monde",1
curation-de-contenu,suppression,,1
curiosite-mars-rover,suppression,,1
cv,suppression,,1
cyberattaques,suppression,,1
cyberguerre,suppression,,1
cycle-de-l-azote,suppression,,1
cycle-du-sommeil,suppression,,1
cyclisme-de-competition,suppression,,1
cyclisme-sur-route,suppression,,1
cylindre,suppression,,1
dahu,suppression,,1
danger-chimique,suppression,,1
danger-mortel,suppression,,1
dangerosite,suppression,,1
dans-les-montagnes,suppression,,1
data-visualisation,suppression,,1
datation-radiometrique,suppression,,1
dates-historiques,suppression,,1
de-l-origine-des-especes-livre,suppression,,1
de-la-terre-a-la-lune-livre-de-1864,suppression,,1
debats-publics,suppression,,1
debian-gnu-linux,suppression,,1
debit,suppression,,1
debutant,suppression,,1
decadence,suppression,,1
decalage-horaire,suppression,,1
decarbonation,suppression,,1
decennie,suppression,,1
deception,suppression,,1
decibels,suppression,,1
declin-cognitif,suppression,,1
decollage-avion,suppression,,1
decollement-de-la-retine,suppression,,1
decomposition-de-la-matrice,suppression,,1
decorporation,suppression,,1
decouverte-de-medicaments,renommage_regroupement,decouvertes,1
decouverte-et-exploration-du-systeme-solaire,division_compose,"decouvertes, exploration, systeme-solaire",1
decret,suppression,,1
decroissance,suppression,,1
deductions,suppression,,1
defaut-de-paiement-dette,suppression,,1
defauts,suppression,,1
defauts-personnels,suppression,,1
defense-europeenne,suppression,,1
defense-nationale,suppression,,1
deficit-budgetai,suppression,,1
deficit-commercial,suppression,,1
definition-philosophique,suppression,,1
defis-de-programmation,division_compose,"defis, programmation",1
deflation,suppression,,1
deformation,suppression,,1
defragmentation,suppression,,1
degagement,suppression,,1
degre-celsius,suppression,,1
deite,suppression,,1
delit-d-initie,suppression,,1
delits,suppression,,1
delphi-langage-de-programmation,suppression,,1
demande,suppression,,1
demande-d-aide,suppression,,1
demandes-d-aides,suppression,,1
demandeur-d-asile,suppression,,1
demi-vie-radioactivite,suppression,,1
deminage,suppression,,1
demineur,suppression,,1
demission,suppression,,1
demissions,suppression,,1
demolition,suppression,,1
demystifier-la-terre-plate,suppression,,1
dendrologie,suppression,,1
deniers-de-la-science,suppression,,1
densite-de-population,division_compose,"densite, population",1
densite-osseuse,suppression,,1
dents,suppression,,1
denuclearisation,suppression,,1
depannage,suppression,,1
depannage-informatique,renommage_regroupement,informatique,1
dependance-a-la-technologie,division_compose,"dependance, technologies",1
depenses-militaires,suppression,,1
depistage-de-drogues,suppression,,1
depots,suppression,,1
deputes,suppression,,1
dernier-theoreme-de-fermat,suppression,,1
derniere-periode-glaciaire,suppression,,1
derren-brown-mentaliste-anglais,suppression,,1
des-citations,suppression,,1
des-gens-inspirants,suppression,,1
desaccord-et-desaccords,suppression,,1
desactivation,suppression,,1
desalinisation,suppression,,1
descendance,suppression,,1
descente-graduelle,suppression,,1
desert-d-atacama,suppression,,1
desert-du-sahara,renommage_regroupement,desert,1
design-automobile,suppression,,1
design-de-produit,renommage_regroupement,produit,1
desinformation-propagandiste,suppression,,1
desintegration,suppression,,1
desirs,suppression,,1
desordre-chaos,suppression,,1
dessein,suppression,,1
dessin,suppression,,1
destabilisation,suppression,,1
destin-humain,suppression,,1
destinations-de-vacances,suppression,,1
destruction-de-la-couche-d-ozone,suppression,,1
detecteurs-radar,suppression,,1
detection-d-anomalies,suppression,,1
detection-de-collision,suppression,,1
detection-de-fraude,suppression,,1
detection-de-plagiat,suppression,,1
detroit-d-ormuz,suppression,,1
detroit-de-gibraltar,suppression,,1
dette-personnelle,suppression,,1
dette-privee,suppression,,1
dette-transnationale,suppression,,1
deux-roues,suppression,,1
developpement-cerebral,suppression,,1
developpement-d-applications,suppression,,1
developpement-d-applications-mobiles,renommage_regroupement,developpement,1
developpement-de-jeux-video,division_compose,"developpement, jeux-video",1
developpement-de-la-personne,division_compose,"developpement, personne",1
developpement-de-la-petite-enfance,suppression,,1
developpement-du-langage,division_compose,"developpement, langage",1
developpement-full-stack,suppression,,1
developpement-intellectuel,suppression,,1
developpement-logiciel-agile,suppression,,1
developpement-prenatal,suppression,,1
developpement-web-fullstack,suppression,,1
developpeurs,renommage_regroupement,developpeur,1
developpeurs-d-applications,suppression,,1
developpeurs-experimentes,suppression,,1
developpeurs-javascript,suppression,,1
developpeurs-professionnel,suppression,,1
devoirs-scolaires,suppression,,1
diagnostics-psychologiques,suppression,,1
diagramme-circulaire,suppression,,1
dialectes,suppression,,1
diamant-industriel,suppression,,1
diaspora-africaine,suppression,,1
dichroisme-circulaire,suppression,,1
dictature,suppression,,1
dictatures,suppression,,1
dictons,suppression,,1
dieu-allah,suppression,,1
dieu-tout-puissant,suppression,,1
differences-de-genre,division_compose,"difference, genre",1
differences-entre-religions,suppression,,1
differences-individuelles-et-de-groupe,suppression,,1
differences-raciales,suppression,,1
differentiel,suppression,,1
difficultes-d-apprentissage,division_compose,"difficulte, apprentissage",1
difficultes-de-choix,division_compose,"difficulte, choix",1
difficultes-de-communication,division_compose,"difficulte, communication",1
diffraction,suppression,,1
diffusion-de-programmes,suppression,,1
diffusion-des-innovations,renommage_regroupement,innovation,1
diffusion-des-ondes,renommage_regroupement,ondes,1
dilemme,suppression,,1
dilemmes-personnels,suppression,,1
diodes-lumineuses,suppression,,1
diplomes-academiques,suppression,,1
dire-au-revoir,suppression,,1
directions,renommage_regroupement,direction,1
dirigeant-d-entreprise,renommage_regroupement,entreprises,1
discours-de-haine,renommage_regroupement,discours,1
discrimination-religieuse,suppression,,1
discrimination-sexuelle,suppression,,1
discution,suppression,,1
disneyland,suppression,,1
disparite,suppression,,1
dispositif-de-stockage,suppression,,1
dispositifs-d-affichage,suppression,,1
dispositifs-de-securite,suppression,,1
dispute,suppression,,1
disque-dur-hdd,suppression,,1
disque-magnetique,suppression,,1
disques-vinyl,suppression,,1
dissatisfaction,suppression,,1
dissuasion-nucleaire,suppression,,1
distance-physique-et-mathematique,renommage_regroupement,mathematiques,1
distance-voyage,suppression,,1
distinction,suppression,,1
distinctions,suppression,,1
distribution-de-richesse,division_compose,"distribution, richesse",1
distributions-de-probabilites,division_compose,"distribution, probabilite",1
divers-publics,suppression,,1
diversification-finance,suppression,,1
diversite-linguistique,suppression,,1
divertissement-sportif,suppression,,1
doctorant,suppression,,1
doctrine-chretienne,suppression,,1
doctrine-economique,suppression,,1
documents-de-recherche,suppression,,1
documents-scientifiques,suppression,,1
dogecoin-cryptomonnaie,suppression,,1
dogme,suppression,,1
dogme-scientifique,suppression,,1
doigts,suppression,,1
domaine-d-activite,suppression,,1
domaine-d-etude,suppression,,1
domaine-de-definition,suppression,,1
domaine-maritime,suppression,,1
domestication-animale,suppression,,1
dommages-aux-cheveux,suppression,,1
dommages-aux-nerfs,suppression,,1
donnees-de-sante,division_compose,"donnees, sante",1
dopamine,suppression,,1
dosage,suppression,,1
double-standard,suppression,,1
douches,suppression,,1
douleur-physique,suppression,,1
douleur-sensation,suppression,,1
dr-joe-dispenza,suppression,,1
drame-sanitaire,suppression,,1
drapeau-des-etats-unis,suppression,,1
drapeaux,suppression,,1
drapeaux-nationaux,suppression,,1
dressage-des-chiens,suppression,,1
droghe,suppression,,1
drogues-psychedeliques,suppression,,1
drogues-psycho-actives,suppression,,1
droit-a-l-autodetermination,suppression,,1
droit-a-l-avortement,renommage_regroupement,droit,1
droit-civil-droit,suppression,,1
droit-civil-tradition-juridique,suppression,,1
droit-commercial,suppression,,1
droit-d-asile,suppression,,1
droit-d-extradition,suppression,,1
droit-de-la-conservation,division_compose,"droit, conservation",1
droit-de-retour-palestinien,suppression,,1
droit-des-affaires,division_compose,"droit, affaires",1
droit-des-biens,suppression,,1
droit-des-entreprises,division_compose,"droit, entreprises",1
droit-des-marques,division_compose,"droit, marques",1
droit-des-societes,division_compose,"droit, societe",1
droit-des-successions-et-testaments,suppression,,1
droit-du-numerique,renommage_regroupement,droit,1
droit-francais,suppression,,1
droit-international-general,suppression,,1
droit-maritime,suppression,,1
droit-penal-et-sciences-criminelles,renommage_regroupement,droit-penal,1
droit-penal-francais,suppression,,1
droit-penal-international,suppression,,1
droits,renommage_regroupement,droit,1
droits-de-douane,division_compose,"droit, douane",1
droits-lgbtqi,suppression,,1
dromadaire,suppression,,1
dubai-emirats-arabes-unis,suppression,,1
duree-du-sommeil,renommage_regroupement,duree,1
dynamique-physique,division_compose,"dynamique, physique",1
e-commerce,suppression,,1
e-democratie,suppression,,1
e-mc2,suppression,,1
e-recrutement,suppression,,1
eau-benite,suppression,,1
eau-douce,suppression,,1
eau-gazeuse,suppression,,1
eau-pure,suppression,,1
eau-souterraine,suppression,,1
ebola-maladie,suppression,,1
echanges,suppression,,1
echanges-commerciaux,suppression,,1
echantillonnage-statistiques,suppression,,1
echauffement,suppression,,1
echelle-de-kardashev,suppression,,1
echelle-de-planck,suppression,,1
echelle-mondiale,suppression,,1
echelle-salariale,suppression,,1
echolocation,suppression,,1
eclair,suppression,,1
eclairage-a-led,renommage_regroupement,eclairage,1
eclipse,suppression,,1
eclipse-de-lune,renommage_regroupement,lune,1
ecole-maternelle,suppression,,1
ecoliers,suppression,,1
ecologie-et-epidemiologie,division_compose,"ecologie, epidemiologie",1
ecologique,suppression,,1
ecologue,suppression,,1
economie-americaine,suppression,,1
economie-de-france,division_compose,"economie, france",1
economie-de-l-energie,division_compose,"economie, energie",1
economie-des-jeux-videos,suppression,,1
economie-du-developpement,division_compose,"economie, developpement",1
economie-en-afrique,division_compose,"economie, afrique",1
economie-et-population,division_compose,"economie, population",1
economie-numerique,suppression,,1
economie-politique-internationale,suppression,,1
economie-sociale,suppression,,1
economies-nationales,suppression,,1
economiseurs-d-energie,suppression,,1
economistes,suppression,,1
ecoresponsable,suppression,,1
ecrans-et-moniteurs-d-ordinateurs,suppression,,1
ecrire,suppression,,1
ecriture-d-un-discours,suppression,,1
ecriture-de-paroles,suppression,,1
ecriture-scientifique,suppression,,1
ecritures-hindoues,suppression,,1
ecrivain-britannique,suppression,,1
ecrivain-francais,suppression,,1
ecrivain-scientifique,suppression,,1
ecrivains-americains,suppression,,1
ecrivains-chretiens,suppression,,1
edition-de-genes,suppression,,1
edition-genomique,suppression,,1
editions-scolaires,suppression,,1
edmund-husserl-philosophe-allemand,suppression,,1
education-des-adultes,division_compose,"education, adulte",1
education-en-afrique,division_compose,"education, afrique",1
education-en-france,division_compose,"education, france",1
education-environnementale,suppression,,1
education-francaise,suppression,,1
education-legale,suppression,,1
education-publique,suppression,,1
effet-de-l-air,division_compose,"effet, air",1
effet-dunning-kruger,suppression,,1
effet-photoelectrique,suppression,,1
effet-positif,suppression,,1
effet-tunnel,suppression,,1
effets-de-la-cafeine-sur-la-sante,division_compose,"effet, cafeine, sante",1
effets-du-cafe-sur-la-sante,division_compose,"effet, cafe, sante",1
effets-du-cannabis,renommage_regroupement,effet,1
effets-quantiques,suppression,,1
effets-visuels,suppression,,1
efficacite-gestion-du-temps,suppression,,1
effondrement-des-tours-du-world-trade-center,suppression,,1
effort-physique,suppression,,1
egalite-des-droits,division_compose,"egalite, droit",1
egalite-societe,suppression,,1
eglise-d-angleterre,suppression,,1
eglises-chretiennes,suppression,,1
elasticite-physique,suppression,,1
elections-legislatives,suppression,,1
elections-locales,suppression,,1
electricite-automobile,suppression,,1
electricite-de-france,division_compose,"electricite, france",1
electrochimie,suppression,,1
electrolyse,suppression,,1
electromenager,suppression,,1
electronique-de-puissance,division_compose,"electronique, puissance",1
electronique-grand-public,suppression,,1
electrons-libres,suppression,,1
electrostatique,suppression,,1
element-chimique,renommage_regroupement,elements-chimiques,1
elevage,suppression,,1
eleve,suppression,,1
eleveurs,suppression,,1
emballages-alimentaires,suppression,,1
embarcadero-technologies,suppression,,1
embouteillages,suppression,,1
emergence,suppression,,1
emmanuel-kant,suppression,,1
emmental,suppression,,1
emotions-animales,suppression,,1
emotions-humaines,suppression,,1
empathie,suppression,,1
empire-du-japon,renommage_regroupement,japon,1
empire-russe,suppression,,1
empires,suppression,,1
empirisme,suppression,,1
emploi-dans-les-sciences,division_compose,"emploi, sciences",1
emplois-et-carrieres-dans-l-espace,division_compose,"emploi, carriere, espace",1
employabilite,suppression,,1
empreinte-ecologique,suppression,,1
empreintes-digitales,suppression,,1
en-r-geothermie,suppression,,1
enceintes,suppression,,1
encodage-de-texte,suppression,,1
encre,suppression,,1
endrochronologie,suppression,,1
energie-gratuite,suppression,,1
energie-lumineuse,suppression,,1
energie-mecanique,suppression,,1
energie-negative,suppression,,1
energie-sombre,suppression,,1
enfant-prodige,suppression,,1
enfants-et-adolescents,division_compose,"enfants, adolescent",1
enfants-indigo,suppression,,1
engagement-civique,suppression,,1
engagement-social,suppression,,1
enigmes-de-probabilites,division_compose,"enigmes, probabilite",1
ennonce-mathematique,suppression,,1
ennui,suppression,,1
enregistrement-sonore,suppression,,1
enseignant,suppression,,1
enseignants,suppression,,1
enseignement-de-la-physique,division_compose,"enseignement, physique",1
enseignement-de-la-programmation,division_compose,"enseignement, programmation",1
enseignement-de-la-science,division_compose,"enseignement, sciences",1
enseignement-des-enfants,division_compose,"enseignement, enfants",1
enseignement-general,suppression,,1
enseignement-secondaire,suppression,,1
entite-humaine,suppression,,1
entrainement-au-marathon,renommage_regroupement,entrainement,1
entrainement-sportif,suppression,,1
entreprendre,suppression,,1
entrepreneur,suppression,,1
entrepreneur-pour-la-premiere-fois,suppression,,1
entrepreneurs,suppression,,1
entreprise-et-industrie-du-cinema,division_compose,"entreprises, industrie, cinema",1
entreprise-et-startup,suppression,,1
entreprises-cotees-en-bourse,suppression,,1
entreprises-multinationales,suppression,,1
entreprises-novatrices,suppression,,1
entrer-en-collision,suppression,,1
entretien-menager,suppression,,1
environment,suppression,,1
environmental,suppression,,1
environnement-de-developpement,division_compose,"environnement, developpement",1
environnement-professionnel,suppression,,1
epices,suppression,,1
episodes-serie-televisee,suppression,,1
epistomologie,suppression,,1
epoque-moderne,suppression,,1
epuisement,suppression,,1
equation-de-drake,suppression,,1
equation-de-schrodinger,suppression,,1
equations-diophantiennes,suppression,,1
equations-lineaires,suppression,,1
equations-polynomiales,suppression,,1
equations-quadratiques,suppression,,1
equilibre-chimique,suppression,,1
equipement,suppression,,1
equipement-de-securite,renommage_regroupement,securite,1
equipement-medical,suppression,,1
equipement-militaire,suppression,,1
equipes-de-football,suppression,,1
equipes-nationales-de-football,suppression,,1
equipes-nationales-de-la-fifa,suppression,,1
equivalence-de-masses-energetiques,suppression,,1
eradication,suppression,,1
eres-historiques,suppression,,1
ergonomie,suppression,,1
erosion,suppression,,1
erreur,suppression,,1
erreurs,suppression,,1
erreurs-de-pertinence,suppression,,1
erreurs-logiques,suppression,,1
escales,suppression,,1
esiterisme,suppression,,1
esoterisme-mysticisme-occultisme,suppression,,1
espace-libre,suppression,,1
espace-public,suppression,,1
espace-quadridimensionnel,suppression,,1
espaces-de-hilbert,suppression,,1
espece-superieure,suppression,,1
especes-de-fourmi,renommage_regroupement,especes,1
especes-de-fourmis,renommage_regroupement,especes,1
especes-invasives,suppression,,1
esprit-creatif,suppression,,1
esprit-scientifique,suppression,,1
essai-clinique,suppression,,1
essais-de-vaccins-covid-19,suppression,,1
essais-nucleaires,suppression,,1
essentialisme,suppression,,1
est,suppression,,1
esthetique,suppression,,1
esthetique-philosophie,renommage_regroupement,philosophie,1
estonie,suppression,,1
etalonnage,suppression,,1
etat-d-urgence,division_compose,"etat, urgences",1
etat-de-transe,suppression,,1
etat-federal,suppression,,1
etat-limite,suppression,,1
etats,renommage_regroupement,etat,1
etats-arabes-du-golfe,suppression,,1
etats-quantiques,suppression,,1
ete,suppression,,1
ethical-hacking,suppression,,1
ethique-de-l-internet,division_compose,"ethique, internet",1
ethique-de-responsabilite,division_compose,"ethique, responsabilite",1
ethique-du-travail,division_compose,"ethique, travail",1
ethique-humaine,suppression,,1
ethique-sociale,suppression,,1
ethnie-et-peuple-russe,suppression,,1
ethnies-et-peuple-juif,suppression,,1
etienne-klein,suppression,,1
etoile-de-bethleem,suppression,,1
etrangete,suppression,,1
etre-malheureux,suppression,,1
etude-observationnelle,suppression,,1
etudes-de-cas,suppression,,1
etudes-de-droit,division_compose,"etudes, droit",1
etudes-de-la-culture-populaire,division_compose,"etudes, culture-populaire",1
etudes-de-medecine,division_compose,"etudes, medecine",1
etudes-de-psychologie,division_compose,"etudes, psychologie",1
etudes-du-cinema,division_compose,"etudes, cinema",1
etudes-en-ingenierie,division_compose,"etudes, ingenierie",1
etudes-internationales,suppression,,1
etudes-scandinaves,suppression,,1
etudes-sociales,suppression,,1
etudes-superieures-en-ingenierie,suppression,,1
etudiants-francais,suppression,,1
etudier-l-ingenierie,suppression,,1
etymologie-des-mots-francais,suppression,,1
etymologies-des-mots,renommage_regroupement,mot,1
eucalyptus,suppression,,1
eucharistie,suppression,,1
euromillions-jeu-de-loterie,suppression,,1
europe-de-l-ouest,renommage_regroupement,europe,1
europe-historique,suppression,,1
eurovision,suppression,,1
euthanasie-animale,suppression,,1
evacuation,suppression,,1
evaluation-des-risques,division_compose,"evaluation, risques",1
evalution-de-la-qualite,suppression,,1
evangile-de-luc,suppression,,1
evanouissements-syncope,suppression,,1
eve,suppression,,1
evenement-en-cours,suppression,,1
evenements,renommage_regroupement,evenement,1
evenements-mysterieux,suppression,,1
evenements-traumatiques-de-la-vie,suppression,,1
event,suppression,,1
evidence,suppression,,1
evo-morales-ancien-president-de-la-bolivie,suppression,,1
evolution-des-hommes,division_compose,"evolution, homme",1
evolution-socioculturelle,suppression,,1
evolutionnisme,suppression,,1
examinateurs-de-brevet,suppression,,1
excellence,suppression,,1
excellence-operationnelle,suppression,,1
excitation,suppression,,1
exclusion-sociale,suppression,,1
exclusivites,suppression,,1
excommunication,suppression,,1
execution,suppression,,1
execution-capitale,suppression,,1
exercices-de-physique,suppression,,1
existenc,suppression,,1
existentialisme,suppression,,1
exister,suppression,,1
exode,suppression,,1
exosquelettes,suppression,,1
expedition-sur-le-mont-everest,suppression,,1
expeditions,suppression,,1
expeditions-antarctiques,suppression,,1
experience-cinematographique,suppression,,1
experience-de-voyage,division_compose,"experience, voyage",1
experience-surnaturelle,suppression,,1
experiences-alimentaires,suppression,,1
experiences-culinaires,suppression,,1
experiences-dans-la-vie,division_compose,"experience, vie",1
experiences-hotelieres,suppression,,1
experiences-psychologiques,suppression,,1
experiences-traumatisantes,suppression,,1
experimentation-animale,suppression,,1
expert,suppression,,1
expert-en-cybersecurite,renommage_regroupement,cybersecurite,1
expert-judiciaire,suppression,,1
expertise-technique,suppression,,1
explication-rationnelle,suppression,,1
exploitation-agricole,suppression,,1
exploitation-minere,suppression,,1
exploitation-miniere-dans-l-espace,renommage_regroupement,espace,1
exploits,suppression,,1
exploration-de-l-espace-lointain,suppression,,1
exposition,suppression,,1
exposition-photographie,suppression,,1
expression-ecrite,suppression,,1
expressions-langue,suppression,,1
expressions-mathematiques,suppression,,1
extermination,suppression,,1
extinction-de-l-holocene,suppression,,1
extraction-d-adn,division_compose,"extraction, adn",1
extraction-de-minerai-de-fer,suppression,,1
extrapolation,suppression,,1
extremophile,suppression,,1
fabricants-d-automobiles,suppression,,1
fabrication-artisanale,suppression,,1
fabrication-de-biere,renommage_regroupement,fabrication,1
fabrication-de-bijoux,renommage_regroupement,fabrication,1
fabrication-de-bonbons,renommage_regroupement,fabrication,1
fabrication-de-papier,renommage_regroupement,fabrication,1
fabrication-de-produits-pharmaceutiques,suppression,,1
fabrication-de-vetements,division_compose,"fabrication, vetement",1
fabrication-en-metal,suppression,,1
facteurs-de-production,division_compose,"facteurs, production",1
facteurs-environnementaux,suppression,,1
facteurs-humains,suppression,,1
facteurs-sociaux,suppression,,1
factorisation-de-matrices,suppression,,1
factorisation-mathematiques,suppression,,1
facture-d-electricite,renommage_regroupement,electricite,1
facture-energetique,suppression,,1
factures,suppression,,1
fahrenheit-temperature,suppression,,1
faille,suppression,,1
faillite-bancaire,suppression,,1
faire-confiance-aux-autres,suppression,,1
faire-ses-courses-en-france,suppression,,1
fait-general,suppression,,1
faits-etonnants,suppression,,1
faits-inconnus,suppression,,1
faits-interessants,suppression,,1
faits-rares,suppression,,1
faits-reels,suppression,,1
faits-surprenants,suppression,,1
faits-uniques,suppression,,1
fake,suppression,,1
fake-news,suppression,,1
falsifiabilite,suppression,,1
falsification,suppression,,1
famille-moderne,suppression,,1
famille-nombreuse,suppression,,1
fans,suppression,,1
fascination,suppression,,1
fatalite,suppression,,1
fatigue-oculaire,suppression,,1
fausse-couche,suppression,,1
fausses-idees,suppression,,1
fautes-d-orthographe,suppression,,1
fecondation-biologie,suppression,,1
federation-de-russie,suppression,,1
felix-baumgartner-parachutiste,suppression,,1
femmes-dans-les-disciplines-stem,suppression,,1
femmes-enceintes,suppression,,1
femmes-et-sciences,division_compose,"femme, sciences",1
femmes-musulmanes,suppression,,1
fenetres,suppression,,1
fenetres-de-voiture,renommage_regroupement,voitures,1
feuilles,suppression,,1
feux-de-route,suppression,,1
fevrier-mois,suppression,,1
fiabilite-des-tests,division_compose,"fiabilite, test",1
fibre,suppression,,1
fibre-materiau,suppression,,1
fibres-de-carbone,renommage_regroupement,carbone,1
fichiers-supprimes,suppression,,1
fiction-litteraire,suppression,,1
fierte,suppression,,1
files-d-attente,suppression,,1
filles,suppression,,1
film,renommage_regroupement,films,1
films-catastrophes,suppression,,1
films-d-animation,suppression,,1
films-de-zombies,renommage_regroupement,films,1
films-pixar,suppression,,1
filtres,suppression,,1
finalite,suppression,,1
finance-personnelle,suppression,,1
financement-de-la-recherche,division_compose,"financement, recherche",1
financement-des-etudes,division_compose,"financement, etudes",1
financement-des-retraites,renommage_regroupement,financement,1
fine-arts,suppression,,1
finlandais,suppression,,1
fiscalite-de-l-entreprise,division_compose,"fiscalite, entreprises",1
fiscalite-personnelle,suppression,,1
flash-personnage-de-dc,suppression,,1
flatulence,suppression,,1
fleuves,suppression,,1
flexion-gravitationnelle-de-la-lumiere,suppression,,1
flore-et-faune,renommage_regroupement,faune,1
fluctuation,suppression,,1
fluctuation-quantique,suppression,,1
fluorescence,suppression,,1
foi-en-dieu,division_compose,"foi, dieu",1
fonction-booleenne,suppression,,1
fonction-cerebrale,suppression,,1
fonction-croissante,suppression,,1
fonction-gaussienne,suppression,,1
fonctionnalites-de-requetes-de-quora,suppression,,1
fonctionnalites-quora,suppression,,1
fonctionnement-des-telephones,suppression,,1
fonctions-inverses-mathematiques,suppression,,1
fonctions-logarithmiques,suppression,,1
fonctions-logiques,suppression,,1
fond-marin,suppression,,1
fondations,suppression,,1
fondements-des-mathematiques,suppression,,1
fonds-geles,suppression,,1
football-ballon,suppression,,1
football-lois-du-jeu,suppression,,1
force-motrice,suppression,,1
forces-armees-americaines,suppression,,1
forces-armees-des-etats-unis,division_compose,"forces-armees, etats-unis",1
forces-et-faiblesses,suppression,,1
forces-intermoleculaires,suppression,,1
foret-amazonienne,suppression,,1
forets-tropicales-humides,suppression,,1
forgeron,suppression,,1
formalite,suppression,,1
formation-continue,suppression,,1
formation-de-base,suppression,,1
formation-de-groupe,division_compose,"formation, groupes",1
formation-de-l-etat-d-israel-1948,suppression,,1
formation-et-education,division_compose,"formation, education",1
formation-professionnelle-dadultes,suppression,,1
formation-scientifique,suppression,,1
formations,renommage_regroupement,formation,1
forme-allotropique-du-carbone,suppression,,1
formes,renommage_regroupement,forme,1
formes-de-gouvernement,division_compose,"forme, gouvernement",1
formulations-chimiques,suppression,,1
formule,renommage_regroupement,formules,1
formule-empirique,suppression,,1
formules-chimiques,suppression,,1
fortifications,suppression,,1
fortnite-skins-jeu-video,suppression,,1
fortune-personnelle,suppression,,1
forum-de-davos,suppression,,1
fouille-archeologique,suppression,,1
fourchettes,suppression,,1
fractions-mathematiques,suppression,,1
fractures-osseuses,suppression,,1
frais-d-inscription,suppression,,1
frais-de-location,suppression,,1
frais-juridiques,suppression,,1
francais-de-l-etranger,renommage_regroupement,etrangers,1
france-afrique,suppression,,1
francis-galton,suppression,,1
francois-bayrou,suppression,,1
francois-bayrou-politicien-francais,suppression,,1
francois-mitterrand,suppression,,1
francois-rabelais,suppression,,1
francophone,suppression,,1
franklin-d-roosevelt,suppression,,1
frederic-chopin-compositeur,suppression,,1
frequence-de-rafraichissement,suppression,,1
freres-bogdanov,suppression,,1
fromage,suppression,,1
fromage-francais,suppression,,1
fromagerie,suppression,,1
frondeur,suppression,,1
front-national,suppression,,1
frontieres,suppression,,1
fruits,suppression,,1
fruits-de-mer,renommage_regroupement,mer,1
full-stack-developer,suppression,,1
fusillades-de-la-police,suppression,,1
fusillades-de-masse,suppression,,1
fusils-de-sniper,suppression,,1
fusion-de-fichiers,division_compose,"fusion, fichiers",1
fusion-de-reacteur-nucleaire,suppression,,1
futur-de-la-medecine,division_compose,"futur, medecine",1
futur-proche,suppression,,1
futures,suppression,,1
futuristes,suppression,,1
gabon,suppression,,1
gafa,suppression,,1
gafam,suppression,,1
gagner-a-la-loterie,suppression,,1
gagner-au-loto,suppression,,1
gagner-de-l-argent-sur-internet,suppression,,1
gagner-la-confiance,suppression,,1
gain-d-argent-en-ligne,suppression,,1
gains,suppression,,1
galaxie-d-andromede,suppression,,1
galilee-region,suppression,,1
galileo,suppression,,1
gambling,suppression,,1
gamers-jeu-video,suppression,,1
ganymede-lune-de-jupiter,suppression,,1
garcons,suppression,,1
gare-ferroviaire,suppression,,1
gauchere,suppression,,1
gauchisme,suppression,,1
gaz-gastrique,suppression,,1
geeks-et-culture-geek,suppression,,1
gemmologie,suppression,,1
gemmologues,suppression,,1
gemstones,suppression,,1
generateur-solaire,suppression,,1
generateurs-de-nombres-aleatoires-rng,suppression,,1
generation,renommage_regroupement,generations,1
generation-actuelle,suppression,,1
generation-future,suppression,,1
generaux,suppression,,1
genese,suppression,,1
genetique-des-populations-humaines,division_compose,"genetique, population-humaine",1
genetique-et-evolution,division_compose,"genetique, evolution",1
genetique-et-heredite,suppression,,1
geneve-suisse,suppression,,1
genie-des-materiaux,division_compose,"genie, materiaux",1
genie-genetique-humain,suppression,,1
genocide-armenien,suppression,,1
genocide-des-armeniens,suppression,,1
genre-litteraire,suppression,,1
gens-lambdas,suppression,,1
geo-ingenierie,suppression,,1
geocentrisme,suppression,,1
geocroiseurs,suppression,,1
geographie-de-l-afrique,division_compose,"geographie, afrique",1
geographie-de-la-france,division_compose,"geographie, france",1
geographie-de-la-guyane-francaise,renommage_regroupement,geographie,1
geographie-environnementale,suppression,,1
geographie-genetique,suppression,,1
geolocalisation,suppression,,1
geoloqie,suppression,,1
geometrie-algebrique,suppression,,1
geometrie-analytique,suppression,,1
geopolitique-moderne,suppression,,1
georg-cantor-mathematicien,suppression,,1
george-floyd,suppression,,1
george-sand,suppression,,1
georgia-guidestones,suppression,,1
geothermie-profonde,suppression,,1
geriatrie,suppression,,1
gestation,suppression,,1
gestes,suppression,,1
gestes-ecologiques,suppression,,1
gestion-administrative,suppression,,1
gestion-clientele,suppression,,1
gestion-d-argent,division_compose,"gestion, argent",1
gestion-d-equipe,suppression,,1
gestion-de-budget,renommage_regroupement,gestion,1
gestion-de-contenu,division_compose,"gestion, contenu",1
gestion-de-courrier-electronique,suppression,,1
gestion-de-documents,suppression,,1
gestion-de-donnees,division_compose,"gestion, donnees",1
gestion-de-fichier,division_compose,"gestion, fichiers",1
gestion-de-fichiers-numeriques,suppression,,1
gestion-de-l-energie,division_compose,"gestion, energie",1
gestion-de-l-environnement-et-de-la-faune,suppression,,1
gestion-de-l-information,division_compose,"gestion, information",1
gestion-de-l-inventaire,suppression,,1
gestion-de-la-chaine-d-approvisionnement,suppression,,1
gestion-de-la-performance,suppression,,1
gestion-de-mot-de-passe,division_compose,"gestion, mot",1
gestion-de-startups,suppression,,1
gestion-des-affaires,division_compose,"gestion, affaires",1
gestion-des-depenses,division_compose,"gestion, depenses",1
gestion-des-emotions,division_compose,"gestion, emotions",1
gestion-des-exceptions,renommage_regroupement,gestion,1
gestion-des-investissements,division_compose,"gestion, investissement",1
gestion-des-pipelines,suppression,,1
gestion-des-ressources-humaines,division_compose,"gestion, ressources-humaines",1
gestion-des-stocks,suppression,,1
gestion-des-stocks-halieutiques,suppression,,1
gestion-des-talents,suppression,,1
gestion-du-risque,division_compose,"gestion, risques",1
gestion-du-trafic,suppression,,1
gestion-du-trafic-aerien,suppression,,1
gibraltar,suppression,,1
girafe,suppression,,1
glande-pineale,suppression,,1
glandes-endocrines,suppression,,1
gmail,suppression,,1
gorille,suppression,,1
gouts-acquis,suppression,,1
gouvernement-allemand,suppression,,1
gouvernement-de-la-republique-francaise,suppression,,1
gouvernement-du-royaume-uni,division_compose,"gouvernement, royaume-uni",1
gouvernement-japonais,suppression,,1
gouvernement-mondial,suppression,,1
gouvernements-europeens,suppression,,1
grammaire,suppression,,1
grand-dauphin-animal,suppression,,1
grand-filtre,suppression,,1
grand-minimum-solaire,suppression,,1
grand-oral,suppression,,1
grand-public,suppression,,1
grande-pyramide-de-gizeh,suppression,,1
grandes-decouvertes,suppression,,1
grandes-entreprises,suppression,,1
grandes-theories-unifiees,suppression,,1
grands-groupes-industriels,suppression,,1
graphene,suppression,,1
graphiques,suppression,,1
graphite,suppression,,1
graphologie,suppression,,1
gratitude,suppression,,1
gravite-dans-l-espace,division_compose,"gravite, espace",1
gravite-zero,suppression,,1
graviton,suppression,,1
grec-ancien-langue,suppression,,1
greenwich,suppression,,1
grippe-espagnole,suppression,,1
groenland,suppression,,1
groenland-danemark,suppression,,1
groupes-d-animaux,division_compose,"groupes, animaux",1
groupes-de-rock,suppression,,1
groupie,suppression,,1
guadeloupe,suppression,,1
guepards,suppression,,1
guerison-naturelle,suppression,,1
guerre-civile-libyenne-2011,suppression,,1
guerre-contre-le-terrorisme,suppression,,1
guerre-de-cent-ans,suppression,,1
guerre-de-l-eau,division_compose,"guerre, eau",1
guerre-du-vietnam,suppression,,1
guerre-moderne,suppression,,1
guerre-psychologique,suppression,,1
guerres-et-histoire-militaires,division_compose,"guerre, histoire-militaire",1
guerres-israelo-arabes,suppression,,1
guides-touristiques,suppression,,1
guido-van-rossum-programmeur-neerlandais,suppression,,1
guillotine-peine-capitale,suppression,,1
guinee-equatoriale,suppression,,1
guitares,suppression,,1
guitaristes,renommage_regroupement,guitariste,1
guyane-francaise,suppression,,1
habitat,suppression,,1
habitude-de-sommeil,suppression,,1
habitudes,suppression,,1
habitudes-de-vie,renommage_regroupement,vie,1
hacker-profession,suppression,,1
hackers-ethiques,suppression,,1
hacking,suppression,,1
haiti,suppression,,1
hallucinations,suppression,,1
halton-arp,suppression,,1
han-solo-personnage-de-star-wars,suppression,,1
hangars-a-avions,suppression,,1
harcelement-au-travail,division_compose,"harcelement, travail",1
harcelement-scolaire,suppression,,1
haribo,suppression,,1
haut-moyen-age,suppression,,1
haute-altitude,suppression,,1
haute-tension,suppression,,1
hebergement-internet,suppression,,1
hebergement-web,suppression,,1
hegemonie,suppression,,1
helice,renommage_regroupement,helices,1
heliocentrisme,suppression,,1
hemisphere,suppression,,1
henri-poincare,suppression,,1
henri-poincare-mathematicien-francais,suppression,,1
herbivores,suppression,,1
heresies-et-heretiques,suppression,,1
heritage-culturel,suppression,,1
heroisme,suppression,,1
herpes,suppression,,1
hesitation-a-la-vaccination,suppression,,1
heure-solaire,suppression,,1
heures-de-pointe,suppression,,1
heures-supplementaires,suppression,,1
hibernation,suppression,,1
hierarchie,suppression,,1
hillary-clinton,suppression,,1
hippocrates,suppression,,1
histoire-africaine,suppression,,1
histoire-anatomie,suppression,,1
histoire-ancienne,suppression,,1
histoire-arabe,suppression,,1
histoire-christianisma,suppression,,1
histoire-contemporaine,suppression,,1
histoire-d-apple,renommage_regroupement,histoire,1
histoire-de-l-afghanistan,renommage_regroupement,histoire,1
histoire-de-l-algerie,renommage_regroupement,histoire,1
histoire-de-l-amerique-latine,renommage_regroupement,histoire,1
histoire-de-l-armenie,renommage_regroupement,histoire,1
histoire-de-l-automobile,division_compose,"histoire, automobile",1
histoire-de-l-avaviation,suppression,,1
histoire-de-l-education,division_compose,"histoire, education",1
histoire-de-l-entreprise,division_compose,"histoire, entreprises",1
histoire-de-l-esclavage,renommage_regroupement,histoire,1
histoire-de-l-inde,division_compose,"histoire, inde",1
histoire-de-l-industrie,division_compose,"histoire, industrie",1
histoire-de-l-iran,renommage_regroupement,histoire,1
histoire-de-la-chine,division_compose,"histoire, chine",1
histoire-de-la-colombie,suppression,,1
histoire-de-la-crimee,renommage_regroupement,histoire,1
histoire-de-la-grande-bretagne,division_compose,"histoire, grande-bretagne",1
histoire-de-la-guerre,division_compose,"histoire, guerre",1
histoire-de-la-musique,division_compose,"histoire, musique",1
histoire-de-la-musique-rock,division_compose,"histoire, musique-rock",1
histoire-de-la-turquie,suppression,,1
histoire-de-vie,division_compose,"histoire, vie",1
histoire-des-amerindiens,suppression,,1
histoire-des-ameriques,division_compose,"histoire, ameriques",1
histoire-des-hommes,division_compose,"histoire, homme",1
histoire-des-idees-politiques,renommage_regroupement,histoire,1
histoire-des-jeux-olympiques,renommage_regroupement,histoire,1
histoire-des-murs,suppression,,1
histoire-du-21-e-siecle,suppression,,1
histoire-du-chili,renommage_regroupement,histoire,1
histoire-du-communisme,division_compose,"histoire, communisme",1
histoire-du-royaume-uni,division_compose,"histoire, royaume-uni",1
histoire-du-sport,division_compose,"histoire, sport",1
histoire-et-philosophie,division_compose,"histoire, philosophie",1
histoire-et-politique,division_compose,"histoire, politique",1
histoire-intellectuelle,suppression,,1
histoire-israelite,suppression,,1
histoire-mathematiques,division_compose,"histoire, mathematiques",1
histoire-medievale,suppression,,1
histoire-militaire-de-la-suisse,division_compose,"histoire-militaire, suisse",1
histoire-militaire-francaise,suppression,,1
histoire-militaire-russe,suppression,,1
histoire-mondiale,suppression,,1
histoire-politique-des-etats-unis-d-amerique,suppression,,1
histoire-postale,suppression,,1
histoire-precoloniale,suppression,,1
histoire-romaine,suppression,,1
histoires-personnelles,suppression,,1
historiens,suppression,,1
history-of-architecture,suppression,,1
hiver,suppression,,1
holographie,suppression,,1
homicide,suppression,,1
hommage,suppression,,1
homme-au-masque-de-fer,division_compose,"homme, fer",1
homme-d-influence,division_compose,"homme, influence",1
hommes-politiques,suppression,,1
hommes-primitifs,suppression,,1
homo,suppression,,1
homosapiens,suppression,,1
hongrie,suppression,,1
honnetete,suppression,,1
honte,suppression,,1
horaires,suppression,,1
horlogeire,suppression,,1
hormones,suppression,,1
hors-sujet,suppression,,1
hostilite,suppression,,1
hotel,renommage_regroupement,hotels,1
hotesse-de-l-air,suppression,,1
html,suppression,,1
huiles-essentielles,suppression,,1
humain,renommage_regroupement,humains,1
humanitarisme,suppression,,1
humidite,suppression,,1
humour-politique,division_compose,"humour, politique",1
huns,suppression,,1
hybride,renommage_regroupement,hybrides,1
hydratation,suppression,,1
hydrocarbures,suppression,,1
hydrogene-vert,suppression,,1
hydrologie,suppression,,1
hydrostatique,suppression,,1
hyperinflation,suppression,,1
hypothese-de-riemann,suppression,,1
hypoxie-medicale,suppression,,1
hysterie-collective,suppression,,1
ia-chatgpt,suppression,,1
ideaux,suppression,,1
idee,renommage_regroupement,idees,1
idee-innovante,suppression,,1
idees-complexes,suppression,,1
idees-creatives,suppression,,1
idees-de-gain-d-argent-en-ligne,suppression,,1
identification-de-personnes,suppression,,1
identification-des-oiseaux,suppression,,1
identifier,suppression,,1
identite-culturelle,suppression,,1
identite-d-euler,suppression,,1
identite-de-genre,division_compose,"identite, genre",1
identite-de-soi,suppression,,1
identite-numerique,suppression,,1
identite-personnelle,suppression,,1
identite-raciale,suppression,,1
identite-sexuelle,suppression,,1
identites-nationales,renommage_regroupement,identite-nationale,1
ideologie-islamiste,suppression,,1
ideologue,suppression,,1
idriss-aberkane,suppression,,1
ier-siecle,suppression,,1
ignorance,suppression,,1
igor-et-grichka-bogdanoff,suppression,,1
il,suppression,,1
iles-kerguelen,suppression,,1
illusions,renommage_regroupement,illusion,1
illustration,suppression,,1
image-de-la-france,division_compose,"images, france",1
image-de-soi,suppression,,1
imagerie-cerebrale,suppression,,1
imagerie-medicale,suppression,,1
images-corporelles,suppression,,1
images-par-seconde,suppression,,1
imitation,suppression,,1
immanuel-kant-philosophe-auteur,suppression,,1
immanuel-velikovsky,suppression,,1
immersion,suppression,,1
immigration-aux-etats-unis-d-amerique,division_compose,"immigration, etats-unis, ameriques",1
immobilier,suppression,,1
immobilier-en-suisse,renommage_regroupement,suisse,1
immobilier-residentiel,suppression,,1
immuable,suppression,,1
immunite-covid-19,suppression,,1
immunite-des-troupeaux,suppression,,1
impact-de-la-mondialisation,division_compose,"impact, mondialisation",1
impacts-positifs,suppression,,1
impartialite,suppression,,1
imperfection,suppression,,1
imperialisme,suppression,,1
impertinence,suppression,,1
importance-de-l-education,renommage_regroupement,education,1
impots-en-france,division_compose,"impots, france",1
impression-3d,suppression,,1
impression-numerique,suppression,,1
impressionnisme,suppression,,1
imprimantes-3d,suppression,,1
imprimerie,suppression,,1
impulsions-electriques,suppression,,1
incarnation,suppression,,1
incendie,suppression,,1
incidents-traumatisants,suppression,,1
inconvenients,suppression,,1
inde-du-sud,division_compose,"inde, sud",1
indecision,suppression,,1
indentation-typographie,suppression,,1
independance,suppression,,1
independance-financiere,suppression,,1
independance-politique,renommage_regroupement,politique,1
indice-de-developpement-humain,suppression,,1
indice-de-viscosite,suppression,,1
indien,suppression,,1
indifference,suppression,,1
induction-mathematique,suppression,,1
industrialisation,suppression,,1
industrie-de-l-alcool-et-du-vin,suppression,,1
industrie-de-la-sante,division_compose,"industrie, sante",1
industrie-de-la-technologie,division_compose,"industrie, technologies",1
industrie-du-divertissement,suppression,,1
industrie-du-jeu-video,suppression,,1
industrie-du-tabac,suppression,,1
industrie-militaire,suppression,,1
industrie-optique,suppression,,1
industrie-textile,suppression,,1
industrie-touristique,suppression,,1
industries-francaises,suppression,,1
industries-graphiques,suppression,,1
inevitable,suppression,,1
infections-bacteriennes,suppression,,1
inference-statistique,suppression,,1
influence-de-la-lune-sur-les-etres-vivants,division_compose,"influence, lune, etres-vivants",1
influence-des-usa-dans-le-monde,division_compose,"influence, usa, monde",1
informaticien,suppression,,1
informatik,suppression,,1
information-de-la-technologie,division_compose,"information, technologies",1
information-fiable,suppression,,1
informations-bancaires,suppression,,1
infrarouge,suppression,,1
infrason,suppression,,1
infrastructure-digital,suppression,,1
infrastructure-du-nucleaire,division_compose,"infrastructures, nucleaire",1
ingenerie-logiciel,suppression,,1
ingenierie-civile,suppression,,1
ingenierie-electrique,suppression,,1
ingenierie-informatique,division_compose,"ingenierie, informatique",1
ingenieur-spatiale,suppression,,1
ingenieurs-en-informatique,suppression,,1
ingenieurs-en-mecanique,suppression,,1
inhalant,suppression,,1
inhumaine,suppression,,1
injection-plastique,suppression,,1
inondation,suppression,,1
inquisition,suppression,,1
insight,suppression,,1
installateur-photovoltaiques,suppression,,1
instinct,suppression,,1
institut-curie,suppression,,1
institut-max-planck,suppression,,1
institution-publique,suppression,,1
institutions-francaises,suppression,,1
instituts-de-recherche,suppression,,1
insulte-formulee-comme-une-question,suppression,,1
insupportable,suppression,,1
intangibilite,suppression,,1
integration-de-systemes,suppression,,1
integration-sociale,suppression,,1
intel-core-i7,suppression,,1
intellectuels-communistes,suppression,,1
intelligences-des-animaux,division_compose,"intelligence, animaux",1
intensite,suppression,,1
intensite-du-courant,suppression,,1
intentions,suppression,,1
interaction-humaine,renommage_regroupement,interactions-humaines,1
interaction-interpersonnelle-en-ligne,suppression,,1
interdependance,suppression,,1
interet-commercial,suppression,,1
interets-personnels,suppression,,1
interfaces-utilisateur,renommage_regroupement,interface-utilisateur,1
internet-sans-fil,suppression,,1
interpretation-biblique,suppression,,1
interpretation-linguistique,suppression,,1
interpretations-d-horoscope,suppression,,1
interpretations-philosophie,renommage_regroupement,philosophie,1
interprete-informatique,renommage_regroupement,informatique,1
interpretes,suppression,,1
interstellaire,suppression,,1
interstellar-film-de-2014,suppression,,1
intervention-d-urgence,division_compose,"intervention, urgences",1
intervention-etatique,suppression,,1
intoxication-au-cyanure,suppression,,1
intuition-magnetique,suppression,,1
invasions-extraterrestres,suppression,,1
inventions-technologiques,suppression,,1
inverse,suppression,,1
inversion,suppression,,1
investissement-bitcoin,suppression,,1
investissement-en-bourse,division_compose,"investissement, bourses",1
iran-et-israel,renommage_regroupement,israel,1
ironie,suppression,,1
islam-en-france,division_compose,"islam, france",1
islam-et-islamisme,suppression,,1
islam-politique,division_compose,"islam, politique",1
isolation-thermique,suppression,,1
israeliens,suppression,,1
italie,suppression,,1
italien-langue,suppression,,1
ivoire,suppression,,1
izmir-turquie,suppression,,1
jacob,suppression,,1
jacques-attali,suppression,,1
jalousie,suppression,,1
james-randi-magicien,suppression,,1
james-webb-space-telescope,suppression,,1
japon-imperial,suppression,,1
jardin,suppression,,1
jardin-des-plantes,renommage_regroupement,plantes,1
javascript-vs-typescript,suppression,,1
jcpoa-accord-sur-le-nucleaire-iranien,suppression,,1
jean-baptiste-lamarck,suppression,,1
jeremy-rifkin-ecrivain,suppression,,1
jerusalem-en-tant-que-capitale,suppression,,1
jet-prive,suppression,,1
jet-stream,suppression,,1
jeu-d-argent,division_compose,"jeux, argent",1
jeu-de-casino,renommage_regroupement,jeux-de-casino,1
jeu-de-la-vie,suppression,,1
jeu-de-la-vie-de-conway,suppression,,1
jeu-de-survie,suppression,,1
jeu-favori,suppression,,1
jeune,suppression,,1
jeunes-adultes,suppression,,1
jeunes-generations,suppression,,1
jeunesse,suppression,,1
jeux-cognitif,suppression,,1
jeux-d-aventures,suppression,,1
jeux-d-echec,division_compose,"jeux, echec",1
jeux-d-enfant,division_compose,"jeux, enfants",1
jeux-de-chiffres,division_compose,"jeux, chiffres",1
jeux-de-strategie,division_compose,"jeux, strategie",1
jeux-de-table-de-casino,suppression,,1
jeux-gratuits,suppression,,1
jeux-pc,suppression,,1
jeux-preferes,suppression,,1
jeux-videos-educatifs,suppression,,1
jouer-aux-echecs,suppression,,1
jouets,suppression,,1
joueurs-d-echecs,division_compose,"joueurs, echec",1
joueurs-de-jeux-video,division_compose,"joueurs, jeux-video",1
jour-de-naissance,renommage_regroupement,jours,1
jour-de-noel,renommage_regroupement,jours,1
journalisme-sensationnel,suppression,,1
journee,suppression,,1
journee-internationale-des-femmes,suppression,,1
jours-de-la-semaine-modernes,suppression,,1
jours-de-repos,division_compose,"jours, repos",1
judee-et-samarie,suppression,,1
judo,suppression,,1
jugement-de-gout,division_compose,"jugement, gouts",1
juges,suppression,,1
juges-de-la-cour-supreme-des-etats-unis,suppression,,1
juif,suppression,,1
juif-ethnie,suppression,,1
juillet-mois,suppression,,1
jumeaux-homozygotes,suppression,,1
jurassique,suppression,,1
juridiction-criminelle,suppression,,1
juridique-en-france,division_compose,"juridique, france",1
jurisprudence,suppression,,1
justice-suisse,suppression,,1
justice-vigilante,suppression,,1
kamikaze-pilots,suppression,,1
kangourous,suppression,,1
karl-marx,suppression,,1
karl-marx-philosophe-auteur-economiste,suppression,,1
katana,suppression,,1
kg,suppression,,1
khalil-gibran-auteur,suppression,,1
kilowatts-unite-d-energie,suppression,,1
kimono-vetement,suppression,,1
konigsberg,suppression,,1
l-age-de-la-retraite,renommage_regroupement,age,1
l-agriculture,renommage_regroupement,agriculture,1
l-ame-humaine,suppression,,1
l-apocalypse,suppression,,1
l-arctique,suppression,,1
l-argent-public,suppression,,1
l-art-de-la-guerre-livre,suppression,,1
l-art-egyptien-antique,suppression,,1
l-asile-politique,suppression,,1
l-assemblee-nationale-francaise,suppression,,1
l-auto-immunite,suppression,,1
l-autodestruction,suppression,,1
l-avant-garde,suppression,,1
l-eau-du-robinet,suppression,,1
l-education-en-israel,division_compose,"education, israel",1
l-effet-casimir,suppression,,1
l-effet-doppler,suppression,,1
l-encyclopedie,suppression,,1
l-esperance-de-vie,renommage_regroupement,vie,1
l-etat-francais,suppression,,1
l-etude-de-la-bible,division_compose,"etudes, bible",1
l-euro,suppression,,1
l-europe-medievale,suppression,,1
l-existence-de-dieu,division_compose,"existence, dieu",1
l-histoire-de-l-eglise-catholique,suppression,,1
l-histoire-du-peuple-juif,suppression,,1
l-holocauste,suppression,,1
l-homme,renommage_regroupement,homme,1
l-humain,renommage_regroupement,humains,1
l-hypocrisie-social,suppression,,1
l-inconscient,suppression,,1
l-instinct,suppression,,1
l-intelligence-artificiel,suppression,,1
l-interdiction-et-les-interdictions,suppression,,1
l-obsolescence-programmee,renommage_regroupement,obsolescence-programmee,1
l-unicite,suppression,,1
l2,suppression,,1
la-bataille,suppression,,1
la-biologie-vegetal,suppression,,1
la-biosphere,suppression,,1
la-boussole,suppression,,1
la-cene-leonard-de-vinci,suppression,,1
la-chaleur,renommage_regroupement,chaleur,1
la-chance,suppression,,1
la-chasse,renommage_regroupement,chasse,1
la-corbeille,suppression,,1
la-criminologie,renommage_regroupement,criminologie,1
la-croissance-demographique,renommage_regroupement,croissance-demographique,1
la-culture-espagnole,suppression,,1
la-curiosite,renommage_regroupement,curiosite,1
la-droite-politique,division_compose,"droite, politique",1
la-fabrication-de-ciment,suppression,,1
la-faim,suppression,,1
la-famille,renommage_regroupement,famille,1
la-fatigue,suppression,,1
la-faune-en-australie,division_compose,"faune, australie",1
la-gauche,suppression,,1
la-gauche-politique,renommage_regroupement,politique,1
la-genese,suppression,,1
la-geochimie,suppression,,1
la-grande-reinitialisation-2020,suppression,,1
la-justice,renommage_regroupement,justice,1
la-langue-francaise,suppression,,1
la-logique,renommage_regroupement,logique,1
la-lorraine-en-france,renommage_regroupement,france,1
la-mecanique,renommage_regroupement,mecanique,1
la-mecanique-ondulatoire,suppression,,1
la-mer,renommage_regroupement,mer,1
la-microbiologie,renommage_regroupement,microbiologie,1
la-monarchie,renommage_regroupement,monarchie,1
la-mortalite,renommage_regroupement,mortalite,1
la-musique,renommage_regroupement,musique,1
la-naturalite-humaine,suppression,,1
la-naturopathie,suppression,,1
la-neige,suppression,,1
la-nuit-wiesel,suppression,,1
la-pauvrete-en-afrique,division_compose,"pauvrete, afrique",1
la-pedophilie,suppression,,1
la-permanence,suppression,,1
la-personne-humaine,suppression,,1
la-peur,renommage_regroupement,peur,1
la-peur-de-l-echec,division_compose,"peur, echec",1
la-photo-voltaique,suppression,,1
la-politique,renommage_regroupement,politique,1
la-politique-de-la-russie,division_compose,"politique, russie",1
la-pollution,renommage_regroupement,pollution,1
la-preparation-des-aliments,suppression,,1
la-propulsion-physique,renommage_regroupement,physique,1
la-protection-sociale,renommage_regroupement,protection-sociale,1
la-raison,renommage_regroupement,raison,1
la-resistance-du-beton,suppression,,1
la-revolution-francaise,renommage_regroupement,revolution-francaise,1
la-richesse,renommage_regroupement,richesse,1
la-sainte-trinite,suppression,,1
la-sensibilite,suppression,,1
la-singularite-technologique,suppression,,1
la-societe-en-france,division_compose,"societe, france",1
la-teleportation,suppression,,1
la-theorie-de-l-atome,division_compose,"theorie, atomes",1
la-tour-de-pise,suppression,,1
la-tour-eiffel,suppression,,1
la-tradition-judeo-chretienne,suppression,,1
la-triche,suppression,,1
la-vie-commune,suppression,,1
la-vie-moderne,suppression,,1
la-vie-philosophie,division_compose,"vie, philosophie",1
la-zone-euro,suppression,,1
laboratoire,renommage_regroupement,laboratoires,1
laboratoire-de-recherche,division_compose,"laboratoires, recherche",1
laboratoire-national-lawrence-livermore,suppression,,1
lacs,suppression,,1
lait,suppression,,1
lamazonie,suppression,,1
lames,suppression,,1
lancement-d-entreprise,suppression,,1
lanceur-spatial,suppression,,1
langage-naturel,suppression,,1
langage-politique,division_compose,"langage, politique",1
langages,renommage_regroupement,langage,1
langue,renommage_regroupement,langues,1
langue-anglaise,suppression,,1
langue-native,suppression,,1
langue-universelle,suppression,,1
langues-africaines,suppression,,1
langues-et-cultures,division_compose,"langues, culture",1
langues-internationales,suppression,,1
langues-maternelles,renommage_regroupement,langue-maternelle,1
latin-langue,suppression,,1
latitude,suppression,,1
laureats-du-prix-nobel-de-la-paix,suppression,,1
lausanne,suppression,,1
le-180,suppression,,1
le-bien-commun,suppression,,1
le-but-de-la-vie,suppression,,1
le-canard,suppression,,1
le-cancer,renommage_regroupement,cancer,1
le-cercle,renommage_regroupement,cercles,1
le-chiffre-7,suppression,,1
le-chlore,renommage_regroupement,chlore,1
le-christianisme-primitif,suppression,,1
le-code-informatique,renommage_regroupement,informatique,1
le-communisme,renommage_regroupement,communisme,1
le-corps-feminin,suppression,,1
le-desir,suppression,,1
le-diable,suppression,,1
le-dioxyde-de-soufre,suppression,,1
le-fond-de-l-ocean,suppression,,1
le-froid,renommage_regroupement,froid,1
le-futur,renommage_regroupement,futur,1
le-genie-energetique,suppression,,1
le-grand-deluge-bible,suppression,,1
le-guide-du-voyageur-galactique-roman,suppression,,1
le-jeu-d-echecs,suppression,,1
le-judaisme-en-israel,division_compose,"judaisme, israel",1
le-kelvin-temperature,suppression,,1
le-lambda-calcul,suppression,,1
le-lieu-de-travail,suppression,,1
le-malheur,suppression,,1
le-meridien,suppression,,1
le-messie-haendel,suppression,,1
le-microcosme,suppression,,1
le-monde-arabe,suppression,,1
le-monde-en-2050,renommage_regroupement,monde,1
le-monde-moderne,suppression,,1
le-nouveau-testament,suppression,,1
le-peche-originel,suppression,,1
le-pervers-narcissique,suppression,,1
le-phenomene-extraterrestre,suppression,,1
le-premier-ordinateur,suppression,,1
le-president-des-etats-unis,division_compose,"president, etats-unis",1
le-roi-lion,suppression,,1
le-service-postal,suppression,,1
le-systeme-penitentiaire,suppression,,1
le-vatican,suppression,,1
le-vent,renommage_regroupement,vent,1
le-vote-en-politique,division_compose,"vote, politique",1
lea,suppression,,1
leader-mondial,suppression,,1
leadership-mondial,suppression,,1
lean-six-sigma,suppression,,1
lecons-apprises,suppression,,1
lecture-biblique,suppression,,1
lecture-de-nombres,division_compose,"lecture, nombres",1
led,suppression,,1
legendes-urbaines,suppression,,1
legislation-en-france,suppression,,1
legislation-environnementale,suppression,,1
legislation-europeenne,suppression,,1
legitimite,suppression,,1
leonard-de-vinci,suppression,,1
leonhard-euler-mathematicien,suppression,,1
leptons,suppression,,1
les-1,suppression,,1
les-actualites-mondiales,suppression,,1
les-americains,suppression,,1
les-ameriques,renommage_regroupement,ameriques,1
les-animaux,renommage_regroupement,animaux,1
les-annees-1900,suppression,,1
les-annees-30,suppression,,1
les-annees-70,suppression,,1
les-annees-80,suppression,,1
les-arts-visuels,suppression,,1
les-atomes,renommage_regroupement,atomes,1
les-aventures-de-huckleberry-finn,suppression,,1
les-biotechnologies,renommage_regroupement,biotechnologie,1
les-blancs,suppression,,1
les-chenilles,suppression,,1
les-civilisations,renommage_regroupement,civilisation,1
les-civils,suppression,,1
les-conditions-d-acces,suppression,,1
les-consequences,renommage_regroupement,consequences,1
les-crypto-monnaies,renommage_regroupement,crypto-monnaies,1
les-cyanures,suppression,,1
les-cyclistes,suppression,,1
les-defis-professionnels,suppression,,1
les-desserts,suppression,,1
les-disparitions,renommage_regroupement,disparition,1
les-dix-commandements,suppression,,1
les-ecrans-tactiles,suppression,,1
les-emissions-de-gaz-a-effet-de-serre,suppression,,1
les-entretiens-dembauche,suppression,,1
les-erreurs-courantes,suppression,,1
les-femmes-dans-la-science,division_compose,"femme, sciences",1
les-formes-de-vie,division_compose,"forme, vie",1
les-grandes-questions-sans-reponse,suppression,,1
les-grands-singes,suppression,,1
les-guerres,renommage_regroupement,guerre,1
les-hopitaux,suppression,,1
les-infrasons,suppression,,1
les-livres,renommage_regroupement,livres,1
les-lunes-du-systeme-solaire,division_compose,"lune, systeme-solaire",1
les-masques,suppression,,1
les-mouvements-politiques,suppression,,1
les-necessites,suppression,,1
les-objectifs-mondiaux,suppression,,1
les-ondes-gravitationnelles,suppression,,1
les-ordinateurs,renommage_regroupement,ordinateurs,1
les-parents,suppression,,1
les-particules-de-l-air,division_compose,"particules, air",1
les-pays-bas,suppression,,1
les-penseurs,suppression,,1
les-phenomenes-paranormaux,renommage_regroupement,phenomene-paranormal,1
les-plus-riches-au-monde,renommage_regroupement,monde,1
les-predateurs,suppression,,1
les-projets,renommage_regroupement,projet,1
les-psychiatres,suppression,,1
les-reactions-chimiques,suppression,,1
les-relations-familiales,suppression,,1
les-reparations,renommage_regroupement,reparation,1
les-riches,suppression,,1
les-saisons,renommage_regroupement,saisons,1
les-scientifiques-du-climat,division_compose,"scientifiques, climats",1
les-secrets-de-la-reussite,suppression,,1
les-sectes,suppression,,1
les-sens-humains,suppression,,1
les-sensations-auditives,suppression,,1
les-sentiments,renommage_regroupement,sentiments,1
les-simpson-serie-tele,suppression,,1
les-techniques,renommage_regroupement,technique,1
les-temps-difficiles,suppression,,1
les-vents,renommage_regroupement,vent,1
les-virus,renommage_regroupement,virus,1
les-youtubeurs,suppression,,1
lesotho,suppression,,1
lettre-de-demande,renommage_regroupement,lettre,1
levitation,suppression,,1
lexicographie,suppression,,1
liberalisme-politique,suppression,,1
liberte-de-la-presse,renommage_regroupement,liberte,1
liberte-de-pensee,division_compose,"liberte, pensee",1
libre-echange,suppression,,1
licence-creative-commons,suppression,,1
licence-libre,suppression,,1
licencie,suppression,,1
licenciements,suppression,,1
liechtenstein,suppression,,1
lien-douteux,suppression,,1
lieu-de-naissance,suppression,,1
lieu-geographie,suppression,,1
lieu-sur,suppression,,1
lieux-de-divertissement,suppression,,1
lieux-en-egypte,suppression,,1
lieux-publics,suppression,,1
lignes-electriques,suppression,,1
lima,suppression,,1
lima-perou,suppression,,1
limitation-de-vitesse,renommage_regroupement,vitesse,1
limitations,suppression,,1
limite-de-demande-fonctionnalite-quora,suppression,,1
limites-de-l-analyse-de-soi,suppression,,1
limites-personnelles,suppression,,1
lindustrie-petroliere,suppression,,1
linux-mint-systeme-d-exploitation,suppression,,1
lions,suppression,,1
lisp-langage-de-programmation,suppression,,1
lit,suppression,,1
lithium,suppression,,1
lithotherapie,suppression,,1
litige,suppression,,1
litterature-erotique,suppression,,1
liturgie-catholique,suppression,,1
livraison-de-courrier,suppression,,1
livre-du-levitique,suppression,,1
livre-guinness-des-records,suppression,,1
livre-le-plus-ancien,suppression,,1
livre-ludique,suppression,,1
livres-a-lire,suppression,,1
livres-academiques,suppression,,1
livres-de-developpement-personnel,suppression,,1
livres-marquants,suppression,,1
livres-pour-enfants-et-jeunes-adultes,division_compose,"livres, enfants",1
livres-preferes,suppression,,1
livres-sur-la-religion,division_compose,"livres, religion",1
lobe-frontal,suppression,,1
lockheed-martin-compagnie,suppression,,1
log,suppression,,1
logarithme,suppression,,1
logiciel-erp,suppression,,1
logique-de-programmation,division_compose,"logique, programmation",1
logique-formelle,suppression,,1
loi-de-l-attraction,suppression,,1
loi-de-la-demande,renommage_regroupement,loi,1
lois-du-pays,division_compose,"loi, pays",1
lois-et-principes-scientifiques,suppression,,1
lois-et-reglementations,division_compose,"loi, reglementation",1
lois-sur-les-armes-a-feu,division_compose,"loi, armes, feu",1
lois-sur-les-armes-en-france,division_compose,"loi, armes, france",1
loisir,renommage_regroupement,loisirs,1
londres,suppression,,1
longevite-humaine,suppression,,1
longitude,suppression,,1
louis-antoine-leon-de-saint-juste,suppression,,1
lourdes-france,suppression,,1
luc-montagnier,suppression,,1
lucidite,suppression,,1
lucifer,suppression,,1
lucioles,suppression,,1
lumiere-fluorescente,suppression,,1
luminotherapie,suppression,,1
lunettes-de-soleil,suppression,,1
lutte-contre-la-surconsommation,suppression,,1
lutte-de-pouvoir,suppression,,1
lutte-politique,suppression,,1
luxe,suppression,,1
luxembourg,suppression,,1
m87,suppression,,1
mach,suppression,,1
machine-a-sous,suppression,,1
machine-enigma,suppression,,1
machine-synchrone-a-aimants-permanents,suppression,,1
machines-a-remonter-le-temps,suppression,,1
machines-a-vapeur,suppression,,1
machisme,suppression,,1
macronisme,suppression,,1
madagascar,suppression,,1
madrid-espagne,suppression,,1
magasins,suppression,,1
magazines,suppression,,1
magiciens,suppression,,1
magie,suppression,,1
magie-paranormal,suppression,,1
magma-terrestre,suppression,,1
magnetiseur,suppression,,1
magnetosphere,suppression,,1
mahatma-ghandi,suppression,,1
main-droite,suppression,,1
main-gauche,suppression,,1
mains,suppression,,1
maintenance-informatique,suppression,,1
mairie,suppression,,1
maisons-mobiles,suppression,,1
majorite,suppression,,1
majorite-absolue,suppression,,1
mal,suppression,,1
mal-aigu-des-montagnes,suppression,,1
maladie-de-la-peau,suppression,,1
maladie-exotique,suppression,,1
maladie-hereditaire,suppression,,1
maladie-physique,division_compose,"maladies, physique",1
maladies-contagieuses,suppression,,1
maladies-des-animaux,division_compose,"maladies, animaux",1
maladies-des-yeux,division_compose,"maladies, yeux",1
maladies-du-coeur,suppression,,1
maladies-du-tissu-conjonctif,suppression,,1
maladies-evitables-par-la-vaccination,suppression,,1
maladies-incurables,suppression,,1
maladies-oculaires,suppression,,1
maladies-parasitaires,suppression,,1
malaises,suppression,,1
malentendus-sur-l-evolution,renommage_regroupement,evolution,1
malheur,suppression,,1
malheureux,suppression,,1
mali,suppression,,1
malware,suppression,,1
mammouth,suppression,,1
management-des-entreprises,division_compose,"management, entreprises",1
management-du-risque,division_compose,"management, risques",1
managers,suppression,,1
manchester-royaume-uni,suppression,,1
manchot,suppression,,1
mangrove,suppression,,1
manicheisme,suppression,,1
manifestant,suppression,,1
manifestation,renommage_regroupement,manifestations,1
manifestations-politiques,suppression,,1
manioc,suppression,,1
manipulateur,suppression,,1
manipulations-genetiques,suppression,,1
mankind,suppression,,1
manuel-scolaire,suppression,,1
manufacturing,suppression,,1
maracaibo-venezuela,suppression,,1
marais,suppression,,1
marathons,suppression,,1
marche-de-l-occasion,suppression,,1
marche-des-commodites,suppression,,1
marche-du-logement,suppression,,1
marche-europeen,suppression,,1
maregraphe,suppression,,1
marginalisation,suppression,,1
marine-a-voile,division_compose,"marine, voile",1
marine-de-guerre,division_compose,"marine, guerre",1
marine-militaire,suppression,,1
marine-nationale-francaise,suppression,,1
mark-twain-auteur,suppression,,1
marketing-de-contenu,division_compose,"marketing, contenu",1
marketing-de-luxe,renommage_regroupement,marketing,1
marketing-internet,suppression,,1
marketing-produit,suppression,,1
marques-commerciales,suppression,,1
marques-de-luxe,renommage_regroupement,marques,1
marsupiaux,suppression,,1
marteau-outil,suppression,,1
marxistes,suppression,,1
masaru-emoto,suppression,,1
masque,suppression,,1
masques-faciaux-equipement-de-protection,suppression,,1
masse-d-un-trou-noir,suppression,,1
masse-molaire-chimie,suppression,,1
masse-moleculaire,suppression,,1
masters,suppression,,1
masturbation,suppression,,1
materiaux-de-synthese,renommage_regroupement,materiaux,1
materiel-audio,suppression,,1
materiels-machines,suppression,,1
maternage,suppression,,1
math-sciences,suppression,,1
mathematique-suite-logique,suppression,,1
mathematiques-approfondies,suppression,,1
mathematiques-avancees,suppression,,1
mathematiques-et-applications,suppression,,1
mathematiques-fondamentales,suppression,,1
mathematiques-informatique-applique,suppression,,1
mathematiques-pures,suppression,,1
matrices-mathematiques,suppression,,1
mauvais-comportement-sur-internet,division_compose,"mauvais-comportement, internet",1
mauvaise-qualite,suppression,,1
mauvaises-experiences,suppression,,1
mecanique-de-lagrange,suppression,,1
mecanique-des-vagues,suppression,,1
mecanisme-de-toilettes,suppression,,1
mecanismes-d-adaptation,renommage_regroupement,adaptation,1
mecontentement,suppression,,1
medecin-legiste,suppression,,1
medecine-ancienne,suppression,,1
medecine-douce,suppression,,1
medecine-et-sante,division_compose,"medecine, sante",1
medecine-naturopathique,suppression,,1
medecine-veterinaire,suppression,,1
medias-occidentaux,suppression,,1
medias-russes,suppression,,1
medicaments,suppression,,1
medicaments-contre-le-tdah,suppression,,1
medicaments-et-composes-antiviraux,suppression,,1
medicaments-sur-ordonnance,suppression,,1
meditation,suppression,,1
mediums,suppression,,1
mefiance,suppression,,1
mega-structure,suppression,,1
meilleures-citations,suppression,,1
meilleurs-livres-de-vente,suppression,,1
memoire-de-travail,division_compose,"memoire, travail",1
memoire-informatique,division_compose,"memoire, informatique",1
memoires-fin-d-etude,suppression,,1
mensch,suppression,,1
mensonge,suppression,,1
mental-humain,suppression,,1
mentalisme,suppression,,1
mentalistes,suppression,,1
menton,suppression,,1
mepris,suppression,,1
meres,suppression,,1
mesoamerique,suppression,,1
mesozoique,suppression,,1
messagerie-privee,suppression,,1
messages,suppression,,1
messages-prives,suppression,,1
messianisme,suppression,,1
mesures-de-securite,division_compose,"mesure, securite",1
mesures-des-liquides,renommage_regroupement,mesure,1
metabolisme-de-l-azote,suppression,,1
metabolisme-humain,suppression,,1
metallurgie,suppression,,1
metamorphose-biologie,suppression,,1
metaphore,suppression,,1
metaprogrammation,suppression,,1
meteo-marine,suppression,,1
meteorologie-de-l-espace,division_compose,"meteorologie, espace",1
methane-compose-chimique,suppression,,1
methode-pour-apprendre-la-programmation,renommage_regroupement,methodes,1
methodes-de-concentration,suppression,,1
methodes-de-contestations-politiques,suppression,,1
methodes-de-peine-capitale,renommage_regroupement,methodes,1
methodes-mathematiques-en-relativite-generale,suppression,,1
methodes-quantitatives,suppression,,1
metiers,suppression,,1
metiers-du-numerique,suppression,,1
meuble,suppression,,1
michel-barnier,suppression,,1
michel-mayor,suppression,,1
micro,suppression,,1
micro-onde,suppression,,1
microbiologie-de-l-environnement,division_compose,"microbiologie, environnement",1
microbiologie-medicale,suppression,,1
microeconomie,suppression,,1
micron-societe,suppression,,1
microphones,suppression,,1
microplastiques,suppression,,1
microscope,suppression,,1
microsoft-entreprise,suppression,,1
microsoft-typescript,suppression,,1
midi,suppression,,1
milan,suppression,,1
milieu-rural,suppression,,1
milieu-urbain,suppression,,1
militaire,suppression,,1
millimetre,suppression,,1
minage,suppression,,1
mindset-et-richesse,suppression,,1
minerai-de-fer,suppression,,1
mineurs,suppression,,1
ministere-de-l-education,suppression,,1
ministre-gouvernement,suppression,,1
minitel,suppression,,1
minorites,suppression,,1
minorites-sexuelles-et-de-genre,suppression,,1
minutes,suppression,,1
miracles,suppression,,1
mise-en-danger,suppression,,1
misericorde-divine,suppression,,1
missing-link,suppression,,1
mission,suppression,,1
missions-spaciales,suppression,,1
mobilier,suppression,,1
mobiliere,suppression,,1
mobilite-durable,suppression,,1
mobilite-etudiante,suppression,,1
mobilite-internationale,suppression,,1
mobilite-sociale,suppression,,1
mode-de-consommation,division_compose,"mode, consommation",1
mode-de-production,division_compose,"mode, production",1
mode-de-transport,division_compose,"mode, transports",1
modele-d-entreprise,division_compose,"modele, entreprises",1
modele-lineaire,suppression,,1
modele-statistique,suppression,,1
modeles,renommage_regroupement,modele,1
modelisation-3d,suppression,,1
modelisation-des-donnees,division_compose,"modelisation, donnees",1
modelisation-predictive,suppression,,1
modelisation-scientifique,suppression,,1
modernisation,suppression,,1
modernite,suppression,,1
modes-de-scrutin,suppression,,1
modes-de-vie-alternatifs,suppression,,1
modification-de-l-atome,suppression,,1
moelle-epiniere,suppression,,1
mohandas-karamchand-gandhi,suppression,,1
moise-figure-biblique,suppression,,1
moment-angulaire-physique,suppression,,1
moment-d-inertie-physique,suppression,,1
moment-dipolaire,suppression,,1
momies-egyptiennes,suppression,,1
momies-embaumement,suppression,,1
mon-opinion,suppression,,1
monaco,suppression,,1
monarchie-de-france,division_compose,"monarchie, france",1
monarchies,renommage_regroupement,monarchie,1
monde-du-travail,division_compose,"monde, travail",1
monde-musulman,suppression,,1
monde-occidental,suppression,,1
monde-planete-terre,suppression,,1
monetisation,suppression,,1
monnaie-mondiale,suppression,,1
monolithe,suppression,,1
monotheisme,suppression,,1
monsanto,suppression,,1
mont-blanc,suppression,,1
mont-saint-michel,suppression,,1
montagnes-et-lacs,suppression,,1
montee-des-eaux,suppression,,1
montreal,suppression,,1
montres-automatiques,suppression,,1
montres-mecaniques,renommage_regroupement,montre-mecanique,1
montres-suisses,suppression,,1
monuments-symboliques,suppression,,1
moralisme,suppression,,1
moringa,suppression,,1
mormons,suppression,,1
morphologie-du-poisson,suppression,,1
mort-de-celebrites,suppression,,1
mort-de-personnage,suppression,,1
mort-subite,suppression,,1
mortalite-infantile,suppression,,1
mossad,suppression,,1
moteur-a-antimatiere,division_compose,"moteur, antimatiere",1
moteur-a-essence,division_compose,"moteur, essence",1
moteur-stirling,suppression,,1
moteurs-a-combustion,division_compose,"moteur, combustion",1
moteurs-a-pistons,suppression,,1
moteurs-a-reaction,division_compose,"moteur, reaction",1
moteurs-de-jeux-videos,suppression,,1
moteurs-de-recherche,division_compose,"moteur, recherche",1
moteurs-de-voiture,division_compose,"moteur, voitures",1
motion-de-censure,suppression,,1
motivation-reel,suppression,,1
motivation-sportive,suppression,,1
motivations,renommage_regroupement,motivation,1
mots-de-passe,renommage_regroupement,mot,1
mouches,suppression,,1
moulinex,suppression,,1
mourir,suppression,,1
moustiques,suppression,,1
mouvement-d-un-projectile,suppression,,1
mouvement-des-gilets-jaunes,suppression,,1
mouvement-harmonique-simple,suppression,,1
mouvements-religieux,suppression,,1
moyen-de-transport,suppression,,1
moyenne-statistiques,suppression,,1
moyennes-scolaires-et-admissions-universitaires,suppression,,1
multidimension,suppression,,1
multidisciplinaire,suppression,,1
multilinguisme,suppression,,1
multinationales,suppression,,1
multiplication,suppression,,1
muon,suppression,,1
mur-du-son,suppression,,1
musee-du-louvre,suppression,,1
musees,suppression,,1
musique-bresilienne,suppression,,1
musique-classique,suppression,,1
musique-espagnole,suppression,,1
mysteres-anciens,suppression,,1
mysteres-inexpliques-de-l-univers,renommage_regroupement,univers,1
mysticisme-chretien,suppression,,1
mystique,suppression,,1
mythe-scientifique,suppression,,1
mythes-de-creation-du-monde,division_compose,"mythe, creation, monde",1
mythes-et-legendes-anciens-ou-traditionnels,suppression,,1
mythologie-hindoue,suppression,,1
nage-en-mer,suppression,,1
nager,suppression,,1
naissance-de-jesus,renommage_regroupement,jesus,1
nakba-exode-palestinien-de-1948-un-evenement,suppression,,1
nanometre,suppression,,1
nanoparticule,suppression,,1
narcotrafiquant,suppression,,1
nation,suppression,,1
nationalite,suppression,,1
natural-habitat,suppression,,1
naturalistes,suppression,,1
naturopathes,suppression,,1
navette-spatiale-pour-voyager-dans-l-espace,suppression,,1
navigation-de-plaisance,suppression,,1
navigation-gps,suppression,,1
navigation-satellite,suppression,,1
navigation-traditionnelle,suppression,,1
navires,suppression,,1
necessite,suppression,,1
necessites-quotidiennes,suppression,,1
neige,suppression,,1
neil-degrasse-tyson-astrophysicien,suppression,,1
nelson-mandela,suppression,,1
nettoyage,suppression,,1
nettoyage-ethnique,suppression,,1
neurochimie,suppression,,1
neuropharmacologie,suppression,,1
neurophysiologie,suppression,,1
neurosciences-cognitives-et-comportementales,suppression,,1
neurotransmetteurs,suppression,,1
neutralite-du-net,suppression,,1
neuvieme-planete,suppression,,1
new-testament,suppression,,1
new-york,suppression,,1
nick-cave-musicien-australien,suppression,,1
nicolas-maduro,suppression,,1
niels-bohr-physicien,suppression,,1
niger,suppression,,1
niqab,suppression,,1
nitrogene,suppression,,1
niveau-d-education,suppression,,1
niveau-de-developpement,suppression,,1
niveau-intellectuel,suppression,,1
niveau-scolaire,suppression,,1
noel,suppression,,1
noeuds-vitesse,suppression,,1
noir-couleur,suppression,,1
noix-de-coco,suppression,,1
nom-du-produit,division_compose,"nom, produit",1
nom-scientifique,suppression,,1
nombre-chanceux,suppression,,1
nombre-de-graham,suppression,,1
nombre-reel,suppression,,1
nombres-consecutifs,suppression,,1
nombres-impairs,suppression,,1
nombres-rationnels,suppression,,1
nombres-specifiques,suppression,,1
nominations-au-prix-nobel,suppression,,1
noms,renommage_regroupement,nom,1
noms-d-utilisateurs,suppression,,1
noms-de-domaine,suppression,,1
noms-de-variables,renommage_regroupement,nom,1
noms-et-appellation,suppression,,1
non-americain,suppression,,1
non-binaire,suppression,,1
non-conventionnel,suppression,,1
non-croyants,suppression,,1
non-naturel,suppression,,1
non-newtonian-fluids,suppression,,1
nord,suppression,,1
normalisation,suppression,,1
normalite,suppression,,1
nostalgie,suppression,,1
notoriete,suppression,,1
noumene,suppression,,1
nourrisson,suppression,,1
nourriture-epicee,suppression,,1
nourriture-etrange,suppression,,1
nourriture-inhabituelle,suppression,,1
nourriture-plus-saine,suppression,,1
nourriture-transformee,suppression,,1
nouveau-projet,suppression,,1
nouvel-an,suppression,,1
nouvelles-techniques,suppression,,1
nova,suppression,,1
novartis-societe,suppression,,1
nuage,suppression,,1
nuancier,suppression,,1
nucl-physics,suppression,,1
nuisible,suppression,,1
nuit,suppression,,1
nullite,suppression,,1
numerique,suppression,,1
numerisation-3d,suppression,,1
numerologie,suppression,,1
numeros,suppression,,1
nutriments,suppression,,1
objectifs-de-vie,renommage_regroupement,vie,1
objet-de-desir,renommage_regroupement,objet,1
objet-suprenant,suppression,,1
objets-de-luxe,renommage_regroupement,objet,1
objets-de-valeur,suppression,,1
objets-du-quotidien,suppression,,1
objets-electroniques,suppression,,1
objets-fragiles,suppression,,1
objets-geometriques,suppression,,1
objets-hypothetiques,suppression,,1
objets-insolites,suppression,,1
objets-trouves,suppression,,1
objets-voyage,suppression,,1
obligation,suppression,,1
obligations,suppression,,1
obscenite,suppression,,1
obscurite,suppression,,1
observateur,suppression,,1
observation-des-erreurs,renommage_regroupement,observation,1
observations,renommage_regroupement,observation,1
observations-de-la-vie,division_compose,"observation, vie",1
obsession,suppression,,1
obsession-du-poids,renommage_regroupement,poids,1
obstacles-dans-la-vie,renommage_regroupement,vie,1
occultisme,suppression,,1
occupation,suppression,,1
oceanie,suppression,,1
oceanographie-biologique,suppression,,1
odeur-corporelle,suppression,,1
odeurs,suppression,,1
oesoterisme,suppression,,1
office-des-brevets-et-des-marques-des-etats-unis,suppression,,1
offre-publique-de-rachat-d-actions,suppression,,1
offres-d-emplois,suppression,,1
ogive-nucleaire,suppression,,1
ohm-unite-si,suppression,,1
oiseaux-sauvages,suppression,,1
oiseaux-volants,suppression,,1
oligarques-russes,suppression,,1
oman,suppression,,1
onde-de-choc,suppression,,1
ong,suppression,,1
operateur-hamiltonien,suppression,,1
operations-finance,suppression,,1
operations-sur-actions,suppression,,1
opinions-societales,suppression,,1
opportunites,suppression,,1
opportunites-d-affaires,renommage_regroupement,affaires,1
opportunites-d-emploi,renommage_regroupement,emploi,1
opposition,suppression,,1
opposition-a-la-science,renommage_regroupement,sciences,1
oppression,suppression,,1
optimisation-de-conversion,suppression,,1
optimisation-pour-les-moteurs-de-recherche-seo,suppression,,1
optique-ondulatoire,suppression,,1
orangs-outans,suppression,,1
orbite-terrestre-basse,suppression,,1
orbites-des-satellites,division_compose,"orbites, satellites",1
ordinateurs-de-bureau,suppression,,1
organisation-de-liberation-de-la-palestine,suppression,,1
organisation-et-gestion-des-entreprises,division_compose,"organisation, gestion, entreprises",1
organisation-mondiale-de-la-sante,suppression,,1
organisations-humanitaires,suppression,,1
organisme,suppression,,1
organisme-aquatique,suppression,,1
organismes-unicellulaires,suppression,,1
orientation-et-conseil,division_compose,"orientation, conseils",1
orientation-scolaire,suppression,,1
orientation-universitaire,suppression,,1
originalite,suppression,,1
origines-d-expressions,suppression,,1
origines-ethniques,suppression,,1
ornithologie,suppression,,1
orques,suppression,,1
orthodontie,suppression,,1
orthodontistes,suppression,,1
orthodoxe-religion,suppression,,1
orthographe-et-grammaire-francaise,suppression,,1
oscillations,suppression,,1
osteologie-humaine,suppression,,1
ostracisme,suppression,,1
otages,suppression,,1
ouest,suppression,,1
ouie,suppression,,1
oumuamua-asteroid,suppression,,1
oursons-bonbon,suppression,,1
outils-de-redaction,suppression,,1
outils-informatiques,suppression,,1
outils-pour-les-programmeurs,suppression,,1
ozone-et-couche-d-ozone,suppression,,1
pablo-picasso-artiste,suppression,,1
paix-israelo-palestinienne,suppression,,1
palindromes,suppression,,1
panda,suppression,,1
panda-geant,suppression,,1
pangolin,suppression,,1
panne-d-electricite,division_compose,"panne, electricite",1
pantheon,suppression,,1
pantheon-monument-a-paris,suppression,,1
papier-a-ecrire,suppression,,1
papillons-et-mites,suppression,,1
papouasie-nouvelle-guinee,suppression,,1
par-exemple,suppression,,1
paradigmes-de-programmation,suppression,,1
paralysie,suppression,,1
parapsychologie,suppression,,1
parasitologie,suppression,,1
parc-national-de-la-vallee-de-la-mort,suppression,,1
parcours-de-vie,suppression,,1
parcours-personnel,suppression,,1
parcs-d-attractions,suppression,,1
parentalite-et-education,division_compose,"parentalite, education",1
parente,suppression,,1
parenting,suppression,,1
parents,suppression,,1
parents-jeunes,suppression,,1
parisien,suppression,,1
parisiens,suppression,,1
paroles-de-chansons,suppression,,1
partage-d-idees,division_compose,"partage, idees",1
partage-d-information,division_compose,"partage, information",1
partage-d-informations,division_compose,"partage, information",1
partager,suppression,,1
partenaires,suppression,,1
partenariat,suppression,,1
parti-chretien-democrate,suppression,,1
parti-democrate-politique-americaine,suppression,,1
parti-pris,suppression,,1
parti-republicain-politique-americaine,suppression,,1
parti-social-democrate-d-allemagne,suppression,,1
participation-du-public,suppression,,1
particule-beta,suppression,,1
particule-subatomique,suppression,,1
particuliers,suppression,,1
partis-politiques-allemands,suppression,,1
partis-politiques-americains,suppression,,1
partitionnement-de-disque,suppression,,1
partitions,suppression,,1
pascal-langage-de-programmation,suppression,,1
passagers,suppression,,1
passe-sanitaire,suppression,,1
passion,suppression,,1
passionne-de-sciences,suppression,,1
pathogenes,suppression,,1
pathologie-du-beton,suppression,,1
patinage-artistique,suppression,,1
patinage-sur-glace,suppression,,1
patrimoine-culturel,suppression,,1
patrimoine-mondial,suppression,,1
patriotisme,suppression,,1
patriotisme-economique,suppression,,1
patrons,suppression,,1
patrons-difficiles,suppression,,1
pauperisation,suppression,,1
pauvrete-en-france,division_compose,"pauvrete, france",1
pays-africains,suppression,,1
pays-d-accueil,suppression,,1
pays-d-afrique,division_compose,"pays, afrique",1
pays-d-amerique-du-sud,division_compose,"pays, ameriques, sud",1
pays-d-amerique-latine,renommage_regroupement,pays,1
pays-d-europe,division_compose,"pays, europe",1
pays-dangereux,suppression,,1
pays-du-monde,division_compose,"pays, monde",1
pays-enclaves,suppression,,1
pays-etranger,suppression,,1
pays-francophones,suppression,,1
pays-industrialises,suppression,,1
pays-nordiques,suppression,,1
pays-petroliers,suppression,,1
pays-puissants,suppression,,1
pc-portable,suppression,,1
pdg,suppression,,1
peages,suppression,,1
peche,suppression,,1
peche-industrielle,suppression,,1
peine-capitale,suppression,,1
peintres,suppression,,1
pelerinages,suppression,,1
pendule,suppression,,1
pendule-physique,renommage_regroupement,physique,1
peninsule-iberique,suppression,,1
pensee-abstraite,suppression,,1
pensee-analytique,suppression,,1
pensee-consciente,suppression,,1
pensee-creative,suppression,,1
pensee-personnelle,suppression,,1
pensee-positive,suppression,,1
pensees-blaise-pascal,suppression,,1
pensees-inspirantes,suppression,,1
pensees-intrusives,suppression,,1
penseur,suppression,,1
penseurs-eminents,suppression,,1
penseurs-verts,suppression,,1
penurie,suppression,,1
people,suppression,,1
perception-extrasensorielle,suppression,,1
performance-academique,suppression,,1
performance-artistique,suppression,,1
performance-athletique,suppression,,1
performances-physique,suppression,,1
periode-glaciaire,suppression,,1
personal-finance,suppression,,1
personnages-de-jeux-video,suppression,,1
personnages-de-star-wars,suppression,,1
personnages-religieux,suppression,,1
personne-lambda,suppression,,1
personne-moyenne,suppression,,1
personnel-militaire,suppression,,1
personnel-politique,suppression,,1
personnel-soignant,suppression,,1
personnes-aveugles,suppression,,1
personnes-celebres,suppression,,1
personnes-disparues,suppression,,1
personnes-handicapees,suppression,,1
personnes-influentes,suppression,,1
personnes-non-vaccinees,suppression,,1
personnes-pauvres,suppression,,1
personnes-riches,suppression,,1
personnes-toxiques,suppression,,1
personnes-transgenres,suppression,,1
perspective,suppression,,1
perte-d-emploi,suppression,,1
perte-de-l-audition,suppression,,1
pertes-financieres,suppression,,1
pertinence,suppression,,1
perturbation-de-l-education,suppression,,1
peste,suppression,,1
petit-reacteur-nucleaire,suppression,,1
peuple,renommage_regroupement,peuples,1
peuple-iranien,suppression,,1
peuples-du-moyen-orient,division_compose,"peuples, moyen-orient",1
phares-maritimes,suppression,,1
pharmacie,suppression,,1
pharmacien,suppression,,1
phenomene-meteorologique-specifique,suppression,,1
phenomenes-thermiques,suppression,,1
phenomenologie-philosophie,suppression,,1
philanthropie,suppression,,1
philosophe-ecrivain,suppression,,1
philosophie-analytique,suppression,,1
philosophie-de-l-art,division_compose,"philosophie, art",1
philosophie-de-l-education,division_compose,"philosophie, education",1
philosophie-de-l-histoire,division_compose,"philosophie, histoire",1
philosophie-de-l-islam,division_compose,"philosophie, islam",1
philosophie-de-la-mecanique-quantique,division_compose,"philosophie, mecanique-quantique",1
philosophie-du-droit,division_compose,"philosophie, droit",1
philosophie-du-quotidien,suppression,,1
philosophie-et-culture,division_compose,"philosophie, culture",1
philosophie-grecque,suppression,,1
philosophie-hindoue,suppression,,1
philosophie-moderne,suppression,,1
philosophie-occidentale,suppression,,1
phonetique-acoustique,suppression,,1
phonologie,suppression,,1
phosphore,suppression,,1
photos-incroyables,suppression,,1
phototherapie,suppression,,1
phrases,suppression,,1
phylogenie,suppression,,1
physicalisme,suppression,,1
physiciens-des-particules,division_compose,"physiciens, particules",1
physics-of-radiations,suppression,,1
physique-appliquee,suppression,,1
physique-de-la-matiere-condensee,suppression,,1
physique-numerique,suppression,,1
physique-propagation,suppression,,1
pieces-de-monnaie,suppression,,1
pierre-de-fermat-avocat-francais,suppression,,1
pierre-precieuse,suppression,,1
piet-mondrian,suppression,,1
piezoelectronique,suppression,,1
pile-electrique,suppression,,1
pillage,suppression,,1
pilosite-corps,suppression,,1
pilotage-d-avion,suppression,,1
pilotage-d-helicoptere,suppression,,1
pilote,suppression,,1
pilote-d-helicoptere,renommage_regroupement,helicopteres,1
pingouins,suppression,,1
piratage-securite-informatique,suppression,,1
pirate-informatique,suppression,,1
piscines,suppression,,1
pistons-moteurs,suppression,,1
pitie,suppression,,1
plagiat-et-tricherie-academique,suppression,,1
plaine,suppression,,1
plaintes,suppression,,1
plaisir,suppression,,1
plan,suppression,,1
plan-international,suppression,,1
planche-a-roulettes,suppression,,1
planck-satellite,suppression,,1
plancton,suppression,,1
plancton-organismes,suppression,,1
planete-bleue,suppression,,1
planification-de-voyage,suppression,,1
planification-financiere,suppression,,1
plant-science,suppression,,1
plantages,suppression,,1
plantes-a-fleurs,suppression,,1
plantes-medicinales,suppression,,1
plaques,suppression,,1
plasma,suppression,,1
plasticite,suppression,,1
plasturgie,suppression,,1
plateforme-de-question-reponses,suppression,,1
pleine-lune,suppression,,1
plexiglas,suppression,,1
plongee,suppression,,1
pluies-acides,suppression,,1
pluralisme,suppression,,1
pluridisciplinaire,suppression,,1
pneus-de-voiture-et-d-automobile,suppression,,1
point-de-congelation,suppression,,1
point-zero,suppression,,1
points-d-ebullition,suppression,,1
polarisation-politique,suppression,,1
pole-nord,suppression,,1
pole-sud,suppression,,1
polemiques,suppression,,1
police,suppression,,1
police-nationale,suppression,,1
polio,suppression,,1
politesse,suppression,,1
politique-allemande,suppression,,1
politique-au-proche-orient,suppression,,1
politique-de-droite,division_compose,"politique, droite",1
politique-de-gauche,renommage_regroupement,politique,1
politique-de-l-enfant-unique,suppression,,1
politique-de-la-turquie,suppression,,1
politique-du-royaume-uni,division_compose,"politique, royaume-uni",1
politique-economique-des-etats-unis,division_compose,"politique-economique, etats-unis",1
politique-en-bolivie,renommage_regroupement,politique,1
politique-en-libye,renommage_regroupement,politique,1
politique-energetique-de-l-union-europeenne,suppression,,1
politique-et-gouvernement-d-israel,division_compose,"politique, gouvernement, israel",1
politique-et-gouvernement-de-l-allemagne,division_compose,"politique, gouvernement, allemagne",1
politique-gouvernementale,suppression,,1
politique-migratoire,suppression,,1
politique-municipale,suppression,,1
politique-ukrainienne,suppression,,1
politiques-et-recommandations-de-quora,suppression,,1
pollinisateurs,suppression,,1
pollution-des-oceans,division_compose,"pollution, oceans",1
pollution-urbaine,suppression,,1
pologne,suppression,,1
polyglottes,suppression,,1
ponctualite,suppression,,1
ponts-structure,suppression,,1
ponts-suspendus,suppression,,1
popularite-sur-internet,renommage_regroupement,internet,1
population-britannique,suppression,,1
population-francaise,suppression,,1
populations-occidentales,suppression,,1
pornographie,suppression,,1
port,suppression,,1
port-d-armes,renommage_regroupement,armes,1
porte-avions,suppression,,1
portee-de-reception,suppression,,1
portugal,suppression,,1
positionnement,suppression,,1
positron,suppression,,1
positrons,suppression,,1
possession-d-armes,suppression,,1
post-democratie,suppression,,1
potentialite,suppression,,1
potentiel,suppression,,1
potentiel-electrique,suppression,,1
poulets,suppression,,1
pourcentage,suppression,,1
poussiere,suppression,,1
pouvoir-autorite,suppression,,1
pouvoir-et-influence-politiques,suppression,,1
pouvoirs-magiques,suppression,,1
pouvoirs-presidentiels,suppression,,1
pratique-du-sport,suppression,,1
pratique-medicale,suppression,,1
pratique-sportive,suppression,,1
pratiques-commerciales,suppression,,1
precarite-sociale,suppression,,1
precautions-de-securite,suppression,,1
precipitation,suppression,,1
precipitations,suppression,,1
predateurs,suppression,,1
predictions-astrologie,suppression,,1
predictions-generales,suppression,,1
predictions-politique,division_compose,"predictions, politique",1
preferences-personnelles,suppression,,1
pregnancy,suppression,,1
prejuge-racial,suppression,,1
prejuges,renommage_regroupement,prejuge,1
preliminaires,suppression,,1
premiere-classe,suppression,,1
premiers-ministres-d-israel,renommage_regroupement,israel,1
premonitions,suppression,,1
preoccupation,suppression,,1
preparation-a-la-vie-d-adulte,suppression,,1
preparation-au-test,suppression,,1
preparation-des-repas,suppression,,1
preparation-mentale,suppression,,1
preparation-physique,suppression,,1
present-temps-de-conjugaison,suppression,,1
presentation-orale,suppression,,1
presentation-reunions,suppression,,1
preservation-des-donnees,suppression,,1
presidence,suppression,,1
presidents-africains,suppression,,1
presidents-de-la-chine,division_compose,"president, chine",1
presse,suppression,,1
presse-ecrite,suppression,,1
pression-du-gaz,division_compose,"pression, gaz",1
pret-etudiant,suppression,,1
preuve-historique,suppression,,1
preuves,renommage_regroupement,preuve,1
prevention-de-la-fraude,division_compose,"prevention, fraude",1
prevention-du-cancer,division_compose,"prevention, cancer",1
priere,suppression,,1
principe,suppression,,1
principe-anthropique,suppression,,1
principe-d-equivalence,suppression,,1
principe-de-pareto,suppression,,1
principe-de-survie,suppression,,1
principe-de-vie,renommage_regroupement,vie,1
principe-politique,renommage_regroupement,politique,1
principes-premiers,suppression,,1
principia-mathematica,suppression,,1
priorites-de-la-vie,renommage_regroupement,vie,1
prise-de-conscience-generale,suppression,,1
prise-de-risque,suppression,,1
prisme,suppression,,1
prisonniers,suppression,,1
prisons-et-vie-carcerale,suppression,,1
prix-a-payer,suppression,,1
prix-de-l-or,division_compose,"prix, or",1
prix-des-billets-d-avion,suppression,,1
prix-des-carburants,division_compose,"prix, carburants",1
prix-du-petrole,division_compose,"prix, petrole",1
prix-nobel-de-la-paix,division_compose,"prix-nobel, paix",1
probabilites-et-loteries,renommage_regroupement,probabilite,1
probleme-d-arret,suppression,,1
probleme-difficile-de-conscience,suppression,,1
probleme-np,suppression,,1
probleme-politique,renommage_regroupement,problemes-politiques,1
problemes-cardiaques,suppression,,1
problemes-de-sante,division_compose,"probleme, sante",1
problemes-de-sommeil,renommage_regroupement,probleme,1
problemes-de-technologie,division_compose,"probleme, technologies",1
problemes-humains,suppression,,1
problemes-informatiques,suppression,,1
problemes-ouverts,suppression,,1
problemes-theologiques,suppression,,1
procedes-de-fabrication,suppression,,1
procedure,suppression,,1
processus-creatif,suppression,,1
processus-d-apprentissage,division_compose,"processus, apprentissage",1
processus-d-embauche,suppression,,1
processus-de-creation,division_compose,"processus, creation",1
processus-de-pensee,division_compose,"processus, pensee",1
processus-de-vieillissement,division_compose,"processus, vieillissement",1
procreation-medicale-assistee,suppression,,1
production-agricole,suppression,,1
production-d-eau,division_compose,"production, eau",1
production-d-electricite,division_compose,"production, electricite",1
production-de-petrole-et-de-gaz,suppression,,1
production-de-richesses,division_compose,"production, richesse",1
productivite,suppression,,1
produit-chimique-toxique,suppression,,1
produit-interieur-brut,suppression,,1
produit-matriciel,suppression,,1
produits,renommage_regroupement,produit,1
produits-chimiques-commodites,suppression,,1
produits-chimiques-dangereu,suppression,,1
produits-commerciaux,suppression,,1
produits-de-luxe,renommage_regroupement,produit,1
produits-derives-finances,suppression,,1
produits-et-services-de-consommation,division_compose,"produit, service, consommation",1
produits-naturels,suppression,,1
produits-numeriques,suppression,,1
profession-reglementee,suppression,,1
professionnel,suppression,,1
professionnel-de-sante,renommage_regroupement,sante,1
profil-aerodynamique,suppression,,1
profiter,suppression,,1
progeniture-hybride,suppression,,1
programmation-de-logiciels,division_compose,"programmation, logiciels",1
programmation-fonctionnelle,suppression,,1
programmation-genetique,suppression,,1
programmation-imperative,suppression,,1
programmation-pour-debutants,renommage_regroupement,programmation,1
programmation-python-javascript,suppression,,1
programmation-quantique,suppression,,1
programme-d-exploration-de-mars,suppression,,1
programme-de-television,suppression,,1
programme-gemini-programme-spatial,suppression,,1
programmes-de-la-nasa,suppression,,1
programmes-televises,suppression,,1
progres-scientifiques,suppression,,1
progressisme,suppression,,1
proie,suppression,,1
proie-animaux,suppression,,1
project-euler-site-internet,suppression,,1
projectiles,suppression,,1
projet-de-fin-d-etudes,suppression,,1
projet-de-recherche,division_compose,"projet, recherche",1
projet-de-societe,division_compose,"projet, societe",1
projet-manhattan,suppression,,1
projet-mk-ultra,suppression,,1
projet-scolaire,suppression,,1
projets-de-vie,division_compose,"projet, vie",1
projets-scientifiques,suppression,,1
prolog-langage-de-programmation,suppression,,1
prolongation-de-vie,suppression,,1
promesses-electorales,suppression,,1
propagande-politique,division_compose,"propagande, politique",1
propagation-des-plantes,renommage_regroupement,plantes,1
proposition,suppression,,1
proprietaires-d-esclaves,suppression,,1
propriete-immobiliere,suppression,,1
propriete-privee,suppression,,1
propriete-publique,suppression,,1
proprietes-du-plastique,division_compose,"proprietes, plastique",1
propulsion-spatiale,suppression,,1
proselytisme,suppression,,1
prospective-strategique,suppression,,1
protection-des-enfants,division_compose,"protection, enfants",1
protection-des-mineurs,renommage_regroupement,protection,1
protection-des-vegetaux,renommage_regroupement,protection,1
protection-informatiques,suppression,,1
protectionnisme,suppression,,1
protectionnisme-americain,suppression,,1
protheses,suppression,,1
protocole,suppression,,1
protocole-de-kyoto,suppression,,1
protocoles-de-routage,suppression,,1
prototypage,suppression,,1
prototypes,suppression,,1
provence-alpes-cote-d-azur-france,suppression,,1
proverbes,suppression,,1
proverbes-dictons-et-adages,suppression,,1
providence,suppression,,1
providence-religion,renommage_regroupement,religion,1
provoquer-la-reflexion,suppression,,1
proxima-centauri,suppression,,1
pseudo-science,suppression,,1
psychanalyse,suppression,,1
psyche-humaine,suppression,,1
psychobiologie,suppression,,1
psychologie-canine,suppression,,1
psychologie-criminelle,suppression,,1
psychologie-de-l-auto-amelioration,suppression,,1
psychologie-du-consommateur,division_compose,"psychologie, consommateur",1
psychologie-du-couple,renommage_regroupement,psychologie,1
psychologie-du-travail-et-des-organisations,suppression,,1
psychologie-judiciaire,suppression,,1
psychometrie,suppression,,1
psychopharmacologie,suppression,,1
public-eye-on-davos,suppression,,1
publication,suppression,,1
publications,suppression,,1
puissance-militaire,suppression,,1
puzzles,suppression,,1
puzzles-et-jeux,renommage_regroupement,jeux,1
pyramide,suppression,,1
pyramide-de-kheops,suppression,,1
python-3,suppression,,1
qi-de-haut-niveau,suppression,,1
quadriplegique,suppression,,1
qualia,suppression,,1
qualite-de-l-eau,division_compose,"qualite, eau",1
qualite-de-l-education,division_compose,"qualite, education",1
qualite-de-service,division_compose,"qualite, service",1
qualite-de-vie-en-france,division_compose,"qualite, vie, france",1
qualite-des-aliments,division_compose,"qualite, aliments",1
qualite-du-beton,renommage_regroupement,qualite,1
qualite-du-code,renommage_regroupement,qualite,1
qualite-du-logiciel,division_compose,"qualite, logiciels",1
qualite-sonore,suppression,,1
qualite-video,suppression,,1
qualites,renommage_regroupement,qualite,1
qualites-humaines,suppression,,1
quantites,suppression,,1
quantum-physics,suppression,,1
quasar,suppression,,1
quechua-langue,suppression,,1
queen-le-groupe,suppression,,1
question-de-conseil,division_compose,"questions, conseils",1
question-debile,suppression,,1
question-directe,suppression,,1
question-stupide,suppression,,1
questions-bibliques,suppression,,1
questions-de-genre,division_compose,"questions, genre",1
questions-internationales,suppression,,1
questions-juridiques,suppression,,1
questions-relatives-aux-f-35,suppression,,1
questions-supprimees-sur-quora,suppression,,1
questions-sur-les-chiffres,division_compose,"questions, chiffres",1
questions-trolls-mal-ecrites,suppression,,1
questions-x,suppression,,1
queue,suppression,,1
qui-est-dieu,suppression,,1
quiz,suppression,,1
quiz-questions,suppression,,1
quora-en-francais,renommage_regroupement,quora,1
quora-entreprise,suppression,,1
quoran,suppression,,1
quorans-francais,suppression,,1
qwant,suppression,,1
races,renommage_regroupement,race,1
races-hybrides,suppression,,1
racine-carree,suppression,,1
racines-mathematiques,division_compose,"racine, mathematiques",1
raclette,suppression,,1
radio,suppression,,1
radiofrequence,suppression,,1
radioisotope,suppression,,1
radioprotection,suppression,,1
radiotelescope,suppression,,1
rage,suppression,,1
raisons-de-vivre,suppression,,1
ralenti,suppression,,1
ralentissement,suppression,,1
randonnee,suppression,,1
rapidite,suppression,,1
rapports-annuels,suppression,,1
rapports-familiaux,suppression,,1
rapports-humains,suppression,,1
ratio-d-or-phi,suppression,,1
ratio-et-proportion,suppression,,1
rationalistes,suppression,,1
rationalite,suppression,,1
rats,suppression,,1
ray-dalio-philanthrope,suppression,,1
rayon-geometrie,suppression,,1
rayonnement-micro-ondes,suppression,,1
rayons-ultra-violets,suppression,,1
rayures,suppression,,1
reacteurs-fukushima-dai-ichi,suppression,,1
reaction-en-chaine-de-la-polymerase-pcr,suppression,,1
reaction-exothermique,suppression,,1
reactivite,suppression,,1
realite-ultime,suppression,,1
reanimation,suppression,,1
reapparition,suppression,,1
reboisement,suppression,,1
recaptcha,suppression,,1
recentisme,suppression,,1
recettes-culinaires,suppression,,1
recettes-de-cuisine,suppression,,1
rechauffement-climatique-anthropique,suppression,,1
rechauffement-global,suppression,,1
recherche-biomedicale,suppression,,1
recherche-d-information,division_compose,"recherche, information",1
recherche-de-la-verite,division_compose,"recherche, verite",1
recherche-de-travail,division_compose,"recherche, travail",1
recherche-economique,suppression,,1
recherche-en-sciences-de-l-education,division_compose,"recherche, sciences, education",1
recherche-experimentale,suppression,,1
recherche-historique,suppression,,1
recherche-independante,suppression,,1
recherche-mondiale,suppression,,1
recherche-sur-l-ia,division_compose,"recherche, ia",1
recherche-sur-le-vieillissement,division_compose,"recherche, vieillissement",1
recherches-sur-le-paranormal,division_compose,"recherche, paranormal",1
recherches-web,suppression,,1
recidiviste,suppression,,1
recifs-coralliens,suppression,,1
recits-inspirants,suppression,,1
recommandation-de-livres,suppression,,1
recommandations-de-livres,suppression,,1
recompenses-academiques,suppression,,1
reconciliation,suppression,,1
reconnaissance-d-objets,renommage_regroupement,objet,1
reconnaissance-des-formes,renommage_regroupement,forme,1
reconnaissance-faciale-techniques-logicielles,suppression,,1
records-du-monde-guinness,suppression,,1
recrutement-de-stagiaire,suppression,,1
recuperation-de-mot-de-passe,renommage_regroupement,mot,1
recursion,suppression,,1
recyclage-de-l-eau,division_compose,"recyclage, eau",1
recyclage-des-contenus,division_compose,"recyclage, contenu",1
redaction-de-contenu,division_compose,"redaction, contenu",1
redaction-etudiant,suppression,,1
redistribution-de-la-richesse,suppression,,1
reduction-du-gaspillage,suppression,,1
reductionnisme,suppression,,1
reductions,suppression,,1
reduire-les-emissions-de-co2,suppression,,1
reduire-sa-facture-d-electricite,suppression,,1
reeducation,suppression,,1
reference-mondiale,suppression,,1
referencement,suppression,,1
referencement-seo,suppression,,1
referentiel-galileen,suppression,,1
reflexion-du-soleil,division_compose,"reflexion, soleil",1
reflexion-profonde,suppression,,1
reflexions-personnelles,suppression,,1
reflexions-profondes,suppression,,1
reforme-des-retraites-en-france-en-2019,suppression,,1
refrigerateurs,suppression,,1
refrigeration,suppression,,1
refugies,suppression,,1
regeneration-biologie,suppression,,1
regime-autoritaire,suppression,,1
regime-parlementaire,suppression,,1
regime-politique,suppression,,1
regionalisme,suppression,,1
registres,suppression,,1
reglement-des-differends,suppression,,1
regles-de-football-etats-unis,suppression,,1
regles-de-securite,suppression,,1
regles-du-jeu,suppression,,1
regles-legales,suppression,,1
regne-animal,suppression,,1
regnes-biologie,suppression,,1
rehabilitation,suppression,,1
reinsertion-sociale,suppression,,1
reinvention,suppression,,1
relance-economique,suppression,,1
relation-au-monde,suppression,,1
relation-espce-temps,suppression,,1
relations-chine-russie,suppression,,1
relations-de-recurrence,suppression,,1
relations-et-dynamiques-familiales,suppression,,1
relations-exterieures-de-l-union-europeenne,suppression,,1
relations-hommes-femmes,suppression,,1
relations-internationales-de-l-iran,renommage_regroupement,relations-internationales,1
relations-internationales-de-la-palestine,division_compose,"relations-internationales, palestine",1
relations-internationales-et-diplomaties,division_compose,"relations-internationales, diplomatie",1
relations-interreligieuses,suppression,,1
relations-mathematiques,suppression,,1
relations-parent-enfant,suppression,,1
relations-pere-enfant,suppression,,1
relations-raciales,suppression,,1
relations-sociales,suppression,,1
relations-sociales-en-ligne,suppression,,1
relations-toxiques,suppression,,1
relativisation,suppression,,1
religieux,suppression,,1
religion-comparee,suppression,,1
religion-indienne,suppression,,1
religions-abrahamiques,suppression,,1
remede,renommage_regroupement,remedes,1
remerciements,suppression,,1
remontees-mecaniques,suppression,,1
remord,suppression,,1
remplacement,suppression,,1
renault,suppression,,1
rencontre-extraterrestre,suppression,,1
renforcement-positif,suppression,,1
renouvellement,suppression,,1
rentabilisation,suppression,,1
replication-de-l-adn,suppression,,1
repliques-de-films,suppression,,1
reponses-courtes,suppression,,1
reponses-courtes-sur-quora,renommage_regroupement,quora,1
repousse-des-cheveux,suppression,,1
represailles,suppression,,1
representation-des-connaissances,division_compose,"representation, connaissances",1
representations-cinematographiques,suppression,,1
representations-de-personnes,division_compose,"representation, personne",1
reproduction-asexuee,suppression,,1
reproduction-sexuelle,suppression,,1
reseau-de-telephonie-mobile,suppression,,1
reseau-electrique,suppression,,1
reseau-energetique,suppression,,1
reseau-mobile-gsm,suppression,,1
reseau-sans-fil,suppression,,1
reseau-social,suppression,,1
reseaux-d-ordinateurs,suppression,,1
reseaux-de-diffusion-de-contenu,suppression,,1
reseaux-de-neurones,suppression,,1
reseaux-informatiques,suppression,,1
reseaux-neuronaux-artificiels-ann,suppression,,1
reseaux-neuronaux-et-apprentissages-profonds,suppression,,1
reserves-d-or,suppression,,1
reserves-naturelles,suppression,,1
reservoir-d-essence,renommage_regroupement,essence,1
reservoirs,suppression,,1
reservoirs-d-eau,renommage_regroupement,eau,1
reservoirs-de-carburant,renommage_regroupement,carburants,1
reservoirs-de-stockage,suppression,,1
residence-pour-personnes-agees,suppression,,1
resident,suppression,,1
residus,suppression,,1
resilience-qualite-humaine,suppression,,1
resistants,suppression,,1
resolution-d-ecran,renommage_regroupement,resolutions,1
resonance,suppression,,1
respect-d-autrui,suppression,,1
responsabilite-juridique,suppression,,1
responsables-des-ressources-humaines,suppression,,1
ressemblance,suppression,,1
ressources-d-apprentissage,division_compose,"ressources, apprentissage",1
ressources-gratuites,suppression,,1
ressources-naturelles-des-pays-africains,renommage_regroupement,ressources-naturelles,1
ressources-pedagogiques,suppression,,1
restaurants,suppression,,1
restauration-conservation,suppression,,1
restauration-rapide,suppression,,1
restrictions,suppression,,1
retards,suppression,,1
retine,suppression,,1
retrait-de-l-union-europeenne,suppression,,1
retraite-des-militaires,suppression,,1
retraite-en-france,renommage_regroupement,france,1
retrouver-confiance-en-soi,suppression,,1
reve,suppression,,1
reve-americain,suppression,,1
reve-lucide,suppression,,1
revenu-par-tete,suppression,,1
revenus,renommage_regroupement,revenu,1
revenus-en-ligne,suppression,,1
revenus-personnels,suppression,,1
reves,suppression,,1
revision,suppression,,1
revision-des-codes,suppression,,1
revitalisation,suppression,,1
revolte,suppression,,1
revolution-de-1789,suppression,,1
revue-academique,suppression,,1
rhume,suppression,,1
risque-anthropique,suppression,,1
risque-financier,suppression,,1
risques-existentiels,suppression,,1
risques-professionnels,suppression,,1
risques-sociaux,suppression,,1
rivieres,suppression,,1
robert-badinter,suppression,,1
roger-penrose-physicien,suppression,,1
roi-de-france,suppression,,1
rois-et-reines-de-france,suppression,,1
role-de-l-etat,suppression,,1
role-et-fonctions,suppression,,1
role-parental,suppression,,1
role-social,suppression,,1
romanciers-de-science-fiction,suppression,,1
romans,suppression,,1
rongeurs,suppression,,1
roswell-nouveau-mexique,suppression,,1
roues,renommage_regroupement,roue,1
rouge-couleur,suppression,,1
roulette,suppression,,1
roumanie,suppression,,1
routage,suppression,,1
rover-robot,suppression,,1
royaumes,suppression,,1
running,suppression,,1
rus-de-kiev-etat,suppression,,1
russe,suppression,,1
russia,suppression,,1
rythme-circadien,suppression,,1
sacrifice,suppression,,1
sagesse,suppression,,1
sagittarius-a-observation-astronomique,suppression,,1
sahara,suppression,,1
sahara-marocain,suppression,,1
saint-augustin,suppression,,1
saint-martin,suppression,,1
sainte-trinite,suppression,,1
saisies-de-biens,suppression,,1
saison-d-ete,renommage_regroupement,saisons,1
saison-de-la-grippe,renommage_regroupement,saisons,1
salaire-minimum,suppression,,1
salaires-dans-les-domaines-d-activite,suppression,,1
salinite,suppression,,1
samoa,suppression,,1
samoa-americaines,suppression,,1
sanofi,suppression,,1
sante-cognitive,suppression,,1
sante-des-femmes,division_compose,"sante, femme",1
sante-du-cerveau,division_compose,"sante, cerveau",1
sante-du-travail,division_compose,"sante, travail",1
sante-emotionnelle,suppression,,1
sante-et-bien-etre,division_compose,"sante, bien-etre",1
sante-et-securite-au-travail,division_compose,"sante, securite, travail",1
sante-psychique,suppression,,1
sante-public,suppression,,1
sante-publique-mondiale,suppression,,1
sapiens,suppression,,1
sars-cov-2,suppression,,1
satan,suppression,,1
satellite,renommage_regroupement,satellites,1
satellites-geostationnaires,suppression,,1
saturn-v-fusee,suppression,,1
sauter,suppression,,1
sauver-la-terre,suppression,,1
saveur,suppression,,1
saveurs-de-creme-glacee,suppression,,1
savoir-infini,suppression,,1
scandinavie,suppression,,1
scarabe,suppression,,1
scenario-impossible,suppression,,1
scenarios-catastrophe,suppression,,1
scenarios-de-guerre-hypothetique,suppression,,1
scenarios-economiques-hypothetiques,suppression,,1
scenarios-financiers-fictifs,suppression,,1
scenarios-hypothetiques-de-deces,division_compose,"scenarios-hypothetiques, deces",1
scenarios-technologiques-hypothetiques,suppression,,1
scenes,suppression,,1
scenes-de-film,renommage_regroupement,films,1
sceptique,suppression,,1
science-de-l-information,division_compose,"sciences, information",1
science-de-l-ordinateur,division_compose,"sciences, ordinateurs",1
science-de-sonorisation,suppression,,1
science-des-materiaux-informatiques,suppression,,1
science-et-developpement,division_compose,"sciences, developpement",1
science-et-spiritualite,division_compose,"sciences, spiritualite",1
science-et-technologie-des-aliments,division_compose,"sciences, technologies, aliments",1
science-fiction-militaire-genre,suppression,,1
science-futur,suppression,,1
science-interdisciplinaire,suppression,,1
science-mysterieuse,suppression,,1
science-theorique,suppression,,1
sciences-agricoles,suppression,,1
sciences-alimentaires,suppression,,1
sciences-anciennes,suppression,,1
sciences-appliquees,suppression,,1
sciences-criminelles,suppression,,1
sciences-de-l-information-et-de-la-communication,suppression,,1
sciences-de-la-matiere-physique,renommage_regroupement,sciences,1
sciences-de-la-nutrition,division_compose,"sciences, nutrition",1
sciences-de-la-parole,suppression,,1
sciences-de-la-sante-publique,division_compose,"sciences, sante-publique",1
sciences-du-numerique,renommage_regroupement,sciences,1
sciences-esotheriques,suppression,,1
sciences-et-techniques,division_compose,"sciences, technique",1
sciences-experimentales,renommage_regroupement,science-experimentale,1
sciences-halieutiques,suppression,,1
sciences-juridiques,suppression,,1
sciences-mathematiques-informatique,renommage_regroupement,informatique,1
sciences-nautiques,suppression,,1
sciences-ocultes,suppression,,1
sciences-politques,suppression,,1
sciences-sociales-et-comportementales,suppression,,1
scientifiques-du-20e-siecle,suppression,,1
scientologie,suppression,,1
sculpture,suppression,,1
search-engine-optimization-seo,suppression,,1
secourisme,suppression,,1
secours-en-cas-de-catastrophe,suppression,,1
secret,suppression,,1
secrets,suppression,,1
secte,suppression,,1
secteur-bancaire,suppression,,1
secteur-d-activite,suppression,,1
securite-de-l-environnement,division_compose,"securite, environnement",1
securite-des-armes-a-feu,division_compose,"securite, armes, feu",1
securite-des-avions,division_compose,"securite, avions",1
securite-des-enfants,division_compose,"securite, enfants",1
securite-des-logiciels,division_compose,"securite, logiciels",1
securite-des-personnes,division_compose,"securite, personne",1
securite-du-lieu-de-travail,suppression,,1
securite-en-voyage,division_compose,"securite, voyage",1
securite-interieure,suppression,,1
securite-routiere,suppression,,1
securite-sismique,suppression,,1
securite-sur-internet,division_compose,"securite, internet",1
securite-territoriale,suppression,,1
securite-urbaine,suppression,,1
sel-alimentaire,suppression,,1
sel-de-mer,renommage_regroupement,mer,1
selection,suppression,,1
self-defense,suppression,,1
self-harm-user,suppression,,1
semaine,suppression,,1
semi-conducteurs,suppression,,1
sens-commun,suppression,,1
sens-de-l-orientation,division_compose,"sens, orientation",1
sens-des-realites,division_compose,"sens, realite",1
sens-humains-et-animaux,renommage_regroupement,animaux,1
sens-philosophie,division_compose,"sens, philosophie",1
sensation-de-brulure,suppression,,1
sensationnel,suppression,,1
sensibilisation,suppression,,1
sensibilite-auditive,suppression,,1
sentience,suppression,,1
sentir-et-odeurs,suppression,,1
seo,suppression,,1
separation-de-l-eglise-et-de-l-etat,suppression,,1
sept-merveilles-du-monde,suppression,,1
sequencage-adn,suppression,,1
sequences-et-series,suppression,,1
serbie,suppression,,1
serie-geometrique,suppression,,1
series-comiques,suppression,,1
series-televisees-britanniques,suppression,,1
series-tv-des-etats-unis,division_compose,"series-tv, etats-unis",1
serment,suppression,,1
serologie,suppression,,1
seropositifs,suppression,,1
serum,suppression,,1
serveur,suppression,,1
service-a-la-clientele,suppression,,1
service-d-assistance,renommage_regroupement,service,1
service-de-paiement-en-ligne,suppression,,1
service-postal-americain,suppression,,1
service-publique,suppression,,1
services,renommage_regroupement,service,1
services-de-voyages,division_compose,"service, voyage",1
services-publiques,suppression,,1
sexe-et-sexualite,renommage_regroupement,sexualite,1
sexisme,suppression,,1
sexualite-feminine,suppression,,1
siberie,suppression,,1
siege-ejectable,suppression,,1
sieste,suppression,,1
sifflement,suppression,,1
signal-application,suppression,,1
signalisation-communications,suppression,,1
signaux-electriques,suppression,,1
signes-lunaires-astrologie,suppression,,1
signifiants,suppression,,1
signification-statistique,suppression,,1
silicon-valley-series-tv,suppression,,1
simone-veil,suppression,,1
simulateurs,suppression,,1
simultaneite-physique,suppression,,1
singapour,suppression,,1
singulier,suppression,,1
sionistes,suppression,,1
sismometre,suppression,,1
site-internet,renommage_regroupement,sites-internet,1
sites-de-reseaux-sociaux,suppression,,1
sites-de-voyage,suppression,,1
sites-internet-de-commerce-electronique,renommage_regroupement,sites-internet,1
sites-similaires,suppression,,1
situation-catastrophique,suppression,,1
situation-economique,suppression,,1
situation-financiere,suppression,,1
situations-dangereuses,suppression,,1
situations-difficiles,suppression,,1
slogan,suppression,,1
smartphone,renommage_regroupement,smartphones,1
socialisme-democratique,suppression,,1
societe-culture-generale,suppression,,1
societe-de-consommation,division_compose,"societe, consommation",1
sociologie-du-travail,division_compose,"sociologie, travail",1
sociologie-electorale,suppression,,1
sociologie-et-psychologie,division_compose,"sociologie, psychologie",1
sodium,suppression,,1
soie-d-araignee,suppression,,1
soigner-une-ulcere,suppression,,1
soins-aux-animaux,suppression,,1
soins-aux-seniors,suppression,,1
soins-de-sante,suppression,,1
soins-palliatifs,suppression,,1
soleil-astrologie,suppression,,1
solides-amorphes,suppression,,1
sollicitations-telephoniques,suppression,,1
solution,renommage_regroupement,solutions,1
solutions-erp,suppression,,1
solvants,suppression,,1
sommation,suppression,,1
sommeil-et-insomnie,suppression,,1
sommet,suppression,,1
souffrance,suppression,,1
souffrance-animale,suppression,,1
source-d-energie,renommage_regroupement,sources-d-energie,1
source-gamma,suppression,,1
sources-de-revenus,suppression,,1
sources-journalistiques,suppression,,1
sous-cultures,suppression,,1
sous-developpement,suppression,,1
sous-estimer,suppression,,1
sous-marins-nucleaires,suppression,,1
soustraction,suppression,,1
soutien,suppression,,1
soutien-scolaire,suppression,,1
souvenir-d-enfance,division_compose,"souvenir, enfance",1
souverainete-nationale,suppression,,1
souverainete-populaire,suppression,,1
space-race,suppression,,1
spacex-compagnie,suppression,,1
spatialisation-du-son,suppression,,1
specialistes-en-refrigeration,renommage_regroupement,specialiste,1
specifications-techniques-et-fonctionnelles,suppression,,1
specificite,suppression,,1
specisme,suppression,,1
spectacles-et-representations,division_compose,"spectacles, representation",1
speculation-financiere,suppression,,1
spin-electronique,suppression,,1
spirale-dynamique,suppression,,1
spiruline,suppression,,1
sport-de-voile,division_compose,"sport, voile",1
sports-collectifs,suppression,,1
sports-d-equipe,suppression,,1
sports-de-glisse,suppression,,1
sports-football,renommage_regroupement,sport-football,1
sports-maritimes,suppression,,1
sports-olympiques,suppression,,1
sprints-sport,suppression,,1
squelette,suppression,,1
stabilisateur,suppression,,1
stack-exchange-site-web,suppression,,1
stages,suppression,,1
standardization,suppression,,1
star-wars-films-et-emissions-de-television,suppression,,1
star-wars-franchise-de-cinema,suppression,,1
star-wars-serie-de-films,suppression,,1
start-ups-des-technologies,suppression,,1
startup-entreprise-novatrice,suppression,,1
station-de-ski,suppression,,1
stations-de-recharge-pour-vehicules-electriques,suppression,,1
statisticiens,suppression,,1
statistiques-descriptives,suppression,,1
statistiques-utilisateurs,suppression,,1
statut,suppression,,1
statut-independant,suppression,,1
stephen-wolfram-scientifique,suppression,,1
steve-ballmer,suppression,,1
steve-wozniak,suppression,,1
steve-wozniak-inventeur-americain,suppression,,1
stimulation,suppression,,1
stockage-de-fichiers,suppression,,1
stockholm-university,suppression,,1
stoechiometrie,suppression,,1
strategie-globale,suppression,,1
strategies,renommage_regroupement,strategie,1
strategies-d-apprentissage,division_compose,"strategie, apprentissage",1
strates-geologie,suppression,,1
stratification-sociale,suppression,,1
stress-au-travail,suppression,,1
stress-psychologique,suppression,,1
structure-de-l-adn,division_compose,"structures, adn",1
structure-du-langage,division_compose,"structures, langage",1
structure-espace-temps,suppression,,1
structure-osseuse,suppression,,1
structures-chimiques,suppression,,1
style-de-vie,suppression,,1
style-litteraire,suppression,,1
style-musicale,suppression,,1
style-personnel,suppression,,1
styles-d-ecriture,suppression,,1
styles-d-ecritures,suppression,,1
subatomique,suppression,,1
subjectivite-et-objectivite,renommage_regroupement,subjectivite,1
substance-minerale,suppression,,1
substance-pure,suppression,,1
succes-dans-la-vie,division_compose,"succes, vie",1
sud-ouest-de-la-france,suppression,,1
suffrage-universel,suppression,,1
suggestions-de-livres,suppression,,1
sujet-d-invention,division_compose,"sujet, invention",1
sujet-de-documentaire,renommage_regroupement,sujet,1
sujet-societe,suppression,,1
sujets-de-la-vie-quotidienne,division_compose,"sujet, vie-quotidienne",1
sun-tzu,suppression,,1
sun-tzu-philosophe,suppression,,1
super-heros-films,suppression,,1
supercondensateurs,suppression,,1
superficie-de-la-surface,suppression,,1
superficie-territoriale,suppression,,1
superiorite,suppression,,1
supersonique,suppression,,1
supersymetrie,suppression,,1
supervolcans,suppression,,1
supplements-alimentaires,suppression,,1
supports-de-stockage-informatique,suppression,,1
suppression-de-compte,suppression,,1
suppression-de-compte-fonction-quora,suppression,,1
supraconducteur,suppression,,1
supraconducteurs,suppression,,1
supraconductivite,suppression,,1
sur-la-philosophie,suppression,,1
surcharge-d-information,suppression,,1
surestimation,suppression,,1
surevaluation,suppression,,1
surhumain,suppression,,1
surpoids,suppression,,1
surprotection,suppression,,1
surveillance-du-public,suppression,,1
survivabilite,suppression,,1
swahili-langue,suppression,,1
swiss-made,suppression,,1
symbole-de-nicee,suppression,,1
symboles-mathematiques,renommage_regroupement,mathematiques,1
symbolisme,suppression,,1
symptome,suppression,,1
syndicalisme,suppression,,1
syndicat-politique,division_compose,"syndicat, politique",1
syndrome-respiratoire-aigu-severe-sras,suppression,,1
syntaxe,suppression,,1
synthese-chimique,suppression,,1
synthese-de-proteines,suppression,,1
systematique-des-insectes,suppression,,1
systeme-bipartite,suppression,,1
systeme-d-ecriture,division_compose,"systeme, ecriture",1
systeme-d-irrigation,renommage_regroupement,systeme,1
systeme-de-gestion,division_compose,"systeme, gestion",1
systeme-de-positionnement-par-satellites,suppression,,1
systeme-de-refroidissement,renommage_regroupement,systeme,1
systeme-de-securite,division_compose,"systeme, securite",1
systeme-de-soins-de-sante,suppression,,1
systeme-educatif-americain,suppression,,1
systeme-educatif-des-etats-unis,division_compose,"systeme-educatif, etats-unis",1
systeme-endocrinien,suppression,,1
systeme-federal,suppression,,1
systeme-imperial,suppression,,1
systeme-informatique-quantique,suppression,,1
systeme-isole,suppression,,1
systeme-judiciaire-des-etats-unis,suppression,,1
systeme-non-lineaire,suppression,,1
systeme-prepaye,suppression,,1
systeme-radar,suppression,,1
systemes,renommage_regroupement,systeme,1
systemes-d-energie,division_compose,"systeme, energie",1
systemes-d-information,division_compose,"systeme, information",1
systemes-de-nombres,division_compose,"systeme, nombres",1
systemes-de-paiement,suppression,,1
systemes-de-questions-reponses,division_compose,"systeme, questions-reponses",1
systemes-intelligents,suppression,,1
systemes-lineaires,suppression,,1
systemes-sociaux,suppression,,1
tableau-periodique-des-elements-detaille,suppression,,1
tabous,suppression,,1
taches-administratives,suppression,,1
tactique,suppression,,1
taille-de-pierre,suppression,,1
taille-de-vaisseaux,suppression,,1
taliban,suppression,,1
tarification,suppression,,1
tarifs-du-train,suppression,,1
taux-de-defaillance,suppression,,1
taux-de-divorce,suppression,,1
taux-de-suicide,suppression,,1
taux-de-survie,suppression,,1
taxes-de-depot,suppression,,1
taxis,suppression,,1
taylorisme,suppression,,1
technique-d-ecriture,division_compose,"technique, ecriture",1
techniques-de-construction,division_compose,"technique, construction",1
techniques-de-persuasion,renommage_regroupement,technique,1
techniques-deducation-a-lenfance,suppression,,1
technologie-de-l-information,division_compose,"technologies, information",1
technologie-de-la-musique,division_compose,"technologies, musique",1
technologie-de-pointe,suppression,,1
technologie-financiere,suppression,,1
technologie-tactile,suppression,,1
technologies-d-affichage,suppression,,1
technologies-electroniques,suppression,,1
telecommandes,suppression,,1
telecommunications-mobiles,suppression,,1
telecommunications-spatiales,suppression,,1
telepathie,suppression,,1
telephone,suppression,,1
telephone-mobile,suppression,,1
telephonie-mobile,suppression,,1
teleportation-quantique,suppression,,1
televiseurs,suppression,,1
television-americaine,suppression,,1
television-en-direct,suppression,,1
temoins,suppression,,1
temoins-de-jehovah,suppression,,1
temperature-ambiante,suppression,,1
temperature-de-couleur,division_compose,"temperatures, couleur",1
tempetes,suppression,,1
temps-de-gel,renommage_regroupement,temps,1
temps-en-astronomie,division_compose,"temps, astronomie",1
temps-libre,suppression,,1
temps-quantite-physique,suppression,,1
temps-subjectif,suppression,,1
tendance-suicidaire,suppression,,1
tendances,suppression,,1
tendances-politique,renommage_regroupement,politique,1
tenia,suppression,,1
tenseurs,suppression,,1
tenseurs-mathematiques,renommage_regroupement,mathematiques,1
tension-superficielle,suppression,,1
tentative-de-meurtre,suppression,,1
termes-et-conditions,suppression,,1
terminal,suppression,,1
terminal-linux,suppression,,1
terminologie-et-jargon-scientifique,suppression,,1
terminologies,suppression,,1
terraformation,suppression,,1
terrain-de-jeux,division_compose,"terrain, jeux",1
terrains-de-sport,division_compose,"terrain, sport",1
terre-plate,suppression,,1
terre-spherique,suppression,,1
territoires-des-etats-unis,division_compose,"territoires, etats-unis",1
tesla-produits,suppression,,1
test-automatise,suppression,,1
test-d-intelligence,division_compose,"test, intelligence",1
test-mbti,suppression,,1
testament,suppression,,1
tests-genetiques,suppression,,1
tests-standardises,suppression,,1
tetraplegie,suppression,,1
tetu-magazine,suppression,,1
texte-argumentatif,suppression,,1
textile,suppression,,1
the-beach-boys-groupe,suppression,,1
the-beatles-groupe,suppression,,1
the-da-vinci-code-livre-2003,suppression,,1
the-flash-franchise-creative,suppression,,1
the-palestinian-cause,suppression,,1
the-spot,suppression,,1
the-university-of-manchester-royaume-uni,suppression,,1
the-walt-disney-company-societe,suppression,,1
theocratie,suppression,,1
theologie-et-philosophie,division_compose,"theologie, philosophie",1
theologie-et-philosophie-juive,suppression,,1
theologie-islamique,suppression,,1
theoreme,suppression,,1
theoreme-de-l-incompletude-de-godel,suppression,,1
theoreme-de-pythagore,renommage_regroupement,pythagore,1
theoriciens-des-cordes,suppression,,1
theorie-cellulaire,suppression,,1
theorie-de-l-art,division_compose,"theorie, art",1
theorie-de-l-heliocentrisme,renommage_regroupement,theorie,1
theorie-de-l-information,division_compose,"theorie, information",1
theorie-de-la-calculabilite-informatique,suppression,,1
theorie-de-la-complexite-informatique,suppression,,1
theorie-de-la-mesure,division_compose,"theorie, mesure",1
theorie-de-la-singularite,renommage_regroupement,theorie,1
theorie-de-la-terre-plate,renommage_regroupement,theorie,1
theorie-des-automates,suppression,,1
theorie-des-collisions,suppression,,1
theorie-des-decisions,renommage_regroupement,theorie,1
theorie-des-graphes,division_compose,"theorie, graphes",1
theorie-des-groupes-mathematiques,suppression,,1
theorie-des-jeux-combinatoires,suppression,,1
theorie-du-champ-unifie,suppression,,1
theorie-du-vote,division_compose,"theorie, vote",1
theorie-sociale,suppression,,1
theories-de-champs-de-jauge,suppression,,1
theories-ecologiques,suppression,,1
therapie-par-la-lumiere,suppression,,1
thermodynamique-chimique,suppression,,1
thermoelectricite,suppression,,1
thermomix,suppression,,1
theses,suppression,,1
thomas-alva-edison,suppression,,1
thomas-mann-romancier-allemand,suppression,,1
thomas-pesquet,suppression,,1
thorium,suppression,,1
tiques,suppression,,1
tir,suppression,,1
tirage-au-sort,suppression,,1
tissu-biologie,suppression,,1
tissu-osseux,suppression,,1
titane,suppression,,1
toiture-metallique,suppression,,1
tokyo,suppression,,1
tolerance,suppression,,1
toponymie,suppression,,1
tor,suppression,,1
tortues-de-mer,renommage_regroupement,mer,1
tortues-terrestres,suppression,,1
total-energie,suppression,,1
tour-de-babel,suppression,,1
tourisme-a-singapour,renommage_regroupement,tourisme,1
tourisme-culturel,suppression,,1
tourisme-en-egypte,division_compose,"tourisme, egypte",1
tourisme-suisse,suppression,,1
tourismes-et-voyages,division_compose,"tourisme, voyage",1
toxicomanie,suppression,,1
toxique,suppression,,1
tradition-juive,suppression,,1
tradition-maritime,suppression,,1
traditions-francaises,suppression,,1
traducteurs,suppression,,1
traduction-francaise,suppression,,1
trafic-de-drogue,suppression,,1
tragedie,suppression,,1
train-d-atterrissage,renommage_regroupement,trains,1
trainee-de-condensation,suppression,,1
traitement-de-donnees,division_compose,"traitements, donnees",1
traitement-de-la-parole,suppression,,1
traitement-homeopathique,suppression,,1
traitement-special,suppression,,1
traitements-traditionnel,suppression,,1
traites,suppression,,1
traites-de-paix,renommage_regroupement,paix,1
traites-internationaux,suppression,,1
trancher,suppression,,1
transdisciplinarite,suppression,,1
transfert-de-technologies,suppression,,1
transfert-thermique,suppression,,1
transformation-numerique,suppression,,1
transformations,suppression,,1
transition-societale,suppression,,1
translation,suppression,,1
transmission-de-germes,suppression,,1
transmission-des-donnees,suppression,,1
transmission-et-cession,suppression,,1
transmission-mecanique,suppression,,1
transparence-optique,suppression,,1
transparent,suppression,,1
transplantation-d-organe,suppression,,1
transport-et-logistique,division_compose,"transports, logistique",1
transport-maritime,suppression,,1
transport-personnel,suppression,,1
transport-routier,suppression,,1
traumatisme,suppression,,1
traumatisme-sante,suppression,,1
travail-independant,suppression,,1
travail-intellectuel,suppression,,1
travailler-dur,suppression,,1
travailler-en-suisse,suppression,,1
travailler-sur-internet,suppression,,1
travailleur,suppression,,1
travailleur-independant,suppression,,1
travailleurs,suppression,,1
travaux-academiques,suppression,,1
triangle-des-bermudes,suppression,,1
triangles,suppression,,1
triangles-en-geometrie,renommage_regroupement,geometrie,1
tricherie-etudiant,suppression,,1
trisomie-21,suppression,,1
troll,suppression,,1
trolling,suppression,,1
trouble-de-la-personnalite-narcissique,suppression,,1
troubles-de-l-anxiete,suppression,,1
troubles-de-la-personnalite,suppression,,1
troubles-hyperactifs-avec-deficit-de-l-attention,suppression,,1
troubles-psychologiques,suppression,,1
trous-noirs-rotatifs,suppression,,1
trt-world-station-de-television,suppression,,1
trucs-et-astuces,suppression,,1
truman-show-film,suppression,,1
tueries-de-masse-aux-etats-unis,suppression,,1
tumeurs,suppression,,1
tunnel,suppression,,1
turbulences,suppression,,1
tutelle,suppression,,1
tutoriels,suppression,,1
tva,suppression,,1
tympan-membrane,suppression,,1
type-de-personnalite,suppression,,1
types-d-astronomie,suppression,,1
types-de-personnes,suppression,,1
typescript,suppression,,1
typescript-langage-de-programmation,suppression,,1
ukrainien-langue,suppression,,1
ulcere,suppression,,1
ulceres,suppression,,1
ultra-marathons,suppression,,1
ultrason,suppression,,1
ultraviolet,suppression,,1
un-nouveau-monde,suppression,,1
une-breve-histoire-du-temps,suppression,,1
unicite,suppression,,1
unicode,suppression,,1
union-europeenne-et-royaume-uni,division_compose,"union-europeenne, royaume-uni",1
unite-concept,suppression,,1
unite-de-masse,suppression,,1
unite-de-puissance,suppression,,1
unites-de-force,suppression,,1
univers-de-fiction,division_compose,"univers, fiction",1
univers-de-star-wars,renommage_regroupement,univers,1
univers-discontinu,suppression,,1
univers-et-extraterrestres,division_compose,"univers, extraterrestres",1
univers-et-nebuleuse,renommage_regroupement,univers,1
universite-de-manchester,suppression,,1
universite-de-wuhan,renommage_regroupement,universites,1
universite-harvard,suppression,,1
universites-et-facultes-en-suisse,suppression,,1
upvote,suppression,,1
upwork,suppression,,1
urbanisme,suppression,,1
urine,suppression,,1
us-et-coutumes,suppression,,1
usage,suppression,,1
utc-heure,suppression,,1
utilisation-d-internet,suppression,,1
utilisation-des-reseaux-sociaux,suppression,,1
utilitaire,suppression,,1
utilitarisme,suppression,,1
uvre,suppression,,1
vacances-d-hiver,renommage_regroupement,vacances,1
vaccin-contre-la-poliomyelite,suppression,,1
vaccination-pour-adultes,division_compose,"vaccination, adulte",1
vague-de-chaleur,suppression,,1
vagues-physique,suppression,,1
valais-canton-suisse,suppression,,1
valeur-des-crypto-monnaies,suppression,,1
valeur-du-travail,suppression,,1
valeur-monetaire,suppression,,1
valeurs-chretiennes,suppression,,1
valeurs-europeennes,suppression,,1
validation,suppression,,1
valorisation,suppression,,1
vapeur,suppression,,1
variable-globale,suppression,,1
variables-dependantes,suppression,,1
variete-mathematiques,suppression,,1
variole-du-singe,suppression,,1
vatican,suppression,,1
vecteurs-mathematiques-et-physique,suppression,,1
vectoriel,suppression,,1
veganisme,suppression,,1
vegetarisme,suppression,,1
vegetation,suppression,,1
vehicule-a-hydrogene,renommage_regroupement,hydrogene,1
velours,suppression,,1
vendeurs-de-voitures,suppression,,1
vent-solaire,suppression,,1
ventes-de-livres,division_compose,"ventes, livres",1
verification-de-la-question,division_compose,"verification, questions",1
verites-de-la-vie,division_compose,"verite, vie",1
vestiaires,suppression,,1
vetements-de-protection-de-feu,division_compose,"vetement, protection, feu",1
vetements-et-habillement,suppression,,1
vfx-et-effets-speciaux,suppression,,1
viande,suppression,,1
viande-rouge,suppression,,1
vibrations-positives,suppression,,1
victor-hugo,suppression,,1
videos-explicatives,suppression,,1
vie-chretienne,suppression,,1
vie-culturelle,suppression,,1
vie-dans-l-espace,division_compose,"vie, espace",1
vie-de-couple,renommage_regroupement,vie,1
vie-de-famille,division_compose,"vie, famille",1
vie-et-mort,suppression,,1
vie-eternelle,suppression,,1
vie-etudiante,suppression,,1
vie-maritime,suppression,,1
vie-moderne,suppression,,1
vie-moyenne,suppression,,1
vie-nocturne,suppression,,1
vie-personnelle,suppression,,1
vie-privee-et-informatique,renommage_regroupement,informatique,1
vie-quotidienne-des-adolescents,division_compose,"vie-quotidienne, adolescent",1
vieillesse,suppression,,1
viet-nam,suppression,,1
vigilantes,suppression,,1
vignette,suppression,,1
vikings,suppression,,1
village,suppression,,1
villes-anciennes,suppression,,1
villes-aux-etats-unis,division_compose,"ville, etats-unis",1
villes-d-amerique-du-sud,division_compose,"ville, ameriques, sud",1
villes-europeennes,suppression,,1
vin,suppression,,1
viol,suppression,,1
violation-de-contrat,suppression,,1
violence-armee-aux-etats-unis,suppression,,1
violences-policieres,renommage_regroupement,violence-policiere,1
violet-couleur,suppression,,1
viralite,suppression,,1
virus-informatiques,suppression,,1
visa-d-etude,suppression,,1
viscosite,suppression,,1
vision-commune,suppression,,1
vision-globale,suppression,,1
visiter-et-voyager-en-train,suppression,,1
visualisation-3d,suppression,,1
vitesse-d-affichage,suppression,,1
vitesse-d-execution,renommage_regroupement,vitesse,1
vitesse-des-voitures,division_compose,"vitesse, voitures",1
vitesse-du-site-web,division_compose,"vitesse, site-web",1
vitesse-du-vent,division_compose,"vitesse, vent",1
vivre-au-perou,suppression,,1
vivre-en-france,suppression,,1
vivre-la-vie,suppression,,1
vocabulaire,suppression,,1
vocabulaire-de-la-langue-francaise,suppression,,1
vocabulaire-technique,suppression,,1
voiture-electrique,renommage_regroupement,voitures-electriques,1
voitures-hybrides,suppression,,1
voitures-neuves,suppression,,1
vol-de-propriete-intellectuelle,division_compose,"vol, propriete-intellectuelle",1
volcanologistes,suppression,,1
volt,suppression,,1
volume-mathematiques,division_compose,"volume, mathematiques",1
votations,suppression,,1
vote-blanc,suppression,,1
vote-en-ligne,suppression,,1
vote-strategique,suppression,,1
vox,suppression,,1
voxel-art,suppression,,1
voyage-astral,suppression,,1
voyage-autour-du-monde,suppression,,1
voyage-mental,suppression,,1
voyage-prive,suppression,,1
voyage-supraluminique,suppression,,1
voyager-golden-record,suppression,,1
voyages-avec-un-sac-a-dos,suppression,,1
voyages-maritimes,suppression,,1
voyance,suppression,,1
voyants,suppression,,1
vraag,suppression,,1
vrai-et-faux,suppression,,1
vue-personnelle,suppression,,1
vulnerabilite,suppression,,1
wax,suppression,,1
web-scraping,suppression,,1
wi-fi,suppression,,1
will-hunting-film-1997,suppression,,1
windhoek-namibie,suppression,,1
windows-vs-linux,suppression,,1
world-trade-center,suppression,,1
worldometer,suppression,,1
wuhan,suppression,,1
wwii,suppression,,1
xenobiologie,suppression,,1
xi-jinping,suppression,,1
xixe-siecle,suppression,,1
yachts,suppression,,1
yellowstone-national-park-etats-unis-d-amerique,suppression,,1
youtubers,suppression,,1
zebre,suppression,,1
zero,suppression,,1
zetetique,suppression,,1
zfe,suppression,,1
zodiac,suppression,,1
zombies,suppression,,1
zona,suppression,,1
zone-de-confort,suppression,,1
zone-franche,suppression,,1
zones-demilitarisees,suppression,,1
zoology,suppression,,1
zoom,suppression,,1
