,,,,9.81,,300000,,9460800000000,,
dt,t',t,t-t' (j),v' [km/s],v [km/s],v [%c],lorenz,d (AL),masse [kg],carburant [kg]
,0,44604,0,0,0,0,1,0,1000,0
1,"=B3+A4","=$C$3+($G$1/($E$1*86.4))*SINH($E$1*B4*86.4/$G$1)","=C4-$C$3-B4","=$E$1*B4*86.4","=$G$1*G4","=TANH($E$1*B4*86.4/$G$1)","=COSH($E$1*B4*86.4/$G$1)","=(($G$1^2*1000)/($E$1*$I$1))*(H4-1)","=$J$3*EXP(-$E$1*B4*86.4/$G$1)","=J3-J4"
1,"=B4+A5","=$C$3+($G$1/($E$1*86.4))*SINH($E$1*B5*86.4/$G$1)","=C5-$C$3-B5","=$E$1*B5*86.4","=$G$1*G5","=TANH($E$1*B5*86.4/$G$1)","=COSH($E$1*B5*86.4/$G$1)","=(($G$1^2*1000)/($E$1*$I$1))*(H5-1)","=$J$3*EXP(-$E$1*B5*86.4/$G$1)","=J4-J5"
1,"=B5+A6","=$C$3+($G$1/($E$1*86.4))*SINH($E$1*B6*86.4/$G$1)","=C6-$C$3-B6","=$E$1*B6*86.4","=$G$1*G6","=TANH($E$1*B6*86.4/$G$1)","=COSH($E$1*B6*86.4/$G$1)","=(($G$1^2*1000)/($E$1*$I$1))*(H6-1)","=$J$3*EXP(-$E$1*B6*86.4/$G$1)","=J5-J6"
1,"=B6+A7","=$C$3+($G$1/($E$1*86.4))*SINH($E$1*B7*86.4/$G$1)","=C7-$C$3-B7","=$E$1*B7*86.4","=$G$1*G7","=TANH($E$1*B7*86.4/$G$1)","=COSH($E$1*B7*86.4/$G$1)","=(($G$1^2*1000)/($E$1*$I$1))*(H7-1)","=$J$3*EXP(-$E$1*B7*86.4/$G$1)","=J6-J7"
1,"=B7+A8","=$C$3+($G$1/($E$1*86.4))*SINH($E$1*B8*86.4/$G$1)","=C8-$C$3-B8","=$E$1*B8*86.4","=$G$1*G8","=TANH($E$1*B8*86.4/$G$1)","=COSH($E$1*B8*86.4/$G$1)","=(($G$1^2*1000)/($E$1*$I$1))*(H8-1)","=$J$3*EXP(-$E$1*B8*86.4/$G$1)","=J7-J8"
1,"=B8+A9","=$C$3+($G$1/($E$1*86.4))*SINH($E$1*B9*86.4/$G$1)","=C9-$C$3-B9","=$E$1*B9*86.4","=$G$1*G9","=TANH($E$1*B9*86.4/$G$1)","=COSH($E$1*B9*86.4/$G$1)","=(($G$1^2*1000)/($E$1*$I$1))*(H9-1)","=$J$3*EXP(-$E$1*B9*86.4/$G$1)","=J8-J9"
1,"=B9+A10","=$C$3+($G$1/($E$1*86.4))*SINH($E$1*B10*86.4/$G$1)","=C10-$C$3-B10","=$E$1*B10*86.4","=$G$1*G10","=TANH($E$1*B10*86.4/$G$1)","=COSH($E$1*B10*86.4/$G$1)","=(($G$1^2*1000)/($E$1*$I$1))*(H10-1)","=$J$3*EXP(-$E$1*B10*86.4/$G$1)","=J9-J10"
1,"=B10+A11","=$C$3+($G$1/($E$1*86.4))*SINH($E$1*B11*86.4/$G$1)","=C11-$C$3-B11","=$E$1*B11*86.4","=$G$1*G11","=TANH($E$1*B11*86.4/$G$1)","=COSH($E$1*B11*86.4/$G$1)","=(($G$1^2*1000)/($E$1*$I$1))*(H11-1)","=$J$3*EXP(-$E$1*B11*86.4/$G$1)","=J10-J11"
1,"=B11+A12","=$C$3+($G$1/($E$1*86.4))*SINH($E$1*B12*86.4/$G$1)","=C12-$C$3-B12","=$E$1*B12*86.4","=$G$1*G12","=TANH($E$1*B12*86.4/$G$1)","=COSH($E$1*B12*86.4/$G$1)","=(($G$1^2*1000)/($E$1*$I$1))*(H12-1)","=$J$3*EXP(-$E$1*B12*86.4/$G$1)","=J11-J12"
1,"=B12+A13","=$C$3+($G$1/($E$1*86.4))*SINH($E$1*B13*86.4/$G$1)","=C13-$C$3-B13","=$E$1*B13*86.4","=$G$1*G13","=TANH($E$1*B13*86.4/$G$1)","=COSH($E$1*B13*86.4/$G$1)","=(($G$1^2*1000)/($E$1*$I$1))*(H13-1)","=$J$3*EXP(-$E$1*B13*86.4/$G$1)","=J12-J13"
1,"=B13+A14","=$C$3+($G$1/($E$1*86.4))*SINH($E$1*B14*86.4/$G$1)","=C14-$C$3-B14","=$E$1*B14*86.4","=$G$1*G14","=TANH($E$1*B14*86.4/$G$1)","=COSH($E$1*B14*86.4/$G$1)","=(($G$1^2*1000)/($E$1*$I$1))*(H14-1)","=$J$3*EXP(-$E$1*B14*86.4/$G$1)","=J13-J14"
1,"=B14+A15","=$C$3+($G$1/($E$1*86.4))*SINH($E$1*B15*86.4/$G$1)","=C15-$C$3-B15","=$E$1*B15*86.4","=$G$1*G15","=TANH($E$1*B15*86.4/$G$1)","=COSH($E$1*B15*86.4/$G$1)","=(($G$1^2*1000)/($E$1*$I$1))*(H15-1)","=$J$3*EXP(-$E$1*B15*86.4/$G$1)","=J14-J15"
1,"=B15+A16","=$C$3+($G$1/($E$1*86.4))*SINH($E$1*B16*86.4/$G$1)","=C16-$C$3-B16","=$E$1*B16*86.4","=$G$1*G16","=TANH($E$1*B16*86.4/$G$1)","=COSH($E$1*B16*86.4/$G$1)","=(($G$1^2*1000)/($E$1*$I$1))*(H16-1)","=$J$3*EXP(-$E$1*B16*86.4/$G$1)","=J15-J16"
1,"=B16+A17","=$C$3+($G$1/($E$1*86.4))*SINH($E$1*B17*86.4/$G$1)","=C17-$C$3-B17","=$E$1*B17*86.4","=$G$1*G17","=TANH($E$1*B17*86.4/$G$1)","=COSH($E$1*B17*86.4/$G$1)","=(($G$1^2*1000)/($E$1*$I$1))*(H17-1)","=$J$3*EXP(-$E$1*B17*86.4/$G$1)","=J16-J17"
1,"=B17+A18","=$C$3+($G$1/($E$1*86.4))*SINH($E$1*B18*86.4/$G$1)","=C18-$C$3-B18","=$E$1*B18*86.4","=$G$1*G18","=TANH($E$1*B18*86.4/$G$1)","=COSH($E$1*B18*86.4/$G$1)","=(($G$1^2*1000)/($E$1*$I$1))*(H18-1)","=$J$3*EXP(-$E$1*B18*86.4/$G$1)","=J17-J18"
1,"=B18+A19","=$C$3+($G$1/($E$1*86.4))*SINH($E$1*B19*86.4/$G$1)","=C19-$C$3-B19","=$E$1*B19*86.4","=$G$1*G19","=TANH($E$1*B19*86.4/$G$1)","=COSH($E$1*B19*86.4/$G$1)","=(($G$1^2*1000)/($E$1*$I$1))*(H19-1)","=$J$3*EXP(-$E$1*B19*86.4/$G$1)","=J18-J19"
1,"=B19+A20","=$C$3+($G$1/($E$1*86.4))*SINH($E$1*B20*86.4/$G$1)","=C20-$C$3-B20","=$E$1*B20*86.4","=$G$1*G20","=TANH($E$1*B20*86.4/$G$1)","=COSH($E$1*B20*86.4/$G$1)","=(($G$1^2*1000)/($E$1*$I$1))*(H20-1)","=$J$3*EXP(-$E$1*B20*86.4/$G$1)","=J19-J20"
1,"=B20+A21","=$C$3+($G$1/($E$1*86.4))*SINH($E$1*B21*86.4/$G$1)","=C21-$C$3-B21","=$E$1*B21*86.4","=$G$1*G21","=TANH($E$1*B21*86.4/$G$1)","=COSH($E$1*B21*86.4/$G$1)","=(($G$1^2*1000)/($E$1*$I$1))*(H21-1)","=$J$3*EXP(-$E$1*B21*86.4/$G$1)","=J20-J21"
1,"=B21+A22","=$C$3+($G$1/($E$1*86.4))*SINH($E$1*B22*86.4/$G$1)","=C22-$C$3-B22","=$E$1*B22*86.4","=$G$1*G22","=TANH($E$1*B22*86.4/$G$1)","=COSH($E$1*B22*86.4/$G$1)","=(($G$1^2*1000)/($E$1*$I$1))*(H22-1)","=$J$3*EXP(-$E$1*B22*86.4/$G$1)","=J21-J22"
1,"=B22+A23","=$C$3+($G$1/($E$1*86.4))*SINH($E$1*B23*86.4/$G$1)","=C23-$C$3-B23","=$E$1*B23*86.4","=$G$1*G23","=TANH($E$1*B23*86.4/$G$1)","=COSH($E$1*B23*86.4/$G$1)","=(($G$1^2*1000)/($E$1*$I$1))*(H23-1)","=$J$3*EXP(-$E$1*B23*86.4/$G$1)","=J22-J23"
1,"=B23+A24","=$C$3+($G$1/($E$1*86.4))*SINH($E$1*B24*86.4/$G$1)","=C24-$C$3-B24","=$E$1*B24*86.4","=$G$1*G24","=TANH($E$1*B24*86.4/$G$1)","=COSH($E$1*B24*86.4/$G$1)","=(($G$1^2*1000)/($E$1*$I$1))*(H24-1)","=$J$3*EXP(-$E$1*B24*86.4/$G$1)","=J23-J24"
1,"=B24+A25","=$C$3+($G$1/($E$1*86.4))*SINH($E$1*B25*86.4/$G$1)","=C25-$C$3-B25","=$E$1*B25*86.4","=$G$1*G25","=TANH($E$1*B25*86.4/$G$1)","=COSH($E$1*B25*86.4/$G$1)","=(($G$1^2*1000)/($E$1*$I$1))*(H25-1)","=$J$3*EXP(-$E$1*B25*86.4/$G$1)","=J24-J25"
1,"=B25+A26","=$C$3+($G$1/($E$1*86.4))*SINH($E$1*B26*86.4/$G$1)","=C26-$C$3-B26","=$E$1*B26*86.4","=$G$1*G26","=TANH($E$1*B26*86.4/$G$1)","=COSH($E$1*B26*86.4/$G$1)","=(($G$1^2*1000)/($E$1*$I$1))*(H26-1)","=$J$3*EXP(-$E$1*B26*86.4/$G$1)","=J25-J26"
1,"=B26+A27","=$C$3+($G$1/($E$1*86.4))*SINH($E$1*B27*86.4/$G$1)","=C27-$C$3-B27","=$E$1*B27*86.4","=$G$1*G27","=TANH($E$1*B27*86.4/$G$1)","=COSH($E$1*B27*86.4/$G$1)","=(($G$1^2*1000)/($E$1*$I$1))*(H27-1)","=$J$3*EXP(-$E$1*B27*86.4/$G$1)","=J26-J27"
1,"=B27+A28","=$C$3+($G$1/($E$1*86.4))*SINH($E$1*B28*86.4/$G$1)","=C28-$C$3-B28","=$E$1*B28*86.4","=$G$1*G28","=TANH($E$1*B28*86.4/$G$1)","=COSH($E$1*B28*86.4/$G$1)","=(($G$1^2*1000)/($E$1*$I$1))*(H28-1)","=$J$3*EXP(-$E$1*B28*86.4/$G$1)","=J27-J28"
1,"=B28+A29","=$C$3+($G$1/($E$1*86.4))*SINH($E$1*B29*86.4/$G$1)","=C29-$C$3-B29","=$E$1*B29*86.4","=$G$1*G29","=TANH($E$1*B29*86.4/$G$1)","=COSH($E$1*B29*86.4/$G$1)","=(($G$1^2*1000)/($E$1*$I$1))*(H29-1)","=$J$3*EXP(-$E$1*B29*86.4/$G$1)","=J28-J29"
1,"=B29+A30","=$C$3+($G$1/($E$1*86.4))*SINH($E$1*B30*86.4/$G$1)","=C30-$C$3-B30","=$E$1*B30*86.4","=$G$1*G30","=TANH($E$1*B30*86.4/$G$1)","=COSH($E$1*B30*86.4/$G$1)","=(($G$1^2*1000)/($E$1*$I$1))*(H30-1)","=$J$3*EXP(-$E$1*B30*86.4/$G$1)","=J29-J30"
1,"=B30+A31","=$C$3+($G$1/($E$1*86.4))*SINH($E$1*B31*86.4/$G$1)","=C31-$C$3-B31","=$E$1*B31*86.4","=$G$1*G31","=TANH($E$1*B31*86.4/$G$1)","=COSH($E$1*B31*86.4/$G$1)","=(($G$1^2*1000)/($E$1*$I$1))*(H31-1)","=$J$3*EXP(-$E$1*B31*86.4/$G$1)","=J30-J31"
1,"=B31+A32","=$C$3+($G$1/($E$1*86.4))*SINH($E$1*B32*86.4/$G$1)","=C32-$C$3-B32","=$E$1*B32*86.4","=$G$1*G32","=TANH($E$1*B32*86.4/$G$1)","=COSH($E$1*B32*86.4/$G$1)","=(($G$1^2*1000)/($E$1*$I$1))*(H32-1)","=$J$3*EXP(-$E$1*B32*86.4/$G$1)","=J31-J32"
1,"=B32+A33","=$C$3+($G$1/($E$1*86.4))*SINH($E$1*B33*86.4/$G$1)","=C33-$C$3-B33","=$E$1*B33*86.4","=$G$1*G33","=TANH($E$1*B33*86.4/$G$1)","=COSH($E$1*B33*86.4/$G$1)","=(($G$1^2*1000)/($E$1*$I$1))*(H33-1)","=$J$3*EXP(-$E$1*B33*86.4/$G$1)","=J32-J33"
1,"=B33+A34","=$C$3+($G$1/($E$1*86.4))*SINH($E$1*B34*86.4/$G$1)","=C34-$C$3-B34","=$E$1*B34*86.4","=$G$1*G34","=TANH($E$1*B34*86.4/$G$1)","=COSH($E$1*B34*86.4/$G$1)","=(($G$1^2*1000)/($E$1*$I$1))*(H34-1)","=$J$3*EXP(-$E$1*B34*86.4/$G$1)","=J33-J34"
1,"=B34+A35","=$C$3+($G$1/($E$1*86.4))*SINH($E$1*B35*86.4/$G$1)","=C35-$C$3-B35","=$E$1*B35*86.4","=$G$1*G35","=TANH($E$1*B35*86.4/$G$1)","=COSH($E$1*B35*86.4/$G$1)","=(($G$1^2*1000)/($E$1*$I$1))*(H35-1)","=$J$3*EXP(-$E$1*B35*86.4/$G$1)","=J34-J35"
1,"=B35+A36","=$C$3+($G$1/($E$1*86.4))*SINH($E$1*B36*86.4/$G$1)","=C36-$C$3-B36","=$E$1*B36*86.4","=$G$1*G36","=TANH($E$1*B36*86.4/$G$1)","=COSH($E$1*B36*86.4/$G$1)","=(($G$1^2*1000)/($E$1*$I$1))*(H36-1)","=$J$3*EXP(-$E$1*B36*86.4/$G$1)","=J35-J36"
1,"=B36+A37","=$C$3+($G$1/($E$1*86.4))*SINH($E$1*B37*86.4/$G$1)","=C37-$C$3-B37","=$E$1*B37*86.4","=$G$1*G37","=TANH($E$1*B37*86.4/$G$1)","=COSH($E$1*B37*86.4/$G$1)","=(($G$1^2*1000)/($E$1*$I$1))*(H37-1)","=$J$3*EXP(-$E$1*B37*86.4/$G$1)","=J36-J37"
1,"=B37+A38","=$C$3+($G$1/($E$1*86.4))*SINH($E$1*B38*86.4/$G$1)","=C38-$C$3-B38","=$E$1*B38*86.4","=$G$1*G38","=TANH($E$1*B38*86.4/$G$1)","=COSH($E$1*B38*86.4/$G$1)","=(($G$1^2*1000)/($E$1*$I$1))*(H38-1)","=$J$3*EXP(-$E$1*B38*86.4/$G$1)","=J37-J38"
1,"=B38+A39","=$C$3+($G$1/($E$1*86.4))*SINH($E$1*B39*86.4/$G$1)","=C39-$C$3-B39","=$E$1*B39*86.4","=$G$1*G39","=TANH($E$1*B39*86.4/$G$1)","=COSH($E$1*B39*86.4/$G$1)","=(($G$1^2*1000)/($E$1*$I$1))*(H39-1)","=$J$3*EXP(-$E$1*B39*86.4/$G$1)","=J38-J39"
1,"=B39+A40","=$C$3+($G$1/($E$1*86.4))*SINH($E$1*B40*86.4/$G$1)","=C40-$C$3-B40","=$E$1*B40*86.4","=$G$1*G40","=TANH($E$1*B40*86.4/$G$1)","=COSH($E$1*B40*86.4/$G$1)","=(($G$1^2*1000)/($E$1*$I$1))*(H40-1)","=$J$3*EXP(-$E$1*B40*86.4/$G$1)","=J39-J40"
1,"=B40+A41","=$C$3+($G$1/($E$1*86.4))*SINH($E$1*B41*86.4/$G$1)","=C41-$C$3-B41","=$E$1*B41*86.4","=$G$1*G41","=TANH($E$1*B41*86.4/$G$1)","=COSH($E$1*B41*86.4/$G$1)","=(($G$1^2*1000)/($E$1*$I$1))*(H41-1)","=$J$3*EXP(-$E$1*B41*86.4/$G$1)","=J40-J41"
1,"=B41+A42","=$C$3+($G$1/($E$1*86.4))*SINH($E$1*B42*86.4/$G$1)","=C42-$C$3-B42","=$E$1*B42*86.4","=$G$1*G42","=TANH($E$1*B42*86.4/$G$1)","=COSH($E$1*B42*86.4/$G$1)","=(($G$1^2*1000)/($E$1*$I$1))*(H42-1)","=$J$3*EXP(-$E$1*B42*86.4/$G$1)","=J41-J42"
1,"=B42+A43","=$C$3+($G$1/($E$1*86.4))*SINH($E$1*B43*86.4/$G$1)","=C43-$C$3-B43","=$E$1*B43*86.4","=$G$1*G43","=TANH($E$1*B43*86.4/$G$1)","=COSH($E$1*B43*86.4/$G$1)","=(($G$1^2*1000)/($E$1*$I$1))*(H43-1)","=$J$3*EXP(-$E$1*B43*86.4/$G$1)","=J42-J43"
1,"=B43+A44","=$C$3+($G$1/($E$1*86.4))*SINH($E$1*B44*86.4/$G$1)","=C44-$C$3-B44","=$E$1*B44*86.4","=$G$1*G44","=TANH($E$1*B44*86.4/$G$1)","=COSH($E$1*B44*86.4/$G$1)","=(($G$1^2*1000)/($E$1*$I$1))*(H44-1)","=$J$3*EXP(-$E$1*B44*86.4/$G$1)","=J43-J44"
1,"=B44+A45","=$C$3+($G$1/($E$1*86.4))*SINH($E$1*B45*86.4/$G$1)","=C45-$C$3-B45","=$E$1*B45*86.4","=$G$1*G45","=TANH($E$1*B45*86.4/$G$1)","=COSH($E$1*B45*86.4/$G$1)","=(($G$1^2*1000)/($E$1*$I$1))*(H45-1)","=$J$3*EXP(-$E$1*B45*86.4/$G$1)","=J44-J45"
1,"=B45+A46","=$C$3+($G$1/($E$1*86.4))*SINH($E$1*B46*86.4/$G$1)","=C46-$C$3-B46","=$E$1*B46*86.4","=$G$1*G46","=TANH($E$1*B46*86.4/$G$1)","=COSH($E$1*B46*86.4/$G$1)","=(($G$1^2*1000)/($E$1*$I$1))*(H46-1)","=$J$3*EXP(-$E$1*B46*86.4/$G$1)","=J45-J46"
1,"=B46+A47","=$C$3+($G$1/($E$1*86.4))*SINH($E$1*B47*86.4/$G$1)","=C47-$C$3-B47","=$E$1*B47*86.4","=$G$1*G47","=TANH($E$1*B47*86.4/$G$1)","=COSH($E$1*B47*86.4/$G$1)","=(($G$1^2*1000)/($E$1*$I$1))*(H47-1)","=$J$3*EXP(-$E$1*B47*86.4/$G$1)","=J46-J47"
1,"=B47+A48","=$C$3+($G$1/($E$1*86.4))*SINH($E$1*B48*86.4/$G$1)","=C48-$C$3-B48","=$E$1*B48*86.4","=$G$1*G48","=TANH($E$1*B48*86.4/$G$1)","=COSH($E$1*B48*86.4/$G$1)","=(($G$1^2*1000)/($E$1*$I$1))*(H48-1)","=$J$3*EXP(-$E$1*B48*86.4/$G$1)","=J47-J48"
1,"=B48+A49","=$C$3+($G$1/($E$1*86.4))*SINH($E$1*B49*86.4/$G$1)","=C49-$C$3-B49","=$E$1*B49*86.4","=$G$1*G49","=TANH($E$1*B49*86.4/$G$1)","=COSH($E$1*B49*86.4/$G$1)","=(($G$1^2*1000)/($E$1*$I$1))*(H49-1)","=$J$3*EXP(-$E$1*B49*86.4/$G$1)","=J48-J49"
1,"=B49+A50","=$C$3+($G$1/($E$1*86.4))*SINH($E$1*B50*86.4/$G$1)","=C50-$C$3-B50","=$E$1*B50*86.4","=$G$1*G50","=TANH($E$1*B50*86.4/$G$1)","=COSH($E$1*B50*86.4/$G$1)","=(($G$1^2*1000)/($E$1*$I$1))*(H50-1)","=$J$3*EXP(-$E$1*B50*86.4/$G$1)","=J49-J50"
1,"=B50+A51","=$C$3+($G$1/($E$1*86.4))*SINH($E$1*B51*86.4/$G$1)","=C51-$C$3-B51","=$E$1*B51*86.4","=$G$1*G51","=TANH($E$1*B51*86.4/$G$1)","=COSH($E$1*B51*86.4/$G$1)","=(($G$1^2*1000)/($E$1*$I$1))*(H51-1)","=$J$3*EXP(-$E$1*B51*86.4/$G$1)","=J50-J51"
1,"=B51+A52","=$C$3+($G$1/($E$1*86.4))*SINH($E$1*B52*86.4/$G$1)","=C52-$C$3-B52","=$E$1*B52*86.4","=$G$1*G52","=TANH($E$1*B52*86.4/$G$1)","=COSH($E$1*B52*86.4/$G$1)","=(($G$1^2*1000)/($E$1*$I$1))*(H52-1)","=$J$3*EXP(-$E$1*B52*86.4/$G$1)","=J51-J52"
1,"=B52+A53","=$C$3+($G$1/($E$1*86.4))*SINH($E$1*B53*86.4/$G$1)","=C53-$C$3-B53","=$E$1*B53*86.4","=$G$1*G53","=TANH($E$1*B53*86.4/$G$1)","=COSH($E$1*B53*86.4/$G$1)","=(($G$1^2*1000)/($E$1*$I$1))*(H53-1)","=$J$3*EXP(-$E$1*B53*86.4/$G$1)","=J52-J53"
1,"=B53+A54","=$C$3+($G$1/($E$1*86.4))*SINH($E$1*B54*86.4/$G$1)","=C54-$C$3-B54","=$E$1*B54*86.4","=$G$1*G54","=TANH($E$1*B54*86.4/$G$1)","=COSH($E$1*B54*86.4/$G$1)","=(($G$1^2*1000)/($E$1*$I$1))*(H54-1)","=$J$3*EXP(-$E$1*B54*86.4/$G$1)","=J53-J54"
1,"=B54+A55","=$C$3+($G$1/($E$1*86.4))*SINH($E$1*B55*86.4/$G$1)","=C55-$C$3-B55","=$E$1*B55*86.4","=$G$1*G55","=TANH($E$1*B55*86.4/$G$1)","=COSH($E$1*B55*86.4/$G$1)","=(($G$1^2*1000)/($E$1*$I$1))*(H55-1)","=$J$3*EXP(-$E$1*B55*86.4/$G$1)","=J54-J55"
1,"=B55+A56","=$C$3+($G$1/($E$1*86.4))*SINH($E$1*B56*86.4/$G$1)","=C56-$C$3-B56","=$E$1*B56*86.4","=$G$1*G56","=TANH($E$1*B56*86.4/$G$1)","=COSH($E$1*B56*86.4/$G$1)","=(($G$1^2*1000)/($E$1*$I$1))*(H56-1)","=$J$3*EXP(-$E$1*B56*86.4/$G$1)","=J55-J56"
1,"=B56+A57","=$C$3+($G$1/($E$1*86.4))*SINH($E$1*B57*86.4/$G$1)","=C57-$C$3-B57","=$E$1*B57*86.4","=$G$1*G57","=TANH($E$1*B57*86.4/$G$1)","=COSH($E$1*B57*86.4/$G$1)","=(($G$1^2*1000)/($E$1*$I$1))*(H57-1)","=$J$3*EXP(-$E$1*B57*86.4/$G$1)","=J56-J57"
1,"=B57+A58","=$C$3+($G$1/($E$1*86.4))*SINH($E$1*B58*86.4/$G$1)","=C58-$C$3-B58","=$E$1*B58*86.4","=$G$1*G58","=TANH($E$1*B58*86.4/$G$1)","=COSH($E$1*B58*86.4/$G$1)","=(($G$1^2*1000)/($E$1*$I$1))*(H58-1)","=$J$3*EXP(-$E$1*B58*86.4/$G$1)","=J57-J58"
1,"=B58+A59","=$C$3+($G$1/($E$1*86.4))*SINH($E$1*B59*86.4/$G$1)","=C59-$C$3-B59","=$E$1*B59*86.4","=$G$1*G59","=TANH($E$1*B59*86.4/$G$1)","=COSH($E$1*B59*86.4/$G$1)","=(($G$1^2*1000)/($E$1*$I$1))*(H59-1)","=$J$3*EXP(-$E$1*B59*86.4/$G$1)","=J58-J59"
1,"=B59+A60","=$C$3+($G$1/($E$1*86.4))*SINH($E$1*B60*86.4/$G$1)","=C60-$C$3-B60","=$E$1*B60*86.4","=$G$1*G60","=TANH($E$1*B60*86.4/$G$1)","=COSH($E$1*B60*86.4/$G$1)","=(($G$1^2*1000)/($E$1*$I$1))*(H60-1)","=$J$3*EXP(-$E$1*B60*86.4/$G$1)","=J59-J60"
1,"=B60+A61","=$C$3+($G$1/($E$1*86.4))*SINH($E$1*B61*86.4/$G$1)","=C61-$C$3-B61","=$E$1*B61*86.4","=$G$1*G61","=TANH($E$1*B61*86.4/$G$1)","=COSH($E$1*B61*86.4/$G$1)","=(($G$1^2*1000)/($E$1*$I$1))*(H61-1)","=$J$3*EXP(-$E$1*B61*86.4/$G$1)","=J60-J61"
1,"=B61+A62","=$C$3+($G$1/($E$1*86.4))*SINH($E$1*B62*86.4/$G$1)","=C62-$C$3-B62","=$E$1*B62*86.4","=$G$1*G62","=TANH($E$1*B62*86.4/$G$1)","=COSH($E$1*B62*86.4/$G$1)","=(($G$1^2*1000)/($E$1*$I$1))*(H62-1)","=$J$3*EXP(-$E$1*B62*86.4/$G$1)","=J61-J62"
1,"=B62+A63","=$C$3+($G$1/($E$1*86.4))*SINH($E$1*B63*86.4/$G$1)","=C63-$C$3-B63","=$E$1*B63*86.4","=$G$1*G63","=TANH($E$1*B63*86.4/$G$1)","=COSH($E$1*B63*86.4/$G$1)","=(($G$1^2*1000)/($E$1*$I$1))*(H63-1)","=$J$3*EXP(-$E$1*B63*86.4/$G$1)","=J62-J63"
1,"=B63+A64","=$C$3+($G$1/($E$1*86.4))*SINH($E$1*B64*86.4/$G$1)","=C64-$C$3-B64","=$E$1*B64*86.4","=$G$1*G64","=TANH($E$1*B64*86.4/$G$1)","=COSH($E$1*B64*86.4/$G$1)","=(($G$1^2*1000)/($E$1*$I$1))*(H64-1)","=$J$3*EXP(-$E$1*B64*86.4/$G$1)","=J63-J64"
1,"=B64+A65","=$C$3+($G$1/($E$1*86.4))*SINH($E$1*B65*86.4/$G$1)","=C65-$C$3-B65","=$E$1*B65*86.4","=$G$1*G65","=TANH($E$1*B65*86.4/$G$1)","=COSH($E$1*B65*86.4/$G$1)","=(($G$1^2*1000)/($E$1*$I$1))*(H65-1)","=$J$3*EXP(-$E$1*B65*86.4/$G$1)","=J64-J65"
1,"=B65+A66","=$C$3+($G$1/($E$1*86.4))*SINH($E$1*B66*86.4/$G$1)","=C66-$C$3-B66","=$E$1*B66*86.4","=$G$1*G66","=TANH($E$1*B66*86.4/$G$1)","=COSH($E$1*B66*86.4/$G$1)","=(($G$1^2*1000)/($E$1*$I$1))*(H66-1)","=$J$3*EXP(-$E$1*B66*86.4/$G$1)","=J65-J66"
1,"=B66+A67","=$C$3+($G$1/($E$1*86.4))*SINH($E$1*B67*86.4/$G$1)","=C67-$C$3-B67","=$E$1*B67*86.4","=$G$1*G67","=TANH($E$1*B67*86.4/$G$1)","=COSH($E$1*B67*86.4/$G$1)","=(($G$1^2*1000)/($E$1*$I$1))*(H67-1)","=$J$3*EXP(-$E$1*B67*86.4/$G$1)","=J66-J67"
1,"=B67+A68","=$C$3+($G$1/($E$1*86.4))*SINH($E$1*B68*86.4/$G$1)","=C68-$C$3-B68","=$E$1*B68*86.4","=$G$1*G68","=TANH($E$1*B68*86.4/$G$1)","=COSH($E$1*B68*86.4/$G$1)","=(($G$1^2*1000)/($E$1*$I$1))*(H68-1)","=$J$3*EXP(-$E$1*B68*86.4/$G$1)","=J67-J68"
1,"=B68+A69","=$C$3+($G$1/($E$1*86.4))*SINH($E$1*B69*86.4/$G$1)","=C69-$C$3-B69","=$E$1*B69*86.4","=$G$1*G69","=TANH($E$1*B69*86.4/$G$1)","=COSH($E$1*B69*86.4/$G$1)","=(($G$1^2*1000)/($E$1*$I$1))*(H69-1)","=$J$3*EXP(-$E$1*B69*86.4/$G$1)","=J68-J69"
1,"=B69+A70","=$C$3+($G$1/($E$1*86.4))*SINH($E$1*B70*86.4/$G$1)","=C70-$C$3-B70","=$E$1*B70*86.4","=$G$1*G70","=TANH($E$1*B70*86.4/$G$1)","=COSH($E$1*B70*86.4/$G$1)","=(($G$1^2*1000)/($E$1*$I$1))*(H70-1)","=$J$3*EXP(-$E$1*B70*86.4/$G$1)","=J69-J70"
1,"=B70+A71","=$C$3+($G$1/($E$1*86.4))*SINH($E$1*B71*86.4/$G$1)","=C71-$C$3-B71","=$E$1*B71*86.4","=$G$1*G71","=TANH($E$1*B71*86.4/$G$1)","=COSH($E$1*B71*86.4/$G$1)","=(($G$1^2*1000)/($E$1*$I$1))*(H71-1)","=$J$3*EXP(-$E$1*B71*86.4/$G$1)","=J70-J71"
1,"=B71+A72","=$C$3+($G$1/($E$1*86.4))*SINH($E$1*B72*86.4/$G$1)","=C72-$C$3-B72","=$E$1*B72*86.4","=$G$1*G72","=TANH($E$1*B72*86.4/$G$1)","=COSH($E$1*B72*86.4/$G$1)","=(($G$1^2*1000)/($E$1*$I$1))*(H72-1)","=$J$3*EXP(-$E$1*B72*86.4/$G$1)","=J71-J72"
1,"=B72+A73","=$C$3+($G$1/($E$1*86.4))*SINH($E$1*B73*86.4/$G$1)","=C73-$C$3-B73","=$E$1*B73*86.4","=$G$1*G73","=TANH($E$1*B73*86.4/$G$1)","=COSH($E$1*B73*86.4/$G$1)","=(($G$1^2*1000)/($E$1*$I$1))*(H73-1)","=$J$3*EXP(-$E$1*B73*86.4/$G$1)","=J72-J73"
1,"=B73+A74","=$C$3+($G$1/($E$1*86.4))*SINH($E$1*B74*86.4/$G$1)","=C74-$C$3-B74","=$E$1*B74*86.4","=$G$1*G74","=TANH($E$1*B74*86.4/$G$1)","=COSH($E$1*B74*86.4/$G$1)","=(($G$1^2*1000)/($E$1*$I$1))*(H74-1)","=$J$3*EXP(-$E$1*B74*86.4/$G$1)","=J73-J74"
1,"=B74+A75","=$C$3+($G$1/($E$1*86.4))*SINH($E$1*B75*86.4/$G$1)","=C75-$C$3-B75","=$E$1*B75*86.4","=$G$1*G75","=TANH($E$1*B75*86.4/$G$1)","=COSH($E$1*B75*86.4/$G$1)","=(($G$1^2*1000)/($E$1*$I$1))*(H75-1)","=$J$3*EXP(-$E$1*B75*86.4/$G$1)","=J74-J75"
1,"=B75+A76","=$C$3+($G$1/($E$1*86.4))*SINH($E$1*B76*86.4/$G$1)","=C76-$C$3-B76","=$E$1*B76*86.4","=$G$1*G76","=TANH($E$1*B76*86.4/$G$1)","=COSH($E$1*B76*86.4/$G$1)","=(($G$1^2*1000)/($E$1*$I$1))*(H76-1)","=$J$3*EXP(-$E$1*B76*86.4/$G$1)","=J75-J76"
1,"=B76+A77","=$C$3+($G$1/($E$1*86.4))*SINH($E$1*B77*86.4/$G$1)","=C77-$C$3-B77","=$E$1*B77*86.4","=$G$1*G77","=TANH($E$1*B77*86.4/$G$1)","=COSH($E$1*B77*86.4/$G$1)","=(($G$1^2*1000)/($E$1*$I$1))*(H77-1)","=$J$3*EXP(-$E$1*B77*86.4/$G$1)","=J76-J77"
1,"=B77+A78","=$C$3+($G$1/($E$1*86.4))*SINH($E$1*B78*86.4/$G$1)","=C78-$C$3-B78","=$E$1*B78*86.4","=$G$1*G78","=TANH($E$1*B78*86.4/$G$1)","=COSH($E$1*B78*86.4/$G$1)","=(($G$1^2*1000)/($E$1*$I$1))*(H78-1)","=$J$3*EXP(-$E$1*B78*86.4/$G$1)","=J77-J78"
1,"=B78+A79","=$C$3+($G$1/($E$1*86.4))*SINH($E$1*B79*86.4/$G$1)","=C79-$C$3-B79","=$E$1*B79*86.4","=$G$1*G79","=TANH($E$1*B79*86.4/$G$1)","=COSH($E$1*B79*86.4/$G$1)","=(($G$1^2*1000)/($E$1*$I$1))*(H79-1)","=$J$3*EXP(-$E$1*B79*86.4/$G$1)","=J78-J79"
1,"=B79+A80","=$C$3+($G$1/($E$1*86.4))*SINH($E$1*B80*86.4/$G$1)","=C80-$C$3-B80","=$E$1*B80*86.4","=$G$1*G80","=TANH($E$1*B80*86.4/$G$1)","=COSH($E$1*B80*86.4/$G$1)","=(($G$1^2*1000)/($E$1*$I$1))*(H80-1)","=$J$3*EXP(-$E$1*B80*86.4/$G$1)","=J79-J80"
1,"=B80+A81","=$C$3+($G$1/($E$1*86.4))*SINH($E$1*B81*86.4/$G$1)","=C81-$C$3-B81","=$E$1*B81*86.4","=$G$1*G81","=TANH($E$1*B81*86.4/$G$1)","=COSH($E$1*B81*86.4/$G$1)","=(($G$1^2*1000)/($E$1*$I$1))*(H81-1)","=$J$3*EXP(-$E$1*B81*86.4/$G$1)","=J80-J81"
1,"=B81+A82","=$C$3+($G$1/($E$1*86.4))*SINH($E$1*B82*86.4/$G$1)","=C82-$C$3-B82","=$E$1*B82*86.4","=$G$1*G82","=TANH($E$1*B82*86.4/$G$1)","=COSH($E$1*B82*86.4/$G$1)","=(($G$1^2*1000)/($E$1*$I$1))*(H82-1)","=$J$3*EXP(-$E$1*B82*86.4/$G$1)","=J81-J82"
1,"=B82+A83","=$C$3+($G$1/($E$1*86.4))*SINH($E$1*B83*86.4/$G$1)","=C83-$C$3-B83","=$E$1*B83*86.4","=$G$1*G83","=TANH($E$1*B83*86.4/$G$1)","=COSH($E$1*B83*86.4/$G$1)","=(($G$1^2*1000)/($E$1*$I$1))*(H83-1)","=$J$3*EXP(-$E$1*B83*86.4/$G$1)","=J82-J83"
1,"=B83+A84","=$C$3+($G$1/($E$1*86.4))*SINH($E$1*B84*86.4/$G$1)","=C84-$C$3-B84","=$E$1*B84*86.4","=$G$1*G84","=TANH($E$1*B84*86.4/$G$1)","=COSH($E$1*B84*86.4/$G$1)","=(($G$1^2*1000)/($E$1*$I$1))*(H84-1)","=$J$3*EXP(-$E$1*B84*86.4/$G$1)","=J83-J84"
1,"=B84+A85","=$C$3+($G$1/($E$1*86.4))*SINH($E$1*B85*86.4/$G$1)","=C85-$C$3-B85","=$E$1*B85*86.4","=$G$1*G85","=TANH($E$1*B85*86.4/$G$1)","=COSH($E$1*B85*86.4/$G$1)","=(($G$1^2*1000)/($E$1*$I$1))*(H85-1)","=$J$3*EXP(-$E$1*B85*86.4/$G$1)","=J84-J85"
1,"=B85+A86","=$C$3+($G$1/($E$1*86.4))*SINH($E$1*B86*86.4/$G$1)","=C86-$C$3-B86","=$E$1*B86*86.4","=$G$1*G86","=TANH($E$1*B86*86.4/$G$1)","=COSH($E$1*B86*86.4/$G$1)","=(($G$1^2*1000)/($E$1*$I$1))*(H86-1)","=$J$3*EXP(-$E$1*B86*86.4/$G$1)","=J85-J86"
1,"=B86+A87","=$C$3+($G$1/($E$1*86.4))*SINH($E$1*B87*86.4/$G$1)","=C87-$C$3-B87","=$E$1*B87*86.4","=$G$1*G87","=TANH($E$1*B87*86.4/$G$1)","=COSH($E$1*B87*86.4/$G$1)","=(($G$1^2*1000)/($E$1*$I$1))*(H87-1)","=$J$3*EXP(-$E$1*B87*86.4/$G$1)","=J86-J87"
1,"=B87+A88","=$C$3+($G$1/($E$1*86.4))*SINH($E$1*B88*86.4/$G$1)","=C88-$C$3-B88","=$E$1*B88*86.4","=$G$1*G88","=TANH($E$1*B88*86.4/$G$1)","=COSH($E$1*B88*86.4/$G$1)","=(($G$1^2*1000)/($E$1*$I$1))*(H88-1)","=$J$3*EXP(-$E$1*B88*86.4/$G$1)","=J87-J88"
1,"=B88+A89","=$C$3+($G$1/($E$1*86.4))*SINH($E$1*B89*86.4/$G$1)","=C89-$C$3-B89","=$E$1*B89*86.4","=$G$1*G89","=TANH($E$1*B89*86.4/$G$1)","=COSH($E$1*B89*86.4/$G$1)","=(($G$1^2*1000)/($E$1*$I$1))*(H89-1)","=$J$3*EXP(-$E$1*B89*86.4/$G$1)","=J88-J89"
1,"=B89+A90","=$C$3+($G$1/($E$1*86.4))*SINH($E$1*B90*86.4/$G$1)","=C90-$C$3-B90","=$E$1*B90*86.4","=$G$1*G90","=TANH($E$1*B90*86.4/$G$1)","=COSH($E$1*B90*86.4/$G$1)","=(($G$1^2*1000)/($E$1*$I$1))*(H90-1)","=$J$3*EXP(-$E$1*B90*86.4/$G$1)","=J89-J90"
1,"=B90+A91","=$C$3+($G$1/($E$1*86.4))*SINH($E$1*B91*86.4/$G$1)","=C91-$C$3-B91","=$E$1*B91*86.4","=$G$1*G91","=TANH($E$1*B91*86.4/$G$1)","=COSH($E$1*B91*86.4/$G$1)","=(($G$1^2*1000)/($E$1*$I$1))*(H91-1)","=$J$3*EXP(-$E$1*B91*86.4/$G$1)","=J90-J91"
1,"=B91+A92","=$C$3+($G$1/($E$1*86.4))*SINH($E$1*B92*86.4/$G$1)","=C92-$C$3-B92","=$E$1*B92*86.4","=$G$1*G92","=TANH($E$1*B92*86.4/$G$1)","=COSH($E$1*B92*86.4/$G$1)","=(($G$1^2*1000)/($E$1*$I$1))*(H92-1)","=$J$3*EXP(-$E$1*B92*86.4/$G$1)","=J91-J92"
1,"=B92+A93","=$C$3+($G$1/($E$1*86.4))*SINH($E$1*B93*86.4/$G$1)","=C93-$C$3-B93","=$E$1*B93*86.4","=$G$1*G93","=TANH($E$1*B93*86.4/$G$1)","=COSH($E$1*B93*86.4/$G$1)","=(($G$1^2*1000)/($E$1*$I$1))*(H93-1)","=$J$3*EXP(-$E$1*B93*86.4/$G$1)","=J92-J93"
1,"=B93+A94","=$C$3+($G$1/($E$1*86.4))*SINH($E$1*B94*86.4/$G$1)","=C94-$C$3-B94","=$E$1*B94*86.4","=$G$1*G94","=TANH($E$1*B94*86.4/$G$1)","=COSH($E$1*B94*86.4/$G$1)","=(($G$1^2*1000)/($E$1*$I$1))*(H94-1)","=$J$3*EXP(-$E$1*B94*86.4/$G$1)","=J93-J94"
1,"=B94+A95","=$C$3+($G$1/($E$1*86.4))*SINH($E$1*B95*86.4/$G$1)","=C95-$C$3-B95","=$E$1*B95*86.4","=$G$1*G95","=TANH($E$1*B95*86.4/$G$1)","=COSH($E$1*B95*86.4/$G$1)","=(($G$1^2*1000)/($E$1*$I$1))*(H95-1)","=$J$3*EXP(-$E$1*B95*86.4/$G$1)","=J94-J95"
1,"=B95+A96","=$C$3+($G$1/($E$1*86.4))*SINH($E$1*B96*86.4/$G$1)","=C96-$C$3-B96","=$E$1*B96*86.4","=$G$1*G96","=TANH($E$1*B96*86.4/$G$1)","=COSH($E$1*B96*86.4/$G$1)","=(($G$1^2*1000)/($E$1*$I$1))*(H96-1)","=$J$3*EXP(-$E$1*B96*86.4/$G$1)","=J95-J96"
1,"=B96+A97","=$C$3+($G$1/($E$1*86.4))*SINH($E$1*B97*86.4/$G$1)","=C97-$C$3-B97","=$E$1*B97*86.4","=$G$1*G97","=TANH($E$1*B97*86.4/$G$1)","=COSH($E$1*B97*86.4/$G$1)","=(($G$1^2*1000)/($E$1*$I$1))*(H97-1)","=$J$3*EXP(-$E$1*B97*86.4/$G$1)","=J96-J97"
1,"=B97+A98","=$C$3+($G$1/($E$1*86.4))*SINH($E$1*B98*86.4/$G$1)","=C98-$C$3-B98","=$E$1*B98*86.4","=$G$1*G98","=TANH($E$1*B98*86.4/$G$1)","=COSH($E$1*B98*86.4/$G$1)","=(($G$1^2*1000)/($E$1*$I$1))*(H98-1)","=$J$3*EXP(-$E$1*B98*86.4/$G$1)","=J97-J98"
1,"=B98+A99","=$C$3+($G$1/($E$1*86.4))*SINH($E$1*B99*86.4/$G$1)","=C99-$C$3-B99","=$E$1*B99*86.4","=$G$1*G99","=TANH($E$1*B99*86.4/$G$1)","=COSH($E$1*B99*86.4/$G$1)","=(($G$1^2*1000)/($E$1*$I$1))*(H99-1)","=$J$3*EXP(-$E$1*B99*86.4/$G$1)","=J98-J99"
1,"=B99+A100","=$C$3+($G$1/($E$1*86.4))*SINH($E$1*B100*86.4/$G$1)","=C100-$C$3-B100","=$E$1*B100*86.4","=$G$1*G100","=TANH($E$1*B100*86.4/$G$1)","=COSH($E$1*B100*86.4/$G$1)","=(($G$1^2*1000)/($E$1*$I$1))*(H100-1)","=$J$3*EXP(-$E$1*B100*86.4/$G$1)","=J99-J100"
1,"=B100+A101","=$C$3+($G$1/($E$1*86.4))*SINH($E$1*B101*86.4/$G$1)","=C101-$C$3-B101","=$E$1*B101*86.4","=$G$1*G101","=TANH($E$1*B101*86.4/$G$1)","=COSH($E$1*B101*86.4/$G$1)","=(($G$1^2*1000)/($E$1*$I$1))*(H101-1)","=$J$3*EXP(-$E$1*B101*86.4/$G$1)","=J100-J101"
1,"=B101+A102","=$C$3+($G$1/($E$1*86.4))*SINH($E$1*B102*86.4/$G$1)","=C102-$C$3-B102","=$E$1*B102*86.4","=$G$1*G102","=TANH($E$1*B102*86.4/$G$1)","=COSH($E$1*B102*86.4/$G$1)","=(($G$1^2*1000)/($E$1*$I$1))*(H102-1)","=$J$3*EXP(-$E$1*B102*86.4/$G$1)","=J101-J102"
1,"=B102+A103","=$C$3+($G$1/($E$1*86.4))*SINH($E$1*B103*86.4/$G$1)","=C103-$C$3-B103","=$E$1*B103*86.4","=$G$1*G103","=TANH($E$1*B103*86.4/$G$1)","=COSH($E$1*B103*86.4/$G$1)","=(($G$1^2*1000)/($E$1*$I$1))*(H103-1)","=$J$3*EXP(-$E$1*B103*86.4/$G$1)","=J102-J103"
1,"=B103+A104","=$C$3+($G$1/($E$1*86.4))*SINH($E$1*B104*86.4/$G$1)","=C104-$C$3-B104","=$E$1*B104*86.4","=$G$1*G104","=TANH($E$1*B104*86.4/$G$1)","=COSH($E$1*B104*86.4/$G$1)","=(($G$1^2*1000)/($E$1*$I$1))*(H104-1)","=$J$3*EXP(-$E$1*B104*86.4/$G$1)","=J103-J104"
1,"=B104+A105","=$C$3+($G$1/($E$1*86.4))*SINH($E$1*B105*86.4/$G$1)","=C105-$C$3-B105","=$E$1*B105*86.4","=$G$1*G105","=TANH($E$1*B105*86.4/$G$1)","=COSH($E$1*B105*86.4/$G$1)","=(($G$1^2*1000)/($E$1*$I$1))*(H105-1)","=$J$3*EXP(-$E$1*B105*86.4/$G$1)","=J104-J105"
1,"=B105+A106","=$C$3+($G$1/($E$1*86.4))*SINH($E$1*B106*86.4/$G$1)","=C106-$C$3-B106","=$E$1*B106*86.4","=$G$1*G106","=TANH($E$1*B106*86.4/$G$1)","=COSH($E$1*B106*86.4/$G$1)","=(($G$1^2*1000)/($E$1*$I$1))*(H106-1)","=$J$3*EXP(-$E$1*B106*86.4/$G$1)","=J105-J106"
1,"=B106+A107","=$C$3+($G$1/($E$1*86.4))*SINH($E$1*B107*86.4/$G$1)","=C107-$C$3-B107","=$E$1*B107*86.4","=$G$1*G107","=TANH($E$1*B107*86.4/$G$1)","=COSH($E$1*B107*86.4/$G$1)","=(($G$1^2*1000)/($E$1*$I$1))*(H107-1)","=$J$3*EXP(-$E$1*B107*86.4/$G$1)","=J106-J107"
1,"=B107+A108","=$C$3+($G$1/($E$1*86.4))*SINH($E$1*B108*86.4/$G$1)","=C108-$C$3-B108","=$E$1*B108*86.4","=$G$1*G108","=TANH($E$1*B108*86.4/$G$1)","=COSH($E$1*B108*86.4/$G$1)","=(($G$1^2*1000)/($E$1*$I$1))*(H108-1)","=$J$3*EXP(-$E$1*B108*86.4/$G$1)","=J107-J108"
1,"=B108+A109","=$C$3+($G$1/($E$1*86.4))*SINH($E$1*B109*86.4/$G$1)","=C109-$C$3-B109","=$E$1*B109*86.4","=$G$1*G109","=TANH($E$1*B109*86.4/$G$1)","=COSH($E$1*B109*86.4/$G$1)","=(($G$1^2*1000)/($E$1*$I$1))*(H109-1)","=$J$3*EXP(-$E$1*B109*86.4/$G$1)","=J108-J109"
1,"=B109+A110","=$C$3+($G$1/($E$1*86.4))*SINH($E$1*B110*86.4/$G$1)","=C110-$C$3-B110","=$E$1*B110*86.4","=$G$1*G110","=TANH($E$1*B110*86.4/$G$1)","=COSH($E$1*B110*86.4/$G$1)","=(($G$1^2*1000)/($E$1*$I$1))*(H110-1)","=$J$3*EXP(-$E$1*B110*86.4/$G$1)","=J109-J110"
1,"=B110+A111","=$C$3+($G$1/($E$1*86.4))*SINH($E$1*B111*86.4/$G$1)","=C111-$C$3-B111","=$E$1*B111*86.4","=$G$1*G111","=TANH($E$1*B111*86.4/$G$1)","=COSH($E$1*B111*86.4/$G$1)","=(($G$1^2*1000)/($E$1*$I$1))*(H111-1)","=$J$3*EXP(-$E$1*B111*86.4/$G$1)","=J110-J111"
1,"=B111+A112","=$C$3+($G$1/($E$1*86.4))*SINH($E$1*B112*86.4/$G$1)","=C112-$C$3-B112","=$E$1*B112*86.4","=$G$1*G112","=TANH($E$1*B112*86.4/$G$1)","=COSH($E$1*B112*86.4/$G$1)","=(($G$1^2*1000)/($E$1*$I$1))*(H112-1)","=$J$3*EXP(-$E$1*B112*86.4/$G$1)","=J111-J112"
1,"=B112+A113","=$C$3+($G$1/($E$1*86.4))*SINH($E$1*B113*86.4/$G$1)","=C113-$C$3-B113","=$E$1*B113*86.4","=$G$1*G113","=TANH($E$1*B113*86.4/$G$1)","=COSH($E$1*B113*86.4/$G$1)","=(($G$1^2*1000)/($E$1*$I$1))*(H113-1)","=$J$3*EXP(-$E$1*B113*86.4/$G$1)","=J112-J113"
1,"=B113+A114","=$C$3+($G$1/($E$1*86.4))*SINH($E$1*B114*86.4/$G$1)","=C114-$C$3-B114","=$E$1*B114*86.4","=$G$1*G114","=TANH($E$1*B114*86.4/$G$1)","=COSH($E$1*B114*86.4/$G$1)","=(($G$1^2*1000)/($E$1*$I$1))*(H114-1)","=$J$3*EXP(-$E$1*B114*86.4/$G$1)","=J113-J114"
1,"=B114+A115","=$C$3+($G$1/($E$1*86.4))*SINH($E$1*B115*86.4/$G$1)","=C115-$C$3-B115","=$E$1*B115*86.4","=$G$1*G115","=TANH($E$1*B115*86.4/$G$1)","=COSH($E$1*B115*86.4/$G$1)","=(($G$1^2*1000)/($E$1*$I$1))*(H115-1)","=$J$3*EXP(-$E$1*B115*86.4/$G$1)","=J114-J115"
1,"=B115+A116","=$C$3+($G$1/($E$1*86.4))*SINH($E$1*B116*86.4/$G$1)","=C116-$C$3-B116","=$E$1*B116*86.4","=$G$1*G116","=TANH($E$1*B116*86.4/$G$1)","=COSH($E$1*B116*86.4/$G$1)","=(($G$1^2*1000)/($E$1*$I$1))*(H116-1)","=$J$3*EXP(-$E$1*B116*86.4/$G$1)","=J115-J116"
1,"=B116+A117","=$C$3+($G$1/($E$1*86.4))*SINH($E$1*B117*86.4/$G$1)","=C117-$C$3-B117","=$E$1*B117*86.4","=$G$1*G117","=TANH($E$1*B117*86.4/$G$1)","=COSH($E$1*B117*86.4/$G$1)","=(($G$1^2*1000)/($E$1*$I$1))*(H117-1)","=$J$3*EXP(-$E$1*B117*86.4/$G$1)","=J116-J117"
1,"=B117+A118","=$C$3+($G$1/($E$1*86.4))*SINH($E$1*B118*86.4/$G$1)","=C118-$C$3-B118","=$E$1*B118*86.4","=$G$1*G118","=TANH($E$1*B118*86.4/$G$1)","=COSH($E$1*B118*86.4/$G$1)","=(($G$1^2*1000)/($E$1*$I$1))*(H118-1)","=$J$3*EXP(-$E$1*B118*86.4/$G$1)","=J117-J118"
1,"=B118+A119","=$C$3+($G$1/($E$1*86.4))*SINH($E$1*B119*86.4/$G$1)","=C119-$C$3-B119","=$E$1*B119*86.4","=$G$1*G119","=TANH($E$1*B119*86.4/$G$1)","=COSH($E$1*B119*86.4/$G$1)","=(($G$1^2*1000)/($E$1*$I$1))*(H119-1)","=$J$3*EXP(-$E$1*B119*86.4/$G$1)","=J118-J119"
1,"=B119+A120","=$C$3+($G$1/($E$1*86.4))*SINH($E$1*B120*86.4/$G$1)","=C120-$C$3-B120","=$E$1*B120*86.4","=$G$1*G120","=TANH($E$1*B120*86.4/$G$1)","=COSH($E$1*B120*86.4/$G$1)","=(($G$1^2*1000)/($E$1*$I$1))*(H120-1)","=$J$3*EXP(-$E$1*B120*86.4/$G$1)","=J119-J120"
1,"=B120+A121","=$C$3+($G$1/($E$1*86.4))*SINH($E$1*B121*86.4/$G$1)","=C121-$C$3-B121","=$E$1*B121*86.4","=$G$1*G121","=TANH($E$1*B121*86.4/$G$1)","=COSH($E$1*B121*86.4/$G$1)","=(($G$1^2*1000)/($E$1*$I$1))*(H121-1)","=$J$3*EXP(-$E$1*B121*86.4/$G$1)","=J120-J121"
1,"=B121+A122","=$C$3+($G$1/($E$1*86.4))*SINH($E$1*B122*86.4/$G$1)","=C122-$C$3-B122","=$E$1*B122*86.4","=$G$1*G122","=TANH($E$1*B122*86.4/$G$1)","=COSH($E$1*B122*86.4/$G$1)","=(($G$1^2*1000)/($E$1*$I$1))*(H122-1)","=$J$3*EXP(-$E$1*B122*86.4/$G$1)","=J121-J122"
1,"=B122+A123","=$C$3+($G$1/($E$1*86.4))*SINH($E$1*B123*86.4/$G$1)","=C123-$C$3-B123","=$E$1*B123*86.4","=$G$1*G123","=TANH($E$1*B123*86.4/$G$1)","=COSH($E$1*B123*86.4/$G$1)","=(($G$1^2*1000)/($E$1*$I$1))*(H123-1)","=$J$3*EXP(-$E$1*B123*86.4/$G$1)","=J122-J123"
1,"=B123+A124","=$C$3+($G$1/($E$1*86.4))*SINH($E$1*B124*86.4/$G$1)","=C124-$C$3-B124","=$E$1*B124*86.4","=$G$1*G124","=TANH($E$1*B124*86.4/$G$1)","=COSH($E$1*B124*86.4/$G$1)","=(($G$1^2*1000)/($E$1*$I$1))*(H124-1)","=$J$3*EXP(-$E$1*B124*86.4/$G$1)","=J123-J124"
1,"=B124+A125","=$C$3+($G$1/($E$1*86.4))*SINH($E$1*B125*86.4/$G$1)","=C125-$C$3-B125","=$E$1*B125*86.4","=$G$1*G125","=TANH($E$1*B125*86.4/$G$1)","=COSH($E$1*B125*86.4/$G$1)","=(($G$1^2*1000)/($E$1*$I$1))*(H125-1)","=$J$3*EXP(-$E$1*B125*86.4/$G$1)","=J124-J125"
1,"=B125+A126","=$C$3+($G$1/($E$1*86.4))*SINH($E$1*B126*86.4/$G$1)","=C126-$C$3-B126","=$E$1*B126*86.4","=$G$1*G126","=TANH($E$1*B126*86.4/$G$1)","=COSH($E$1*B126*86.4/$G$1)","=(($G$1^2*1000)/($E$1*$I$1))*(H126-1)","=$J$3*EXP(-$E$1*B126*86.4/$G$1)","=J125-J126"
1,"=B126+A127","=$C$3+($G$1/($E$1*86.4))*SINH($E$1*B127*86.4/$G$1)","=C127-$C$3-B127","=$E$1*B127*86.4","=$G$1*G127","=TANH($E$1*B127*86.4/$G$1)","=COSH($E$1*B127*86.4/$G$1)","=(($G$1^2*1000)/($E$1*$I$1))*(H127-1)","=$J$3*EXP(-$E$1*B127*86.4/$G$1)","=J126-J127"
1,"=B127+A128","=$C$3+($G$1/($E$1*86.4))*SINH($E$1*B128*86.4/$G$1)","=C128-$C$3-B128","=$E$1*B128*86.4","=$G$1*G128","=TANH($E$1*B128*86.4/$G$1)","=COSH($E$1*B128*86.4/$G$1)","=(($G$1^2*1000)/($E$1*$I$1))*(H128-1)","=$J$3*EXP(-$E$1*B128*86.4/$G$1)","=J127-J128"
1,"=B128+A129","=$C$3+($G$1/($E$1*86.4))*SINH($E$1*B129*86.4/$G$1)","=C129-$C$3-B129","=$E$1*B129*86.4","=$G$1*G129","=TANH($E$1*B129*86.4/$G$1)","=COSH($E$1*B129*86.4/$G$1)","=(($G$1^2*1000)/($E$1*$I$1))*(H129-1)","=$J$3*EXP(-$E$1*B129*86.4/$G$1)","=J128-J129"
1,"=B129+A130","=$C$3+($G$1/($E$1*86.4))*SINH($E$1*B130*86.4/$G$1)","=C130-$C$3-B130","=$E$1*B130*86.4","=$G$1*G130","=TANH($E$1*B130*86.4/$G$1)","=COSH($E$1*B130*86.4/$G$1)","=(($G$1^2*1000)/($E$1*$I$1))*(H130-1)","=$J$3*EXP(-$E$1*B130*86.4/$G$1)","=J129-J130"
1,"=B130+A131","=$C$3+($G$1/($E$1*86.4))*SINH($E$1*B131*86.4/$G$1)","=C131-$C$3-B131","=$E$1*B131*86.4","=$G$1*G131","=TANH($E$1*B131*86.4/$G$1)","=COSH($E$1*B131*86.4/$G$1)","=(($G$1^2*1000)/($E$1*$I$1))*(H131-1)","=$J$3*EXP(-$E$1*B131*86.4/$G$1)","=J130-J131"
1,"=B131+A132","=$C$3+($G$1/($E$1*86.4))*SINH($E$1*B132*86.4/$G$1)","=C132-$C$3-B132","=$E$1*B132*86.4","=$G$1*G132","=TANH($E$1*B132*86.4/$G$1)","=COSH($E$1*B132*86.4/$G$1)","=(($G$1^2*1000)/($E$1*$I$1))*(H132-1)","=$J$3*EXP(-$E$1*B132*86.4/$G$1)","=J131-J132"
1,"=B132+A133","=$C$3+($G$1/($E$1*86.4))*SINH($E$1*B133*86.4/$G$1)","=C133-$C$3-B133","=$E$1*B133*86.4","=$G$1*G133","=TANH($E$1*B133*86.4/$G$1)","=COSH($E$1*B133*86.4/$G$1)","=(($G$1^2*1000)/($E$1*$I$1))*(H133-1)","=$J$3*EXP(-$E$1*B133*86.4/$G$1)","=J132-J133"
1,"=B133+A134","=$C$3+($G$1/($E$1*86.4))*SINH($E$1*B134*86.4/$G$1)","=C134-$C$3-B134","=$E$1*B134*86.4","=$G$1*G134","=TANH($E$1*B134*86.4/$G$1)","=COSH($E$1*B134*86.4/$G$1)","=(($G$1^2*1000)/($E$1*$I$1))*(H134-1)","=$J$3*EXP(-$E$1*B134*86.4/$G$1)","=J133-J134"
1,"=B134+A135","=$C$3+($G$1/($E$1*86.4))*SINH($E$1*B135*86.4/$G$1)","=C135-$C$3-B135","=$E$1*B135*86.4","=$G$1*G135","=TANH($E$1*B135*86.4/$G$1)","=COSH($E$1*B135*86.4/$G$1)","=(($G$1^2*1000)/($E$1*$I$1))*(H135-1)","=$J$3*EXP(-$E$1*B135*86.4/$G$1)","=J134-J135"
1,"=B135+A136","=$C$3+($G$1/($E$1*86.4))*SINH($E$1*B136*86.4/$G$1)","=C136-$C$3-B136","=$E$1*B136*86.4","=$G$1*G136","=TANH($E$1*B136*86.4/$G$1)","=COSH($E$1*B136*86.4/$G$1)","=(($G$1^2*1000)/($E$1*$I$1))*(H136-1)","=$J$3*EXP(-$E$1*B136*86.4/$G$1)","=J135-J136"
1,"=B136+A137","=$C$3+($G$1/($E$1*86.4))*SINH($E$1*B137*86.4/$G$1)","=C137-$C$3-B137","=$E$1*B137*86.4","=$G$1*G137","=TANH($E$1*B137*86.4/$G$1)","=COSH($E$1*B137*86.4/$G$1)","=(($G$1^2*1000)/($E$1*$I$1))*(H137-1)","=$J$3*EXP(-$E$1*B137*86.4/$G$1)","=J136-J137"
1,"=B137+A138","=$C$3+($G$1/($E$1*86.4))*SINH($E$1*B138*86.4/$G$1)","=C138-$C$3-B138","=$E$1*B138*86.4","=$G$1*G138","=TANH($E$1*B138*86.4/$G$1)","=COSH($E$1*B138*86.4/$G$1)","=(($G$1^2*1000)/($E$1*$I$1))*(H138-1)","=$J$3*EXP(-$E$1*B138*86.4/$G$1)","=J137-J138"
1,"=B138+A139","=$C$3+($G$1/($E$1*86.4))*SINH($E$1*B139*86.4/$G$1)","=C139-$C$3-B139","=$E$1*B139*86.4","=$G$1*G139","=TANH($E$1*B139*86.4/$G$1)","=COSH($E$1*B139*86.4/$G$1)","=(($G$1^2*1000)/($E$1*$I$1))*(H139-1)","=$J$3*EXP(-$E$1*B139*86.4/$G$1)","=J138-J139"
1,"=B139+A140","=$C$3+($G$1/($E$1*86.4))*SINH($E$1*B140*86.4/$G$1)","=C140-$C$3-B140","=$E$1*B140*86.4","=$G$1*G140","=TANH($E$1*B140*86.4/$G$1)","=COSH($E$1*B140*86.4/$G$1)","=(($G$1^2*1000)/($E$1*$I$1))*(H140-1)","=$J$3*EXP(-$E$1*B140*86.4/$G$1)","=J139-J140"
1,"=B140+A141","=$C$3+($G$1/($E$1*86.4))*SINH($E$1*B141*86.4/$G$1)","=C141-$C$3-B141","=$E$1*B141*86.4","=$G$1*G141","=TANH($E$1*B141*86.4/$G$1)","=COSH($E$1*B141*86.4/$G$1)","=(($G$1^2*1000)/($E$1*$I$1))*(H141-1)","=$J$3*EXP(-$E$1*B141*86.4/$G$1)","=J140-J141"
1,"=B141+A142","=$C$3+($G$1/($E$1*86.4))*SINH($E$1*B142*86.4/$G$1)","=C142-$C$3-B142","=$E$1*B142*86.4","=$G$1*G142","=TANH($E$1*B142*86.4/$G$1)","=COSH($E$1*B142*86.4/$G$1)","=(($G$1^2*1000)/($E$1*$I$1))*(H142-1)","=$J$3*EXP(-$E$1*B142*86.4/$G$1)","=J141-J142"
1,"=B142+A143","=$C$3+($G$1/($E$1*86.4))*SINH($E$1*B143*86.4/$G$1)","=C143-$C$3-B143","=$E$1*B143*86.4","=$G$1*G143","=TANH($E$1*B143*86.4/$G$1)","=COSH($E$1*B143*86.4/$G$1)","=(($G$1^2*1000)/($E$1*$I$1))*(H143-1)","=$J$3*EXP(-$E$1*B143*86.4/$G$1)","=J142-J143"
1,"=B143+A144","=$C$3+($G$1/($E$1*86.4))*SINH($E$1*B144*86.4/$G$1)","=C144-$C$3-B144","=$E$1*B144*86.4","=$G$1*G144","=TANH($E$1*B144*86.4/$G$1)","=COSH($E$1*B144*86.4/$G$1)","=(($G$1^2*1000)/($E$1*$I$1))*(H144-1)","=$J$3*EXP(-$E$1*B144*86.4/$G$1)","=J143-J144"
1,"=B144+A145","=$C$3+($G$1/($E$1*86.4))*SINH($E$1*B145*86.4/$G$1)","=C145-$C$3-B145","=$E$1*B145*86.4","=$G$1*G145","=TANH($E$1*B145*86.4/$G$1)","=COSH($E$1*B145*86.4/$G$1)","=(($G$1^2*1000)/($E$1*$I$1))*(H145-1)","=$J$3*EXP(-$E$1*B145*86.4/$G$1)","=J144-J145"
1,"=B145+A146","=$C$3+($G$1/($E$1*86.4))*SINH($E$1*B146*86.4/$G$1)","=C146-$C$3-B146","=$E$1*B146*86.4","=$G$1*G146","=TANH($E$1*B146*86.4/$G$1)","=COSH($E$1*B146*86.4/$G$1)","=(($G$1^2*1000)/($E$1*$I$1))*(H146-1)","=$J$3*EXP(-$E$1*B146*86.4/$G$1)","=J145-J146"
1,"=B146+A147","=$C$3+($G$1/($E$1*86.4))*SINH($E$1*B147*86.4/$G$1)","=C147-$C$3-B147","=$E$1*B147*86.4","=$G$1*G147","=TANH($E$1*B147*86.4/$G$1)","=COSH($E$1*B147*86.4/$G$1)","=(($G$1^2*1000)/($E$1*$I$1))*(H147-1)","=$J$3*EXP(-$E$1*B147*86.4/$G$1)","=J146-J147"
1,"=B147+A148","=$C$3+($G$1/($E$1*86.4))*SINH($E$1*B148*86.4/$G$1)","=C148-$C$3-B148","=$E$1*B148*86.4","=$G$1*G148","=TANH($E$1*B148*86.4/$G$1)","=COSH($E$1*B148*86.4/$G$1)","=(($G$1^2*1000)/($E$1*$I$1))*(H148-1)","=$J$3*EXP(-$E$1*B148*86.4/$G$1)","=J147-J148"
1,"=B148+A149","=$C$3+($G$1/($E$1*86.4))*SINH($E$1*B149*86.4/$G$1)","=C149-$C$3-B149","=$E$1*B149*86.4","=$G$1*G149","=TANH($E$1*B149*86.4/$G$1)","=COSH($E$1*B149*86.4/$G$1)","=(($G$1^2*1000)/($E$1*$I$1))*(H149-1)","=$J$3*EXP(-$E$1*B149*86.4/$G$1)","=J148-J149"
1,"=B149+A150","=$C$3+($G$1/($E$1*86.4))*SINH($E$1*B150*86.4/$G$1)","=C150-$C$3-B150","=$E$1*B150*86.4","=$G$1*G150","=TANH($E$1*B150*86.4/$G$1)","=COSH($E$1*B150*86.4/$G$1)","=(($G$1^2*1000)/($E$1*$I$1))*(H150-1)","=$J$3*EXP(-$E$1*B150*86.4/$G$1)","=J149-J150"
1,"=B150+A151","=$C$3+($G$1/($E$1*86.4))*SINH($E$1*B151*86.4/$G$1)","=C151-$C$3-B151","=$E$1*B151*86.4","=$G$1*G151","=TANH($E$1*B151*86.4/$G$1)","=COSH($E$1*B151*86.4/$G$1)","=(($G$1^2*1000)/($E$1*$I$1))*(H151-1)","=$J$3*EXP(-$E$1*B151*86.4/$G$1)","=J150-J151"
1,"=B151+A152","=$C$3+($G$1/($E$1*86.4))*SINH($E$1*B152*86.4/$G$1)","=C152-$C$3-B152","=$E$1*B152*86.4","=$G$1*G152","=TANH($E$1*B152*86.4/$G$1)","=COSH($E$1*B152*86.4/$G$1)","=(($G$1^2*1000)/($E$1*$I$1))*(H152-1)","=$J$3*EXP(-$E$1*B152*86.4/$G$1)","=J151-J152"
1,"=B152+A153","=$C$3+($G$1/($E$1*86.4))*SINH($E$1*B153*86.4/$G$1)","=C153-$C$3-B153","=$E$1*B153*86.4","=$G$1*G153","=TANH($E$1*B153*86.4/$G$1)","=COSH($E$1*B153*86.4/$G$1)","=(($G$1^2*1000)/($E$1*$I$1))*(H153-1)","=$J$3*EXP(-$E$1*B153*86.4/$G$1)","=J152-J153"
1,"=B153+A154","=$C$3+($G$1/($E$1*86.4))*SINH($E$1*B154*86.4/$G$1)","=C154-$C$3-B154","=$E$1*B154*86.4","=$G$1*G154","=TANH($E$1*B154*86.4/$G$1)","=COSH($E$1*B154*86.4/$G$1)","=(($G$1^2*1000)/($E$1*$I$1))*(H154-1)","=$J$3*EXP(-$E$1*B154*86.4/$G$1)","=J153-J154"
1,"=B154+A155","=$C$3+($G$1/($E$1*86.4))*SINH($E$1*B155*86.4/$G$1)","=C155-$C$3-B155","=$E$1*B155*86.4","=$G$1*G155","=TANH($E$1*B155*86.4/$G$1)","=COSH($E$1*B155*86.4/$G$1)","=(($G$1^2*1000)/($E$1*$I$1))*(H155-1)","=$J$3*EXP(-$E$1*B155*86.4/$G$1)","=J154-J155"
1,"=B155+A156","=$C$3+($G$1/($E$1*86.4))*SINH($E$1*B156*86.4/$G$1)","=C156-$C$3-B156","=$E$1*B156*86.4","=$G$1*G156","=TANH($E$1*B156*86.4/$G$1)","=COSH($E$1*B156*86.4/$G$1)","=(($G$1^2*1000)/($E$1*$I$1))*(H156-1)","=$J$3*EXP(-$E$1*B156*86.4/$G$1)","=J155-J156"
1,"=B156+A157","=$C$3+($G$1/($E$1*86.4))*SINH($E$1*B157*86.4/$G$1)","=C157-$C$3-B157","=$E$1*B157*86.4","=$G$1*G157","=TANH($E$1*B157*86.4/$G$1)","=COSH($E$1*B157*86.4/$G$1)","=(($G$1^2*1000)/($E$1*$I$1))*(H157-1)","=$J$3*EXP(-$E$1*B157*86.4/$G$1)","=J156-J157"
1,"=B157+A158","=$C$3+($G$1/($E$1*86.4))*SINH($E$1*B158*86.4/$G$1)","=C158-$C$3-B158","=$E$1*B158*86.4","=$G$1*G158","=TANH($E$1*B158*86.4/$G$1)","=COSH($E$1*B158*86.4/$G$1)","=(($G$1^2*1000)/($E$1*$I$1))*(H158-1)","=$J$3*EXP(-$E$1*B158*86.4/$G$1)","=J157-J158"
1,"=B158+A159","=$C$3+($G$1/($E$1*86.4))*SINH($E$1*B159*86.4/$G$1)","=C159-$C$3-B159","=$E$1*B159*86.4","=$G$1*G159","=TANH($E$1*B159*86.4/$G$1)","=COSH($E$1*B159*86.4/$G$1)","=(($G$1^2*1000)/($E$1*$I$1))*(H159-1)","=$J$3*EXP(-$E$1*B159*86.4/$G$1)","=J158-J159"
1,"=B159+A160","=$C$3+($G$1/($E$1*86.4))*SINH($E$1*B160*86.4/$G$1)","=C160-$C$3-B160","=$E$1*B160*86.4","=$G$1*G160","=TANH($E$1*B160*86.4/$G$1)","=COSH($E$1*B160*86.4/$G$1)","=(($G$1^2*1000)/($E$1*$I$1))*(H160-1)","=$J$3*EXP(-$E$1*B160*86.4/$G$1)","=J159-J160"
1,"=B160+A161","=$C$3+($G$1/($E$1*86.4))*SINH($E$1*B161*86.4/$G$1)","=C161-$C$3-B161","=$E$1*B161*86.4","=$G$1*G161","=TANH($E$1*B161*86.4/$G$1)","=COSH($E$1*B161*86.4/$G$1)","=(($G$1^2*1000)/($E$1*$I$1))*(H161-1)","=$J$3*EXP(-$E$1*B161*86.4/$G$1)","=J160-J161"
1,"=B161+A162","=$C$3+($G$1/($E$1*86.4))*SINH($E$1*B162*86.4/$G$1)","=C162-$C$3-B162","=$E$1*B162*86.4","=$G$1*G162","=TANH($E$1*B162*86.4/$G$1)","=COSH($E$1*B162*86.4/$G$1)","=(($G$1^2*1000)/($E$1*$I$1))*(H162-1)","=$J$3*EXP(-$E$1*B162*86.4/$G$1)","=J161-J162"
1,"=B162+A163","=$C$3+($G$1/($E$1*86.4))*SINH($E$1*B163*86.4/$G$1)","=C163-$C$3-B163","=$E$1*B163*86.4","=$G$1*G163","=TANH($E$1*B163*86.4/$G$1)","=COSH($E$1*B163*86.4/$G$1)","=(($G$1^2*1000)/($E$1*$I$1))*(H163-1)","=$J$3*EXP(-$E$1*B163*86.4/$G$1)","=J162-J163"
1,"=B163+A164","=$C$3+($G$1/($E$1*86.4))*SINH($E$1*B164*86.4/$G$1)","=C164-$C$3-B164","=$E$1*B164*86.4","=$G$1*G164","=TANH($E$1*B164*86.4/$G$1)","=COSH($E$1*B164*86.4/$G$1)","=(($G$1^2*1000)/($E$1*$I$1))*(H164-1)","=$J$3*EXP(-$E$1*B164*86.4/$G$1)","=J163-J164"
1,"=B164+A165","=$C$3+($G$1/($E$1*86.4))*SINH($E$1*B165*86.4/$G$1)","=C165-$C$3-B165","=$E$1*B165*86.4","=$G$1*G165","=TANH($E$1*B165*86.4/$G$1)","=COSH($E$1*B165*86.4/$G$1)","=(($G$1^2*1000)/($E$1*$I$1))*(H165-1)","=$J$3*EXP(-$E$1*B165*86.4/$G$1)","=J164-J165"
1,"=B165+A166","=$C$3+($G$1/($E$1*86.4))*SINH($E$1*B166*86.4/$G$1)","=C166-$C$3-B166","=$E$1*B166*86.4","=$G$1*G166","=TANH($E$1*B166*86.4/$G$1)","=COSH($E$1*B166*86.4/$G$1)","=(($G$1^2*1000)/($E$1*$I$1))*(H166-1)","=$J$3*EXP(-$E$1*B166*86.4/$G$1)","=J165-J166"
1,"=B166+A167","=$C$3+($G$1/($E$1*86.4))*SINH($E$1*B167*86.4/$G$1)","=C167-$C$3-B167","=$E$1*B167*86.4","=$G$1*G167","=TANH($E$1*B167*86.4/$G$1)","=COSH($E$1*B167*86.4/$G$1)","=(($G$1^2*1000)/($E$1*$I$1))*(H167-1)","=$J$3*EXP(-$E$1*B167*86.4/$G$1)","=J166-J167"
1,"=B167+A168","=$C$3+($G$1/($E$1*86.4))*SINH($E$1*B168*86.4/$G$1)","=C168-$C$3-B168","=$E$1*B168*86.4","=$G$1*G168","=TANH($E$1*B168*86.4/$G$1)","=COSH($E$1*B168*86.4/$G$1)","=(($G$1^2*1000)/($E$1*$I$1))*(H168-1)","=$J$3*EXP(-$E$1*B168*86.4/$G$1)","=J167-J168"
1,"=B168+A169","=$C$3+($G$1/($E$1*86.4))*SINH($E$1*B169*86.4/$G$1)","=C169-$C$3-B169","=$E$1*B169*86.4","=$G$1*G169","=TANH($E$1*B169*86.4/$G$1)","=COSH($E$1*B169*86.4/$G$1)","=(($G$1^2*1000)/($E$1*$I$1))*(H169-1)","=$J$3*EXP(-$E$1*B169*86.4/$G$1)","=J168-J169"
1,"=B169+A170","=$C$3+($G$1/($E$1*86.4))*SINH($E$1*B170*86.4/$G$1)","=C170-$C$3-B170","=$E$1*B170*86.4","=$G$1*G170","=TANH($E$1*B170*86.4/$G$1)","=COSH($E$1*B170*86.4/$G$1)","=(($G$1^2*1000)/($E$1*$I$1))*(H170-1)","=$J$3*EXP(-$E$1*B170*86.4/$G$1)","=J169-J170"
1,"=B170+A171","=$C$3+($G$1/($E$1*86.4))*SINH($E$1*B171*86.4/$G$1)","=C171-$C$3-B171","=$E$1*B171*86.4","=$G$1*G171","=TANH($E$1*B171*86.4/$G$1)","=COSH($E$1*B171*86.4/$G$1)","=(($G$1^2*1000)/($E$1*$I$1))*(H171-1)","=$J$3*EXP(-$E$1*B171*86.4/$G$1)","=J170-J171"
1,"=B171+A172","=$C$3+($G$1/($E$1*86.4))*SINH($E$1*B172*86.4/$G$1)","=C172-$C$3-B172","=$E$1*B172*86.4","=$G$1*G172","=TANH($E$1*B172*86.4/$G$1)","=COSH($E$1*B172*86.4/$G$1)","=(($G$1^2*1000)/($E$1*$I$1))*(H172-1)","=$J$3*EXP(-$E$1*B172*86.4/$G$1)","=J171-J172"
1,"=B172+A173","=$C$3+($G$1/($E$1*86.4))*SINH($E$1*B173*86.4/$G$1)","=C173-$C$3-B173","=$E$1*B173*86.4","=$G$1*G173","=TANH($E$1*B173*86.4/$G$1)","=COSH($E$1*B173*86.4/$G$1)","=(($G$1^2*1000)/($E$1*$I$1))*(H173-1)","=$J$3*EXP(-$E$1*B173*86.4/$G$1)","=J172-J173"
1,"=B173+A174","=$C$3+($G$1/($E$1*86.4))*SINH($E$1*B174*86.4/$G$1)","=C174-$C$3-B174","=$E$1*B174*86.4","=$G$1*G174","=TANH($E$1*B174*86.4/$G$1)","=COSH($E$1*B174*86.4/$G$1)","=(($G$1^2*1000)/($E$1*$I$1))*(H174-1)","=$J$3*EXP(-$E$1*B174*86.4/$G$1)","=J173-J174"
1,"=B174+A175","=$C$3+($G$1/($E$1*86.4))*SINH($E$1*B175*86.4/$G$1)","=C175-$C$3-B175","=$E$1*B175*86.4","=$G$1*G175","=TANH($E$1*B175*86.4/$G$1)","=COSH($E$1*B175*86.4/$G$1)","=(($G$1^2*1000)/($E$1*$I$1))*(H175-1)","=$J$3*EXP(-$E$1*B175*86.4/$G$1)","=J174-J175"
1,"=B175+A176","=$C$3+($G$1/($E$1*86.4))*SINH($E$1*B176*86.4/$G$1)","=C176-$C$3-B176","=$E$1*B176*86.4","=$G$1*G176","=TANH($E$1*B176*86.4/$G$1)","=COSH($E$1*B176*86.4/$G$1)","=(($G$1^2*1000)/($E$1*$I$1))*(H176-1)","=$J$3*EXP(-$E$1*B176*86.4/$G$1)","=J175-J176"
1,"=B176+A177","=$C$3+($G$1/($E$1*86.4))*SINH($E$1*B177*86.4/$G$1)","=C177-$C$3-B177","=$E$1*B177*86.4","=$G$1*G177","=TANH($E$1*B177*86.4/$G$1)","=COSH($E$1*B177*86.4/$G$1)","=(($G$1^2*1000)/($E$1*$I$1))*(H177-1)","=$J$3*EXP(-$E$1*B177*86.4/$G$1)","=J176-J177"
1,"=B177+A178","=$C$3+($G$1/($E$1*86.4))*SINH($E$1*B178*86.4/$G$1)","=C178-$C$3-B178","=$E$1*B178*86.4","=$G$1*G178","=TANH($E$1*B178*86.4/$G$1)","=COSH($E$1*B178*86.4/$G$1)","=(($G$1^2*1000)/($E$1*$I$1))*(H178-1)","=$J$3*EXP(-$E$1*B178*86.4/$G$1)","=J177-J178"
1,"=B178+A179","=$C$3+($G$1/($E$1*86.4))*SINH($E$1*B179*86.4/$G$1)","=C179-$C$3-B179","=$E$1*B179*86.4","=$G$1*G179","=TANH($E$1*B179*86.4/$G$1)","=COSH($E$1*B179*86.4/$G$1)","=(($G$1^2*1000)/($E$1*$I$1))*(H179-1)","=$J$3*EXP(-$E$1*B179*86.4/$G$1)","=J178-J179"
1,"=B179+A180","=$C$3+($G$1/($E$1*86.4))*SINH($E$1*B180*86.4/$G$1)","=C180-$C$3-B180","=$E$1*B180*86.4","=$G$1*G180","=TANH($E$1*B180*86.4/$G$1)","=COSH($E$1*B180*86.4/$G$1)","=(($G$1^2*1000)/($E$1*$I$1))*(H180-1)","=$J$3*EXP(-$E$1*B180*86.4/$G$1)","=J179-J180"
1,"=B180+A181","=$C$3+($G$1/($E$1*86.4))*SINH($E$1*B181*86.4/$G$1)","=C181-$C$3-B181","=$E$1*B181*86.4","=$G$1*G181","=TANH($E$1*B181*86.4/$G$1)","=COSH($E$1*B181*86.4/$G$1)","=(($G$1^2*1000)/($E$1*$I$1))*(H181-1)","=$J$3*EXP(-$E$1*B181*86.4/$G$1)","=J180-J181"
1,"=B181+A182","=$C$3+($G$1/($E$1*86.4))*SINH($E$1*B182*86.4/$G$1)","=C182-$C$3-B182","=$E$1*B182*86.4","=$G$1*G182","=TANH($E$1*B182*86.4/$G$1)","=COSH($E$1*B182*86.4/$G$1)","=(($G$1^2*1000)/($E$1*$I$1))*(H182-1)","=$J$3*EXP(-$E$1*B182*86.4/$G$1)","=J181-J182"
1,"=B182+A183","=$C$3+($G$1/($E$1*86.4))*SINH($E$1*B183*86.4/$G$1)","=C183-$C$3-B183","=$E$1*B183*86.4","=$G$1*G183","=TANH($E$1*B183*86.4/$G$1)","=COSH($E$1*B183*86.4/$G$1)","=(($G$1^2*1000)/($E$1*$I$1))*(H183-1)","=$J$3*EXP(-$E$1*B183*86.4/$G$1)","=J182-J183"
1,"=B183+A184","=$C$3+($G$1/($E$1*86.4))*SINH($E$1*B184*86.4/$G$1)","=C184-$C$3-B184","=$E$1*B184*86.4","=$G$1*G184","=TANH($E$1*B184*86.4/$G$1)","=COSH($E$1*B184*86.4/$G$1)","=(($G$1^2*1000)/($E$1*$I$1))*(H184-1)","=$J$3*EXP(-$E$1*B184*86.4/$G$1)","=J183-J184"
1,"=B184+A185","=$C$3+($G$1/($E$1*86.4))*SINH($E$1*B185*86.4/$G$1)","=C185-$C$3-B185","=$E$1*B185*86.4","=$G$1*G185","=TANH($E$1*B185*86.4/$G$1)","=COSH($E$1*B185*86.4/$G$1)","=(($G$1^2*1000)/($E$1*$I$1))*(H185-1)","=$J$3*EXP(-$E$1*B185*86.4/$G$1)","=J184-J185"
1,"=B185+A186","=$C$3+($G$1/($E$1*86.4))*SINH($E$1*B186*86.4/$G$1)","=C186-$C$3-B186","=$E$1*B186*86.4","=$G$1*G186","=TANH($E$1*B186*86.4/$G$1)","=COSH($E$1*B186*86.4/$G$1)","=(($G$1^2*1000)/($E$1*$I$1))*(H186-1)","=$J$3*EXP(-$E$1*B186*86.4/$G$1)","=J185-J186"
1,"=B186+A187","=$C$3+($G$1/($E$1*86.4))*SINH($E$1*B187*86.4/$G$1)","=C187-$C$3-B187","=$E$1*B187*86.4","=$G$1*G187","=TANH($E$1*B187*86.4/$G$1)","=COSH($E$1*B187*86.4/$G$1)","=(($G$1^2*1000)/($E$1*$I$1))*(H187-1)","=$J$3*EXP(-$E$1*B187*86.4/$G$1)","=J186-J187"
1,"=B187+A188","=$C$3+($G$1/($E$1*86.4))*SINH($E$1*B188*86.4/$G$1)","=C188-$C$3-B188","=$E$1*B188*86.4","=$G$1*G188","=TANH($E$1*B188*86.4/$G$1)","=COSH($E$1*B188*86.4/$G$1)","=(($G$1^2*1000)/($E$1*$I$1))*(H188-1)","=$J$3*EXP(-$E$1*B188*86.4/$G$1)","=J187-J188"
1,"=B188+A189","=$C$3+($G$1/($E$1*86.4))*SINH($E$1*B189*86.4/$G$1)","=C189-$C$3-B189","=$E$1*B189*86.4","=$G$1*G189","=TANH($E$1*B189*86.4/$G$1)","=COSH($E$1*B189*86.4/$G$1)","=(($G$1^2*1000)/($E$1*$I$1))*(H189-1)","=$J$3*EXP(-$E$1*B189*86.4/$G$1)","=J188-J189"
1,"=B189+A190","=$C$3+($G$1/($E$1*86.4))*SINH($E$1*B190*86.4/$G$1)","=C190-$C$3-B190","=$E$1*B190*86.4","=$G$1*G190","=TANH($E$1*B190*86.4/$G$1)","=COSH($E$1*B190*86.4/$G$1)","=(($G$1^2*1000)/($E$1*$I$1))*(H190-1)","=$J$3*EXP(-$E$1*B190*86.4/$G$1)","=J189-J190"
1,"=B190+A191","=$C$3+($G$1/($E$1*86.4))*SINH($E$1*B191*86.4/$G$1)","=C191-$C$3-B191","=$E$1*B191*86.4","=$G$1*G191","=TANH($E$1*B191*86.4/$G$1)","=COSH($E$1*B191*86.4/$G$1)","=(($G$1^2*1000)/($E$1*$I$1))*(H191-1)","=$J$3*EXP(-$E$1*B191*86.4/$G$1)","=J190-J191"
1,"=B191+A192","=$C$3+($G$1/($E$1*86.4))*SINH($E$1*B192*86.4/$G$1)","=C192-$C$3-B192","=$E$1*B192*86.4","=$G$1*G192","=TANH($E$1*B192*86.4/$G$1)","=COSH($E$1*B192*86.4/$G$1)","=(($G$1^2*1000)/($E$1*$I$1))*(H192-1)","=$J$3*EXP(-$E$1*B192*86.4/$G$1)","=J191-J192"
1,"=B192+A193","=$C$3+($G$1/($E$1*86.4))*SINH($E$1*B193*86.4/$G$1)","=C193-$C$3-B193","=$E$1*B193*86.4","=$G$1*G193","=TANH($E$1*B193*86.4/$G$1)","=COSH($E$1*B193*86.4/$G$1)","=(($G$1^2*1000)/($E$1*$I$1))*(H193-1)","=$J$3*EXP(-$E$1*B193*86.4/$G$1)","=J192-J193"
1,"=B193+A194","=$C$3+($G$1/($E$1*86.4))*SINH($E$1*B194*86.4/$G$1)","=C194-$C$3-B194","=$E$1*B194*86.4","=$G$1*G194","=TANH($E$1*B194*86.4/$G$1)","=COSH($E$1*B194*86.4/$G$1)","=(($G$1^2*1000)/($E$1*$I$1))*(H194-1)","=$J$3*EXP(-$E$1*B194*86.4/$G$1)","=J193-J194"
1,"=B194+A195","=$C$3+($G$1/($E$1*86.4))*SINH($E$1*B195*86.4/$G$1)","=C195-$C$3-B195","=$E$1*B195*86.4","=$G$1*G195","=TANH($E$1*B195*86.4/$G$1)","=COSH($E$1*B195*86.4/$G$1)","=(($G$1^2*1000)/($E$1*$I$1))*(H195-1)","=$J$3*EXP(-$E$1*B195*86.4/$G$1)","=J194-J195"
1,"=B195+A196","=$C$3+($G$1/($E$1*86.4))*SINH($E$1*B196*86.4/$G$1)","=C196-$C$3-B196","=$E$1*B196*86.4","=$G$1*G196","=TANH($E$1*B196*86.4/$G$1)","=COSH($E$1*B196*86.4/$G$1)","=(($G$1^2*1000)/($E$1*$I$1))*(H196-1)","=$J$3*EXP(-$E$1*B196*86.4/$G$1)","=J195-J196"
1,"=B196+A197","=$C$3+($G$1/($E$1*86.4))*SINH($E$1*B197*86.4/$G$1)","=C197-$C$3-B197","=$E$1*B197*86.4","=$G$1*G197","=TANH($E$1*B197*86.4/$G$1)","=COSH($E$1*B197*86.4/$G$1)","=(($G$1^2*1000)/($E$1*$I$1))*(H197-1)","=$J$3*EXP(-$E$1*B197*86.4/$G$1)","=J196-J197"
1,"=B197+A198","=$C$3+($G$1/($E$1*86.4))*SINH($E$1*B198*86.4/$G$1)","=C198-$C$3-B198","=$E$1*B198*86.4","=$G$1*G198","=TANH($E$1*B198*86.4/$G$1)","=COSH($E$1*B198*86.4/$G$1)","=(($G$1^2*1000)/($E$1*$I$1))*(H198-1)","=$J$3*EXP(-$E$1*B198*86.4/$G$1)","=J197-J198"
1,"=B198+A199","=$C$3+($G$1/($E$1*86.4))*SINH($E$1*B199*86.4/$G$1)","=C199-$C$3-B199","=$E$1*B199*86.4","=$G$1*G199","=TANH($E$1*B199*86.4/$G$1)","=COSH($E$1*B199*86.4/$G$1)","=(($G$1^2*1000)/($E$1*$I$1))*(H199-1)","=$J$3*EXP(-$E$1*B199*86.4/$G$1)","=J198-J199"
1,"=B199+A200","=$C$3+($G$1/($E$1*86.4))*SINH($E$1*B200*86.4/$G$1)","=C200-$C$3-B200","=$E$1*B200*86.4","=$G$1*G200","=TANH($E$1*B200*86.4/$G$1)","=COSH($E$1*B200*86.4/$G$1)","=(($G$1^2*1000)/($E$1*$I$1))*(H200-1)","=$J$3*EXP(-$E$1*B200*86.4/$G$1)","=J199-J200"
1,"=B200+A201","=$C$3+($G$1/($E$1*86.4))*SINH($E$1*B201*86.4/$G$1)","=C201-$C$3-B201","=$E$1*B201*86.4","=$G$1*G201","=TANH($E$1*B201*86.4/$G$1)","=COSH($E$1*B201*86.4/$G$1)","=(($G$1^2*1000)/($E$1*$I$1))*(H201-1)","=$J$3*EXP(-$E$1*B201*86.4/$G$1)","=J200-J201"
1,"=B201+A202","=$C$3+($G$1/($E$1*86.4))*SINH($E$1*B202*86.4/$G$1)","=C202-$C$3-B202","=$E$1*B202*86.4","=$G$1*G202","=TANH($E$1*B202*86.4/$G$1)","=COSH($E$1*B202*86.4/$G$1)","=(($G$1^2*1000)/($E$1*$I$1))*(H202-1)","=$J$3*EXP(-$E$1*B202*86.4/$G$1)","=J201-J202"
1,"=B202+A203","=$C$3+($G$1/($E$1*86.4))*SINH($E$1*B203*86.4/$G$1)","=C203-$C$3-B203","=$E$1*B203*86.4","=$G$1*G203","=TANH($E$1*B203*86.4/$G$1)","=COSH($E$1*B203*86.4/$G$1)","=(($G$1^2*1000)/($E$1*$I$1))*(H203-1)","=$J$3*EXP(-$E$1*B203*86.4/$G$1)","=J202-J203"
1,"=B203+A204","=$C$3+($G$1/($E$1*86.4))*SINH($E$1*B204*86.4/$G$1)","=C204-$C$3-B204","=$E$1*B204*86.4","=$G$1*G204","=TANH($E$1*B204*86.4/$G$1)","=COSH($E$1*B204*86.4/$G$1)","=(($G$1^2*1000)/($E$1*$I$1))*(H204-1)","=$J$3*EXP(-$E$1*B204*86.4/$G$1)","=J203-J204"
1,"=B204+A205","=$C$3+($G$1/($E$1*86.4))*SINH($E$1*B205*86.4/$G$1)","=C205-$C$3-B205","=$E$1*B205*86.4","=$G$1*G205","=TANH($E$1*B205*86.4/$G$1)","=COSH($E$1*B205*86.4/$G$1)","=(($G$1^2*1000)/($E$1*$I$1))*(H205-1)","=$J$3*EXP(-$E$1*B205*86.4/$G$1)","=J204-J205"
1,"=B205+A206","=$C$3+($G$1/($E$1*86.4))*SINH($E$1*B206*86.4/$G$1)","=C206-$C$3-B206","=$E$1*B206*86.4","=$G$1*G206","=TANH($E$1*B206*86.4/$G$1)","=COSH($E$1*B206*86.4/$G$1)","=(($G$1^2*1000)/($E$1*$I$1))*(H206-1)","=$J$3*EXP(-$E$1*B206*86.4/$G$1)","=J205-J206"
1,"=B206+A207","=$C$3+($G$1/($E$1*86.4))*SINH($E$1*B207*86.4/$G$1)","=C207-$C$3-B207","=$E$1*B207*86.4","=$G$1*G207","=TANH($E$1*B207*86.4/$G$1)","=COSH($E$1*B207*86.4/$G$1)","=(($G$1^2*1000)/($E$1*$I$1))*(H207-1)","=$J$3*EXP(-$E$1*B207*86.4/$G$1)","=J206-J207"
1,"=B207+A208","=$C$3+($G$1/($E$1*86.4))*SINH($E$1*B208*86.4/$G$1)","=C208-$C$3-B208","=$E$1*B208*86.4","=$G$1*G208","=TANH($E$1*B208*86.4/$G$1)","=COSH($E$1*B208*86.4/$G$1)","=(($G$1^2*1000)/($E$1*$I$1))*(H208-1)","=$J$3*EXP(-$E$1*B208*86.4/$G$1)","=J207-J208"
1,"=B208+A209","=$C$3+($G$1/($E$1*86.4))*SINH($E$1*B209*86.4/$G$1)","=C209-$C$3-B209","=$E$1*B209*86.4","=$G$1*G209","=TANH($E$1*B209*86.4/$G$1)","=COSH($E$1*B209*86.4/$G$1)","=(($G$1^2*1000)/($E$1*$I$1))*(H209-1)","=$J$3*EXP(-$E$1*B209*86.4/$G$1)","=J208-J209"
1,"=B209+A210","=$C$3+($G$1/($E$1*86.4))*SINH($E$1*B210*86.4/$G$1)","=C210-$C$3-B210","=$E$1*B210*86.4","=$G$1*G210","=TANH($E$1*B210*86.4/$G$1)","=COSH($E$1*B210*86.4/$G$1)","=(($G$1^2*1000)/($E$1*$I$1))*(H210-1)","=$J$3*EXP(-$E$1*B210*86.4/$G$1)","=J209-J210"
1,"=B210+A211","=$C$3+($G$1/($E$1*86.4))*SINH($E$1*B211*86.4/$G$1)","=C211-$C$3-B211","=$E$1*B211*86.4","=$G$1*G211","=TANH($E$1*B211*86.4/$G$1)","=COSH($E$1*B211*86.4/$G$1)","=(($G$1^2*1000)/($E$1*$I$1))*(H211-1)","=$J$3*EXP(-$E$1*B211*86.4/$G$1)","=J210-J211"
1,"=B211+A212","=$C$3+($G$1/($E$1*86.4))*SINH($E$1*B212*86.4/$G$1)","=C212-$C$3-B212","=$E$1*B212*86.4","=$G$1*G212","=TANH($E$1*B212*86.4/$G$1)","=COSH($E$1*B212*86.4/$G$1)","=(($G$1^2*1000)/($E$1*$I$1))*(H212-1)","=$J$3*EXP(-$E$1*B212*86.4/$G$1)","=J211-J212"
1,"=B212+A213","=$C$3+($G$1/($E$1*86.4))*SINH($E$1*B213*86.4/$G$1)","=C213-$C$3-B213","=$E$1*B213*86.4","=$G$1*G213","=TANH($E$1*B213*86.4/$G$1)","=COSH($E$1*B213*86.4/$G$1)","=(($G$1^2*1000)/($E$1*$I$1))*(H213-1)","=$J$3*EXP(-$E$1*B213*86.4/$G$1)","=J212-J213"
1,"=B213+A214","=$C$3+($G$1/($E$1*86.4))*SINH($E$1*B214*86.4/$G$1)","=C214-$C$3-B214","=$E$1*B214*86.4","=$G$1*G214","=TANH($E$1*B214*86.4/$G$1)","=COSH($E$1*B214*86.4/$G$1)","=(($G$1^2*1000)/($E$1*$I$1))*(H214-1)","=$J$3*EXP(-$E$1*B214*86.4/$G$1)","=J213-J214"
1,"=B214+A215","=$C$3+($G$1/($E$1*86.4))*SINH($E$1*B215*86.4/$G$1)","=C215-$C$3-B215","=$E$1*B215*86.4","=$G$1*G215","=TANH($E$1*B215*86.4/$G$1)","=COSH($E$1*B215*86.4/$G$1)","=(($G$1^2*1000)/($E$1*$I$1))*(H215-1)","=$J$3*EXP(-$E$1*B215*86.4/$G$1)","=J214-J215"
1,"=B215+A216","=$C$3+($G$1/($E$1*86.4))*SINH($E$1*B216*86.4/$G$1)","=C216-$C$3-B216","=$E$1*B216*86.4","=$G$1*G216","=TANH($E$1*B216*86.4/$G$1)","=COSH($E$1*B216*86.4/$G$1)","=(($G$1^2*1000)/($E$1*$I$1))*(H216-1)","=$J$3*EXP(-$E$1*B216*86.4/$G$1)","=J215-J216"
1,"=B216+A217","=$C$3+($G$1/($E$1*86.4))*SINH($E$1*B217*86.4/$G$1)","=C217-$C$3-B217","=$E$1*B217*86.4","=$G$1*G217","=TANH($E$1*B217*86.4/$G$1)","=COSH($E$1*B217*86.4/$G$1)","=(($G$1^2*1000)/($E$1*$I$1))*(H217-1)","=$J$3*EXP(-$E$1*B217*86.4/$G$1)","=J216-J217"
1,"=B217+A218","=$C$3+($G$1/($E$1*86.4))*SINH($E$1*B218*86.4/$G$1)","=C218-$C$3-B218","=$E$1*B218*86.4","=$G$1*G218","=TANH($E$1*B218*86.4/$G$1)","=COSH($E$1*B218*86.4/$G$1)","=(($G$1^2*1000)/($E$1*$I$1))*(H218-1)","=$J$3*EXP(-$E$1*B218*86.4/$G$1)","=J217-J218"
1,"=B218+A219","=$C$3+($G$1/($E$1*86.4))*SINH($E$1*B219*86.4/$G$1)","=C219-$C$3-B219","=$E$1*B219*86.4","=$G$1*G219","=TANH($E$1*B219*86.4/$G$1)","=COSH($E$1*B219*86.4/$G$1)","=(($G$1^2*1000)/($E$1*$I$1))*(H219-1)","=$J$3*EXP(-$E$1*B219*86.4/$G$1)","=J218-J219"
1,"=B219+A220","=$C$3+($G$1/($E$1*86.4))*SINH($E$1*B220*86.4/$G$1)","=C220-$C$3-B220","=$E$1*B220*86.4","=$G$1*G220","=TANH($E$1*B220*86.4/$G$1)","=COSH($E$1*B220*86.4/$G$1)","=(($G$1^2*1000)/($E$1*$I$1))*(H220-1)","=$J$3*EXP(-$E$1*B220*86.4/$G$1)","=J219-J220"
1,"=B220+A221","=$C$3+($G$1/($E$1*86.4))*SINH($E$1*B221*86.4/$G$1)","=C221-$C$3-B221","=$E$1*B221*86.4","=$G$1*G221","=TANH($E$1*B221*86.4/$G$1)","=COSH($E$1*B221*86.4/$G$1)","=(($G$1^2*1000)/($E$1*$I$1))*(H221-1)","=$J$3*EXP(-$E$1*B221*86.4/$G$1)","=J220-J221"
1,"=B221+A222","=$C$3+($G$1/($E$1*86.4))*SINH($E$1*B222*86.4/$G$1)","=C222-$C$3-B222","=$E$1*B222*86.4","=$G$1*G222","=TANH($E$1*B222*86.4/$G$1)","=COSH($E$1*B222*86.4/$G$1)","=(($G$1^2*1000)/($E$1*$I$1))*(H222-1)","=$J$3*EXP(-$E$1*B222*86.4/$G$1)","=J221-J222"
1,"=B222+A223","=$C$3+($G$1/($E$1*86.4))*SINH($E$1*B223*86.4/$G$1)","=C223-$C$3-B223","=$E$1*B223*86.4","=$G$1*G223","=TANH($E$1*B223*86.4/$G$1)","=COSH($E$1*B223*86.4/$G$1)","=(($G$1^2*1000)/($E$1*$I$1))*(H223-1)","=$J$3*EXP(-$E$1*B223*86.4/$G$1)","=J222-J223"
1,"=B223+A224","=$C$3+($G$1/($E$1*86.4))*SINH($E$1*B224*86.4/$G$1)","=C224-$C$3-B224","=$E$1*B224*86.4","=$G$1*G224","=TANH($E$1*B224*86.4/$G$1)","=COSH($E$1*B224*86.4/$G$1)","=(($G$1^2*1000)/($E$1*$I$1))*(H224-1)","=$J$3*EXP(-$E$1*B224*86.4/$G$1)","=J223-J224"
1,"=B224+A225","=$C$3+($G$1/($E$1*86.4))*SINH($E$1*B225*86.4/$G$1)","=C225-$C$3-B225","=$E$1*B225*86.4","=$G$1*G225","=TANH($E$1*B225*86.4/$G$1)","=COSH($E$1*B225*86.4/$G$1)","=(($G$1^2*1000)/($E$1*$I$1))*(H225-1)","=$J$3*EXP(-$E$1*B225*86.4/$G$1)","=J224-J225"
1,"=B225+A226","=$C$3+($G$1/($E$1*86.4))*SINH($E$1*B226*86.4/$G$1)","=C226-$C$3-B226","=$E$1*B226*86.4","=$G$1*G226","=TANH($E$1*B226*86.4/$G$1)","=COSH($E$1*B226*86.4/$G$1)","=(($G$1^2*1000)/($E$1*$I$1))*(H226-1)","=$J$3*EXP(-$E$1*B226*86.4/$G$1)","=J225-J226"
1,"=B226+A227","=$C$3+($G$1/($E$1*86.4))*SINH($E$1*B227*86.4/$G$1)","=C227-$C$3-B227","=$E$1*B227*86.4","=$G$1*G227","=TANH($E$1*B227*86.4/$G$1)","=COSH($E$1*B227*86.4/$G$1)","=(($G$1^2*1000)/($E$1*$I$1))*(H227-1)","=$J$3*EXP(-$E$1*B227*86.4/$G$1)","=J226-J227"
1,"=B227+A228","=$C$3+($G$1/($E$1*86.4))*SINH($E$1*B228*86.4/$G$1)","=C228-$C$3-B228","=$E$1*B228*86.4","=$G$1*G228","=TANH($E$1*B228*86.4/$G$1)","=COSH($E$1*B228*86.4/$G$1)","=(($G$1^2*1000)/($E$1*$I$1))*(H228-1)","=$J$3*EXP(-$E$1*B228*86.4/$G$1)","=J227-J228"
1,"=B228+A229","=$C$3+($G$1/($E$1*86.4))*SINH($E$1*B229*86.4/$G$1)","=C229-$C$3-B229","=$E$1*B229*86.4","=$G$1*G229","=TANH($E$1*B229*86.4/$G$1)","=COSH($E$1*B229*86.4/$G$1)","=(($G$1^2*1000)/($E$1*$I$1))*(H229-1)","=$J$3*EXP(-$E$1*B229*86.4/$G$1)","=J228-J229"
1,"=B229+A230","=$C$3+($G$1/($E$1*86.4))*SINH($E$1*B230*86.4/$G$1)","=C230-$C$3-B230","=$E$1*B230*86.4","=$G$1*G230","=TANH($E$1*B230*86.4/$G$1)","=COSH($E$1*B230*86.4/$G$1)","=(($G$1^2*1000)/($E$1*$I$1))*(H230-1)","=$J$3*EXP(-$E$1*B230*86.4/$G$1)","=J229-J230"
1,"=B230+A231","=$C$3+($G$1/($E$1*86.4))*SINH($E$1*B231*86.4/$G$1)","=C231-$C$3-B231","=$E$1*B231*86.4","=$G$1*G231","=TANH($E$1*B231*86.4/$G$1)","=COSH($E$1*B231*86.4/$G$1)","=(($G$1^2*1000)/($E$1*$I$1))*(H231-1)","=$J$3*EXP(-$E$1*B231*86.4/$G$1)","=J230-J231"
1,"=B231+A232","=$C$3+($G$1/($E$1*86.4))*SINH($E$1*B232*86.4/$G$1)","=C232-$C$3-B232","=$E$1*B232*86.4","=$G$1*G232","=TANH($E$1*B232*86.4/$G$1)","=COSH($E$1*B232*86.4/$G$1)","=(($G$1^2*1000)/($E$1*$I$1))*(H232-1)","=$J$3*EXP(-$E$1*B232*86.4/$G$1)","=J231-J232"
1,"=B232+A233","=$C$3+($G$1/($E$1*86.4))*SINH($E$1*B233*86.4/$G$1)","=C233-$C$3-B233","=$E$1*B233*86.4","=$G$1*G233","=TANH($E$1*B233*86.4/$G$1)","=COSH($E$1*B233*86.4/$G$1)","=(($G$1^2*1000)/($E$1*$I$1))*(H233-1)","=$J$3*EXP(-$E$1*B233*86.4/$G$1)","=J232-J233"
1,"=B233+A234","=$C$3+($G$1/($E$1*86.4))*SINH($E$1*B234*86.4/$G$1)","=C234-$C$3-B234","=$E$1*B234*86.4","=$G$1*G234","=TANH($E$1*B234*86.4/$G$1)","=COSH($E$1*B234*86.4/$G$1)","=(($G$1^2*1000)/($E$1*$I$1))*(H234-1)","=$J$3*EXP(-$E$1*B234*86.4/$G$1)","=J233-J234"
1,"=B234+A235","=$C$3+($G$1/($E$1*86.4))*SINH($E$1*B235*86.4/$G$1)","=C235-$C$3-B235","=$E$1*B235*86.4","=$G$1*G235","=TANH($E$1*B235*86.4/$G$1)","=COSH($E$1*B235*86.4/$G$1)","=(($G$1^2*1000)/($E$1*$I$1))*(H235-1)","=$J$3*EXP(-$E$1*B235*86.4/$G$1)","=J234-J235"
1,"=B235+A236","=$C$3+($G$1/($E$1*86.4))*SINH($E$1*B236*86.4/$G$1)","=C236-$C$3-B236","=$E$1*B236*86.4","=$G$1*G236","=TANH($E$1*B236*86.4/$G$1)","=COSH($E$1*B236*86.4/$G$1)","=(($G$1^2*1000)/($E$1*$I$1))*(H236-1)","=$J$3*EXP(-$E$1*B236*86.4/$G$1)","=J235-J236"
1,"=B236+A237","=$C$3+($G$1/($E$1*86.4))*SINH($E$1*B237*86.4/$G$1)","=C237-$C$3-B237","=$E$1*B237*86.4","=$G$1*G237","=TANH($E$1*B237*86.4/$G$1)","=COSH($E$1*B237*86.4/$G$1)","=(($G$1^2*1000)/($E$1*$I$1))*(H237-1)","=$J$3*EXP(-$E$1*B237*86.4/$G$1)","=J236-J237"
1,"=B237+A238","=$C$3+($G$1/($E$1*86.4))*SINH($E$1*B238*86.4/$G$1)","=C238-$C$3-B238","=$E$1*B238*86.4","=$G$1*G238","=TANH($E$1*B238*86.4/$G$1)","=COSH($E$1*B238*86.4/$G$1)","=(($G$1^2*1000)/($E$1*$I$1))*(H238-1)","=$J$3*EXP(-$E$1*B238*86.4/$G$1)","=J237-J238"
1,"=B238+A239","=$C$3+($G$1/($E$1*86.4))*SINH($E$1*B239*86.4/$G$1)","=C239-$C$3-B239","=$E$1*B239*86.4","=$G$1*G239","=TANH($E$1*B239*86.4/$G$1)","=COSH($E$1*B239*86.4/$G$1)","=(($G$1^2*1000)/($E$1*$I$1))*(H239-1)","=$J$3*EXP(-$E$1*B239*86.4/$G$1)","=J238-J239"
1,"=B239+A240","=$C$3+($G$1/($E$1*86.4))*SINH($E$1*B240*86.4/$G$1)","=C240-$C$3-B240","=$E$1*B240*86.4","=$G$1*G240","=TANH($E$1*B240*86.4/$G$1)","=COSH($E$1*B240*86.4/$G$1)","=(($G$1^2*1000)/($E$1*$I$1))*(H240-1)","=$J$3*EXP(-$E$1*B240*86.4/$G$1)","=J239-J240"
1,"=B240+A241","=$C$3+($G$1/($E$1*86.4))*SINH($E$1*B241*86.4/$G$1)","=C241-$C$3-B241","=$E$1*B241*86.4","=$G$1*G241","=TANH($E$1*B241*86.4/$G$1)","=COSH($E$1*B241*86.4/$G$1)","=(($G$1^2*1000)/($E$1*$I$1))*(H241-1)","=$J$3*EXP(-$E$1*B241*86.4/$G$1)","=J240-J241"
1,"=B241+A242","=$C$3+($G$1/($E$1*86.4))*SINH($E$1*B242*86.4/$G$1)","=C242-$C$3-B242","=$E$1*B242*86.4","=$G$1*G242","=TANH($E$1*B242*86.4/$G$1)","=COSH($E$1*B242*86.4/$G$1)","=(($G$1^2*1000)/($E$1*$I$1))*(H242-1)","=$J$3*EXP(-$E$1*B242*86.4/$G$1)","=J241-J242"
1,"=B242+A243","=$C$3+($G$1/($E$1*86.4))*SINH($E$1*B243*86.4/$G$1)","=C243-$C$3-B243","=$E$1*B243*86.4","=$G$1*G243","=TANH($E$1*B243*86.4/$G$1)","=COSH($E$1*B243*86.4/$G$1)","=(($G$1^2*1000)/($E$1*$I$1))*(H243-1)","=$J$3*EXP(-$E$1*B243*86.4/$G$1)","=J242-J243"
1,"=B243+A244","=$C$3+($G$1/($E$1*86.4))*SINH($E$1*B244*86.4/$G$1)","=C244-$C$3-B244","=$E$1*B244*86.4","=$G$1*G244","=TANH($E$1*B244*86.4/$G$1)","=COSH($E$1*B244*86.4/$G$1)","=(($G$1^2*1000)/($E$1*$I$1))*(H244-1)","=$J$3*EXP(-$E$1*B244*86.4/$G$1)","=J243-J244"
1,"=B244+A245","=$C$3+($G$1/($E$1*86.4))*SINH($E$1*B245*86.4/$G$1)","=C245-$C$3-B245","=$E$1*B245*86.4","=$G$1*G245","=TANH($E$1*B245*86.4/$G$1)","=COSH($E$1*B245*86.4/$G$1)","=(($G$1^2*1000)/($E$1*$I$1))*(H245-1)","=$J$3*EXP(-$E$1*B245*86.4/$G$1)","=J244-J245"
1,"=B245+A246","=$C$3+($G$1/($E$1*86.4))*SINH($E$1*B246*86.4/$G$1)","=C246-$C$3-B246","=$E$1*B246*86.4","=$G$1*G246","=TANH($E$1*B246*86.4/$G$1)","=COSH($E$1*B246*86.4/$G$1)","=(($G$1^2*1000)/($E$1*$I$1))*(H246-1)","=$J$3*EXP(-$E$1*B246*86.4/$G$1)","=J245-J246"
1,"=B246+A247","=$C$3+($G$1/($E$1*86.4))*SINH($E$1*B247*86.4/$G$1)","=C247-$C$3-B247","=$E$1*B247*86.4","=$G$1*G247","=TANH($E$1*B247*86.4/$G$1)","=COSH($E$1*B247*86.4/$G$1)","=(($G$1^2*1000)/($E$1*$I$1))*(H247-1)","=$J$3*EXP(-$E$1*B247*86.4/$G$1)","=J246-J247"
1,"=B247+A248","=$C$3+($G$1/($E$1*86.4))*SINH($E$1*B248*86.4/$G$1)","=C248-$C$3-B248","=$E$1*B248*86.4","=$G$1*G248","=TANH($E$1*B248*86.4/$G$1)","=COSH($E$1*B248*86.4/$G$1)","=(($G$1^2*1000)/($E$1*$I$1))*(H248-1)","=$J$3*EXP(-$E$1*B248*86.4/$G$1)","=J247-J248"
1,"=B248+A249","=$C$3+($G$1/($E$1*86.4))*SINH($E$1*B249*86.4/$G$1)","=C249-$C$3-B249","=$E$1*B249*86.4","=$G$1*G249","=TANH($E$1*B249*86.4/$G$1)","=COSH($E$1*B249*86.4/$G$1)","=(($G$1^2*1000)/($E$1*$I$1))*(H249-1)","=$J$3*EXP(-$E$1*B249*86.4/$G$1)","=J248-J249"
1,"=B249+A250","=$C$3+($G$1/($E$1*86.4))*SINH($E$1*B250*86.4/$G$1)","=C250-$C$3-B250","=$E$1*B250*86.4","=$G$1*G250","=TANH($E$1*B250*86.4/$G$1)","=COSH($E$1*B250*86.4/$G$1)","=(($G$1^2*1000)/($E$1*$I$1))*(H250-1)","=$J$3*EXP(-$E$1*B250*86.4/$G$1)","=J249-J250"
1,"=B250+A251","=$C$3+($G$1/($E$1*86.4))*SINH($E$1*B251*86.4/$G$1)","=C251-$C$3-B251","=$E$1*B251*86.4","=$G$1*G251","=TANH($E$1*B251*86.4/$G$1)","=COSH($E$1*B251*86.4/$G$1)","=(($G$1^2*1000)/($E$1*$I$1))*(H251-1)","=$J$3*EXP(-$E$1*B251*86.4/$G$1)","=J250-J251"
1,"=B251+A252","=$C$3+($G$1/($E$1*86.4))*SINH($E$1*B252*86.4/$G$1)","=C252-$C$3-B252","=$E$1*B252*86.4","=$G$1*G252","=TANH($E$1*B252*86.4/$G$1)","=COSH($E$1*B252*86.4/$G$1)","=(($G$1^2*1000)/($E$1*$I$1))*(H252-1)","=$J$3*EXP(-$E$1*B252*86.4/$G$1)","=J251-J252"
1,"=B252+A253","=$C$3+($G$1/($E$1*86.4))*SINH($E$1*B253*86.4/$G$1)","=C253-$C$3-B253","=$E$1*B253*86.4","=$G$1*G253","=TANH($E$1*B253*86.4/$G$1)","=COSH($E$1*B253*86.4/$G$1)","=(($G$1^2*1000)/($E$1*$I$1))*(H253-1)","=$J$3*EXP(-$E$1*B253*86.4/$G$1)","=J252-J253"
1,"=B253+A254","=$C$3+($G$1/($E$1*86.4))*SINH($E$1*B254*86.4/$G$1)","=C254-$C$3-B254","=$E$1*B254*86.4","=$G$1*G254","=TANH($E$1*B254*86.4/$G$1)","=COSH($E$1*B254*86.4/$G$1)","=(($G$1^2*1000)/($E$1*$I$1))*(H254-1)","=$J$3*EXP(-$E$1*B254*86.4/$G$1)","=J253-J254"
1,"=B254+A255","=$C$3+($G$1/($E$1*86.4))*SINH($E$1*B255*86.4/$G$1)","=C255-$C$3-B255","=$E$1*B255*86.4","=$G$1*G255","=TANH($E$1*B255*86.4/$G$1)","=COSH($E$1*B255*86.4/$G$1)","=(($G$1^2*1000)/($E$1*$I$1))*(H255-1)","=$J$3*EXP(-$E$1*B255*86.4/$G$1)","=J254-J255"
1,"=B255+A256","=$C$3+($G$1/($E$1*86.4))*SINH($E$1*B256*86.4/$G$1)","=C256-$C$3-B256","=$E$1*B256*86.4","=$G$1*G256","=TANH($E$1*B256*86.4/$G$1)","=COSH($E$1*B256*86.4/$G$1)","=(($G$1^2*1000)/($E$1*$I$1))*(H256-1)","=$J$3*EXP(-$E$1*B256*86.4/$G$1)","=J255-J256"
1,"=B256+A257","=$C$3+($G$1/($E$1*86.4))*SINH($E$1*B257*86.4/$G$1)","=C257-$C$3-B257","=$E$1*B257*86.4","=$G$1*G257","=TANH($E$1*B257*86.4/$G$1)","=COSH($E$1*B257*86.4/$G$1)","=(($G$1^2*1000)/($E$1*$I$1))*(H257-1)","=$J$3*EXP(-$E$1*B257*86.4/$G$1)","=J256-J257"
1,"=B257+A258","=$C$3+($G$1/($E$1*86.4))*SINH($E$1*B258*86.4/$G$1)","=C258-$C$3-B258","=$E$1*B258*86.4","=$G$1*G258","=TANH($E$1*B258*86.4/$G$1)","=COSH($E$1*B258*86.4/$G$1)","=(($G$1^2*1000)/($E$1*$I$1))*(H258-1)","=$J$3*EXP(-$E$1*B258*86.4/$G$1)","=J257-J258"
1,"=B258+A259","=$C$3+($G$1/($E$1*86.4))*SINH($E$1*B259*86.4/$G$1)","=C259-$C$3-B259","=$E$1*B259*86.4","=$G$1*G259","=TANH($E$1*B259*86.4/$G$1)","=COSH($E$1*B259*86.4/$G$1)","=(($G$1^2*1000)/($E$1*$I$1))*(H259-1)","=$J$3*EXP(-$E$1*B259*86.4/$G$1)","=J258-J259"
1,"=B259+A260","=$C$3+($G$1/($E$1*86.4))*SINH($E$1*B260*86.4/$G$1)","=C260-$C$3-B260","=$E$1*B260*86.4","=$G$1*G260","=TANH($E$1*B260*86.4/$G$1)","=COSH($E$1*B260*86.4/$G$1)","=(($G$1^2*1000)/($E$1*$I$1))*(H260-1)","=$J$3*EXP(-$E$1*B260*86.4/$G$1)","=J259-J260"
1,"=B260+A261","=$C$3+($G$1/($E$1*86.4))*SINH($E$1*B261*86.4/$G$1)","=C261-$C$3-B261","=$E$1*B261*86.4","=$G$1*G261","=TANH($E$1*B261*86.4/$G$1)","=COSH($E$1*B261*86.4/$G$1)","=(($G$1^2*1000)/($E$1*$I$1))*(H261-1)","=$J$3*EXP(-$E$1*B261*86.4/$G$1)","=J260-J261"
1,"=B261+A262","=$C$3+($G$1/($E$1*86.4))*SINH($E$1*B262*86.4/$G$1)","=C262-$C$3-B262","=$E$1*B262*86.4","=$G$1*G262","=TANH($E$1*B262*86.4/$G$1)","=COSH($E$1*B262*86.4/$G$1)","=(($G$1^2*1000)/($E$1*$I$1))*(H262-1)","=$J$3*EXP(-$E$1*B262*86.4/$G$1)","=J261-J262"
1,"=B262+A263","=$C$3+($G$1/($E$1*86.4))*SINH($E$1*B263*86.4/$G$1)","=C263-$C$3-B263","=$E$1*B263*86.4","=$G$1*G263","=TANH($E$1*B263*86.4/$G$1)","=COSH($E$1*B263*86.4/$G$1)","=(($G$1^2*1000)/($E$1*$I$1))*(H263-1)","=$J$3*EXP(-$E$1*B263*86.4/$G$1)","=J262-J263"
1,"=B263+A264","=$C$3+($G$1/($E$1*86.4))*SINH($E$1*B264*86.4/$G$1)","=C264-$C$3-B264","=$E$1*B264*86.4","=$G$1*G264","=TANH($E$1*B264*86.4/$G$1)","=COSH($E$1*B264*86.4/$G$1)","=(($G$1^2*1000)/($E$1*$I$1))*(H264-1)","=$J$3*EXP(-$E$1*B264*86.4/$G$1)","=J263-J264"
1,"=B264+A265","=$C$3+($G$1/($E$1*86.4))*SINH($E$1*B265*86.4/$G$1)","=C265-$C$3-B265","=$E$1*B265*86.4","=$G$1*G265","=TANH($E$1*B265*86.4/$G$1)","=COSH($E$1*B265*86.4/$G$1)","=(($G$1^2*1000)/($E$1*$I$1))*(H265-1)","=$J$3*EXP(-$E$1*B265*86.4/$G$1)","=J264-J265"
1,"=B265+A266","=$C$3+($G$1/($E$1*86.4))*SINH($E$1*B266*86.4/$G$1)","=C266-$C$3-B266","=$E$1*B266*86.4","=$G$1*G266","=TANH($E$1*B266*86.4/$G$1)","=COSH($E$1*B266*86.4/$G$1)","=(($G$1^2*1000)/($E$1*$I$1))*(H266-1)","=$J$3*EXP(-$E$1*B266*86.4/$G$1)","=J265-J266"
1,"=B266+A267","=$C$3+($G$1/($E$1*86.4))*SINH($E$1*B267*86.4/$G$1)","=C267-$C$3-B267","=$E$1*B267*86.4","=$G$1*G267","=TANH($E$1*B267*86.4/$G$1)","=COSH($E$1*B267*86.4/$G$1)","=(($G$1^2*1000)/($E$1*$I$1))*(H267-1)","=$J$3*EXP(-$E$1*B267*86.4/$G$1)","=J266-J267"
1,"=B267+A268","=$C$3+($G$1/($E$1*86.4))*SINH($E$1*B268*86.4/$G$1)","=C268-$C$3-B268","=$E$1*B268*86.4","=$G$1*G268","=TANH($E$1*B268*86.4/$G$1)","=COSH($E$1*B268*86.4/$G$1)","=(($G$1^2*1000)/($E$1*$I$1))*(H268-1)","=$J$3*EXP(-$E$1*B268*86.4/$G$1)","=J267-J268"
1,"=B268+A269","=$C$3+($G$1/($E$1*86.4))*SINH($E$1*B269*86.4/$G$1)","=C269-$C$3-B269","=$E$1*B269*86.4","=$G$1*G269","=TANH($E$1*B269*86.4/$G$1)","=COSH($E$1*B269*86.4/$G$1)","=(($G$1^2*1000)/($E$1*$I$1))*(H269-1)","=$J$3*EXP(-$E$1*B269*86.4/$G$1)","=J268-J269"
1,"=B269+A270","=$C$3+($G$1/($E$1*86.4))*SINH($E$1*B270*86.4/$G$1)","=C270-$C$3-B270","=$E$1*B270*86.4","=$G$1*G270","=TANH($E$1*B270*86.4/$G$1)","=COSH($E$1*B270*86.4/$G$1)","=(($G$1^2*1000)/($E$1*$I$1))*(H270-1)","=$J$3*EXP(-$E$1*B270*86.4/$G$1)","=J269-J270"
1,"=B270+A271","=$C$3+($G$1/($E$1*86.4))*SINH($E$1*B271*86.4/$G$1)","=C271-$C$3-B271","=$E$1*B271*86.4","=$G$1*G271","=TANH($E$1*B271*86.4/$G$1)","=COSH($E$1*B271*86.4/$G$1)","=(($G$1^2*1000)/($E$1*$I$1))*(H271-1)","=$J$3*EXP(-$E$1*B271*86.4/$G$1)","=J270-J271"
1,"=B271+A272","=$C$3+($G$1/($E$1*86.4))*SINH($E$1*B272*86.4/$G$1)","=C272-$C$3-B272","=$E$1*B272*86.4","=$G$1*G272","=TANH($E$1*B272*86.4/$G$1)","=COSH($E$1*B272*86.4/$G$1)","=(($G$1^2*1000)/($E$1*$I$1))*(H272-1)","=$J$3*EXP(-$E$1*B272*86.4/$G$1)","=J271-J272"
1,"=B272+A273","=$C$3+($G$1/($E$1*86.4))*SINH($E$1*B273*86.4/$G$1)","=C273-$C$3-B273","=$E$1*B273*86.4","=$G$1*G273","=TANH($E$1*B273*86.4/$G$1)","=COSH($E$1*B273*86.4/$G$1)","=(($G$1^2*1000)/($E$1*$I$1))*(H273-1)","=$J$3*EXP(-$E$1*B273*86.4/$G$1)","=J272-J273"
1,"=B273+A274","=$C$3+($G$1/($E$1*86.4))*SINH($E$1*B274*86.4/$G$1)","=C274-$C$3-B274","=$E$1*B274*86.4","=$G$1*G274","=TANH($E$1*B274*86.4/$G$1)","=COSH($E$1*B274*86.4/$G$1)","=(($G$1^2*1000)/($E$1*$I$1))*(H274-1)","=$J$3*EXP(-$E$1*B274*86.4/$G$1)","=J273-J274"
1,"=B274+A275","=$C$3+($G$1/($E$1*86.4))*SINH($E$1*B275*86.4/$G$1)","=C275-$C$3-B275","=$E$1*B275*86.4","=$G$1*G275","=TANH($E$1*B275*86.4/$G$1)","=COSH($E$1*B275*86.4/$G$1)","=(($G$1^2*1000)/($E$1*$I$1))*(H275-1)","=$J$3*EXP(-$E$1*B275*86.4/$G$1)","=J274-J275"
1,"=B275+A276","=$C$3+($G$1/($E$1*86.4))*SINH($E$1*B276*86.4/$G$1)","=C276-$C$3-B276","=$E$1*B276*86.4","=$G$1*G276","=TANH($E$1*B276*86.4/$G$1)","=COSH($E$1*B276*86.4/$G$1)","=(($G$1^2*1000)/($E$1*$I$1))*(H276-1)","=$J$3*EXP(-$E$1*B276*86.4/$G$1)","=J275-J276"
1,"=B276+A277","=$C$3+($G$1/($E$1*86.4))*SINH($E$1*B277*86.4/$G$1)","=C277-$C$3-B277","=$E$1*B277*86.4","=$G$1*G277","=TANH($E$1*B277*86.4/$G$1)","=COSH($E$1*B277*86.4/$G$1)","=(($G$1^2*1000)/($E$1*$I$1))*(H277-1)","=$J$3*EXP(-$E$1*B277*86.4/$G$1)","=J276-J277"
1,"=B277+A278","=$C$3+($G$1/($E$1*86.4))*SINH($E$1*B278*86.4/$G$1)","=C278-$C$3-B278","=$E$1*B278*86.4","=$G$1*G278","=TANH($E$1*B278*86.4/$G$1)","=COSH($E$1*B278*86.4/$G$1)","=(($G$1^2*1000)/($E$1*$I$1))*(H278-1)","=$J$3*EXP(-$E$1*B278*86.4/$G$1)","=J277-J278"
1,"=B278+A279","=$C$3+($G$1/($E$1*86.4))*SINH($E$1*B279*86.4/$G$1)","=C279-$C$3-B279","=$E$1*B279*86.4","=$G$1*G279","=TANH($E$1*B279*86.4/$G$1)","=COSH($E$1*B279*86.4/$G$1)","=(($G$1^2*1000)/($E$1*$I$1))*(H279-1)","=$J$3*EXP(-$E$1*B279*86.4/$G$1)","=J278-J279"
1,"=B279+A280","=$C$3+($G$1/($E$1*86.4))*SINH($E$1*B280*86.4/$G$1)","=C280-$C$3-B280","=$E$1*B280*86.4","=$G$1*G280","=TANH($E$1*B280*86.4/$G$1)","=COSH($E$1*B280*86.4/$G$1)","=(($G$1^2*1000)/($E$1*$I$1))*(H280-1)","=$J$3*EXP(-$E$1*B280*86.4/$G$1)","=J279-J280"
1,"=B280+A281","=$C$3+($G$1/($E$1*86.4))*SINH($E$1*B281*86.4/$G$1)","=C281-$C$3-B281","=$E$1*B281*86.4","=$G$1*G281","=TANH($E$1*B281*86.4/$G$1)","=COSH($E$1*B281*86.4/$G$1)","=(($G$1^2*1000)/($E$1*$I$1))*(H281-1)","=$J$3*EXP(-$E$1*B281*86.4/$G$1)","=J280-J281"
1,"=B281+A282","=$C$3+($G$1/($E$1*86.4))*SINH($E$1*B282*86.4/$G$1)","=C282-$C$3-B282","=$E$1*B282*86.4","=$G$1*G282","=TANH($E$1*B282*86.4/$G$1)","=COSH($E$1*B282*86.4/$G$1)","=(($G$1^2*1000)/($E$1*$I$1))*(H282-1)","=$J$3*EXP(-$E$1*B282*86.4/$G$1)","=J281-J282"
1,"=B282+A283","=$C$3+($G$1/($E$1*86.4))*SINH($E$1*B283*86.4/$G$1)","=C283-$C$3-B283","=$E$1*B283*86.4","=$G$1*G283","=TANH($E$1*B283*86.4/$G$1)","=COSH($E$1*B283*86.4/$G$1)","=(($G$1^2*1000)/($E$1*$I$1))*(H283-1)","=$J$3*EXP(-$E$1*B283*86.4/$G$1)","=J282-J283"
1,"=B283+A284","=$C$3+($G$1/($E$1*86.4))*SINH($E$1*B284*86.4/$G$1)","=C284-$C$3-B284","=$E$1*B284*86.4","=$G$1*G284","=TANH($E$1*B284*86.4/$G$1)","=COSH($E$1*B284*86.4/$G$1)","=(($G$1^2*1000)/($E$1*$I$1))*(H284-1)","=$J$3*EXP(-$E$1*B284*86.4/$G$1)","=J283-J284"
1,"=B284+A285","=$C$3+($G$1/($E$1*86.4))*SINH($E$1*B285*86.4/$G$1)","=C285-$C$3-B285","=$E$1*B285*86.4","=$G$1*G285","=TANH($E$1*B285*86.4/$G$1)","=COSH($E$1*B285*86.4/$G$1)","=(($G$1^2*1000)/($E$1*$I$1))*(H285-1)","=$J$3*EXP(-$E$1*B285*86.4/$G$1)","=J284-J285"
1,"=B285+A286","=$C$3+($G$1/($E$1*86.4))*SINH($E$1*B286*86.4/$G$1)","=C286-$C$3-B286","=$E$1*B286*86.4","=$G$1*G286","=TANH($E$1*B286*86.4/$G$1)","=COSH($E$1*B286*86.4/$G$1)","=(($G$1^2*1000)/($E$1*$I$1))*(H286-1)","=$J$3*EXP(-$E$1*B286*86.4/$G$1)","=J285-J286"
1,"=B286+A287","=$C$3+($G$1/($E$1*86.4))*SINH($E$1*B287*86.4/$G$1)","=C287-$C$3-B287","=$E$1*B287*86.4","=$G$1*G287","=TANH($E$1*B287*86.4/$G$1)","=COSH($E$1*B287*86.4/$G$1)","=(($G$1^2*1000)/($E$1*$I$1))*(H287-1)","=$J$3*EXP(-$E$1*B287*86.4/$G$1)","=J286-J287"
1,"=B287+A288","=$C$3+($G$1/($E$1*86.4))*SINH($E$1*B288*86.4/$G$1)","=C288-$C$3-B288","=$E$1*B288*86.4","=$G$1*G288","=TANH($E$1*B288*86.4/$G$1)","=COSH($E$1*B288*86.4/$G$1)","=(($G$1^2*1000)/($E$1*$I$1))*(H288-1)","=$J$3*EXP(-$E$1*B288*86.4/$G$1)","=J287-J288"
1,"=B288+A289","=$C$3+($G$1/($E$1*86.4))*SINH($E$1*B289*86.4/$G$1)","=C289-$C$3-B289","=$E$1*B289*86.4","=$G$1*G289","=TANH($E$1*B289*86.4/$G$1)","=COSH($E$1*B289*86.4/$G$1)","=(($G$1^2*1000)/($E$1*$I$1))*(H289-1)","=$J$3*EXP(-$E$1*B289*86.4/$G$1)","=J288-J289"
1,"=B289+A290","=$C$3+($G$1/($E$1*86.4))*SINH($E$1*B290*86.4/$G$1)","=C290-$C$3-B290","=$E$1*B290*86.4","=$G$1*G290","=TANH($E$1*B290*86.4/$G$1)","=COSH($E$1*B290*86.4/$G$1)","=(($G$1^2*1000)/($E$1*$I$1))*(H290-1)","=$J$3*EXP(-$E$1*B290*86.4/$G$1)","=J289-J290"
1,"=B290+A291","=$C$3+($G$1/($E$1*86.4))*SINH($E$1*B291*86.4/$G$1)","=C291-$C$3-B291","=$E$1*B291*86.4","=$G$1*G291","=TANH($E$1*B291*86.4/$G$1)","=COSH($E$1*B291*86.4/$G$1)","=(($G$1^2*1000)/($E$1*$I$1))*(H291-1)","=$J$3*EXP(-$E$1*B291*86.4/$G$1)","=J290-J291"
1,"=B291+A292","=$C$3+($G$1/($E$1*86.4))*SINH($E$1*B292*86.4/$G$1)","=C292-$C$3-B292","=$E$1*B292*86.4","=$G$1*G292","=TANH($E$1*B292*86.4/$G$1)","=COSH($E$1*B292*86.4/$G$1)","=(($G$1^2*1000)/($E$1*$I$1))*(H292-1)","=$J$3*EXP(-$E$1*B292*86.4/$G$1)","=J291-J292"
1,"=B292+A293","=$C$3+($G$1/($E$1*86.4))*SINH($E$1*B293*86.4/$G$1)","=C293-$C$3-B293","=$E$1*B293*86.4","=$G$1*G293","=TANH($E$1*B293*86.4/$G$1)","=COSH($E$1*B293*86.4/$G$1)","=(($G$1^2*1000)/($E$1*$I$1))*(H293-1)","=$J$3*EXP(-$E$1*B293*86.4/$G$1)","=J292-J293"
1,"=B293+A294","=$C$3+($G$1/($E$1*86.4))*SINH($E$1*B294*86.4/$G$1)","=C294-$C$3-B294","=$E$1*B294*86.4","=$G$1*G294","=TANH($E$1*B294*86.4/$G$1)","=COSH($E$1*B294*86.4/$G$1)","=(($G$1^2*1000)/($E$1*$I$1))*(H294-1)","=$J$3*EXP(-$E$1*B294*86.4/$G$1)","=J293-J294"
1,"=B294+A295","=$C$3+($G$1/($E$1*86.4))*SINH($E$1*B295*86.4/$G$1)","=C295-$C$3-B295","=$E$1*B295*86.4","=$G$1*G295","=TANH($E$1*B295*86.4/$G$1)","=COSH($E$1*B295*86.4/$G$1)","=(($G$1^2*1000)/($E$1*$I$1))*(H295-1)","=$J$3*EXP(-$E$1*B295*86.4/$G$1)","=J294-J295"
1,"=B295+A296","=$C$3+($G$1/($E$1*86.4))*SINH($E$1*B296*86.4/$G$1)","=C296-$C$3-B296","=$E$1*B296*86.4","=$G$1*G296","=TANH($E$1*B296*86.4/$G$1)","=COSH($E$1*B296*86.4/$G$1)","=(($G$1^2*1000)/($E$1*$I$1))*(H296-1)","=$J$3*EXP(-$E$1*B296*86.4/$G$1)","=J295-J296"
1,"=B296+A297","=$C$3+($G$1/($E$1*86.4))*SINH($E$1*B297*86.4/$G$1)","=C297-$C$3-B297","=$E$1*B297*86.4","=$G$1*G297","=TANH($E$1*B297*86.4/$G$1)","=COSH($E$1*B297*86.4/$G$1)","=(($G$1^2*1000)/($E$1*$I$1))*(H297-1)","=$J$3*EXP(-$E$1*B297*86.4/$G$1)","=J296-J297"
1,"=B297+A298","=$C$3+($G$1/($E$1*86.4))*SINH($E$1*B298*86.4/$G$1)","=C298-$C$3-B298","=$E$1*B298*86.4","=$G$1*G298","=TANH($E$1*B298*86.4/$G$1)","=COSH($E$1*B298*86.4/$G$1)","=(($G$1^2*1000)/($E$1*$I$1))*(H298-1)","=$J$3*EXP(-$E$1*B298*86.4/$G$1)","=J297-J298"
1,"=B298+A299","=$C$3+($G$1/($E$1*86.4))*SINH($E$1*B299*86.4/$G$1)","=C299-$C$3-B299","=$E$1*B299*86.4","=$G$1*G299","=TANH($E$1*B299*86.4/$G$1)","=COSH($E$1*B299*86.4/$G$1)","=(($G$1^2*1000)/($E$1*$I$1))*(H299-1)","=$J$3*EXP(-$E$1*B299*86.4/$G$1)","=J298-J299"
1,"=B299+A300","=$C$3+($G$1/($E$1*86.4))*SINH($E$1*B300*86.4/$G$1)","=C300-$C$3-B300","=$E$1*B300*86.4","=$G$1*G300","=TANH($E$1*B300*86.4/$G$1)","=COSH($E$1*B300*86.4/$G$1)","=(($G$1^2*1000)/($E$1*$I$1))*(H300-1)","=$J$3*EXP(-$E$1*B300*86.4/$G$1)","=J299-J300"
1,"=B300+A301","=$C$3+($G$1/($E$1*86.4))*SINH($E$1*B301*86.4/$G$1)","=C301-$C$3-B301","=$E$1*B301*86.4","=$G$1*G301","=TANH($E$1*B301*86.4/$G$1)","=COSH($E$1*B301*86.4/$G$1)","=(($G$1^2*1000)/($E$1*$I$1))*(H301-1)","=$J$3*EXP(-$E$1*B301*86.4/$G$1)","=J300-J301"
1,"=B301+A302","=$C$3+($G$1/($E$1*86.4))*SINH($E$1*B302*86.4/$G$1)","=C302-$C$3-B302","=$E$1*B302*86.4","=$G$1*G302","=TANH($E$1*B302*86.4/$G$1)","=COSH($E$1*B302*86.4/$G$1)","=(($G$1^2*1000)/($E$1*$I$1))*(H302-1)","=$J$3*EXP(-$E$1*B302*86.4/$G$1)","=J301-J302"
1,"=B302+A303","=$C$3+($G$1/($E$1*86.4))*SINH($E$1*B303*86.4/$G$1)","=C303-$C$3-B303","=$E$1*B303*86.4","=$G$1*G303","=TANH($E$1*B303*86.4/$G$1)","=COSH($E$1*B303*86.4/$G$1)","=(($G$1^2*1000)/($E$1*$I$1))*(H303-1)","=$J$3*EXP(-$E$1*B303*86.4/$G$1)","=J302-J303"
1,"=B303+A304","=$C$3+($G$1/($E$1*86.4))*SINH($E$1*B304*86.4/$G$1)","=C304-$C$3-B304","=$E$1*B304*86.4","=$G$1*G304","=TANH($E$1*B304*86.4/$G$1)","=COSH($E$1*B304*86.4/$G$1)","=(($G$1^2*1000)/($E$1*$I$1))*(H304-1)","=$J$3*EXP(-$E$1*B304*86.4/$G$1)","=J303-J304"
1,"=B304+A305","=$C$3+($G$1/($E$1*86.4))*SINH($E$1*B305*86.4/$G$1)","=C305-$C$3-B305","=$E$1*B305*86.4","=$G$1*G305","=TANH($E$1*B305*86.4/$G$1)","=COSH($E$1*B305*86.4/$G$1)","=(($G$1^2*1000)/($E$1*$I$1))*(H305-1)","=$J$3*EXP(-$E$1*B305*86.4/$G$1)","=J304-J305"
1,"=B305+A306","=$C$3+($G$1/($E$1*86.4))*SINH($E$1*B306*86.4/$G$1)","=C306-$C$3-B306","=$E$1*B306*86.4","=$G$1*G306","=TANH($E$1*B306*86.4/$G$1)","=COSH($E$1*B306*86.4/$G$1)","=(($G$1^2*1000)/($E$1*$I$1))*(H306-1)","=$J$3*EXP(-$E$1*B306*86.4/$G$1)","=J305-J306"
1,"=B306+A307","=$C$3+($G$1/($E$1*86.4))*SINH($E$1*B307*86.4/$G$1)","=C307-$C$3-B307","=$E$1*B307*86.4","=$G$1*G307","=TANH($E$1*B307*86.4/$G$1)","=COSH($E$1*B307*86.4/$G$1)","=(($G$1^2*1000)/($E$1*$I$1))*(H307-1)","=$J$3*EXP(-$E$1*B307*86.4/$G$1)","=J306-J307"
1,"=B307+A308","=$C$3+($G$1/($E$1*86.4))*SINH($E$1*B308*86.4/$G$1)","=C308-$C$3-B308","=$E$1*B308*86.4","=$G$1*G308","=TANH($E$1*B308*86.4/$G$1)","=COSH($E$1*B308*86.4/$G$1)","=(($G$1^2*1000)/($E$1*$I$1))*(H308-1)","=$J$3*EXP(-$E$1*B308*86.4/$G$1)","=J307-J308"
1,"=B308+A309","=$C$3+($G$1/($E$1*86.4))*SINH($E$1*B309*86.4/$G$1)","=C309-$C$3-B309","=$E$1*B309*86.4","=$G$1*G309","=TANH($E$1*B309*86.4/$G$1)","=COSH($E$1*B309*86.4/$G$1)","=(($G$1^2*1000)/($E$1*$I$1))*(H309-1)","=$J$3*EXP(-$E$1*B309*86.4/$G$1)","=J308-J309"
1,"=B309+A310","=$C$3+($G$1/($E$1*86.4))*SINH($E$1*B310*86.4/$G$1)","=C310-$C$3-B310","=$E$1*B310*86.4","=$G$1*G310","=TANH($E$1*B310*86.4/$G$1)","=COSH($E$1*B310*86.4/$G$1)","=(($G$1^2*1000)/($E$1*$I$1))*(H310-1)","=$J$3*EXP(-$E$1*B310*86.4/$G$1)","=J309-J310"
1,"=B310+A311","=$C$3+($G$1/($E$1*86.4))*SINH($E$1*B311*86.4/$G$1)","=C311-$C$3-B311","=$E$1*B311*86.4","=$G$1*G311","=TANH($E$1*B311*86.4/$G$1)","=COSH($E$1*B311*86.4/$G$1)","=(($G$1^2*1000)/($E$1*$I$1))*(H311-1)","=$J$3*EXP(-$E$1*B311*86.4/$G$1)","=J310-J311"
1,"=B311+A312","=$C$3+($G$1/($E$1*86.4))*SINH($E$1*B312*86.4/$G$1)","=C312-$C$3-B312","=$E$1*B312*86.4","=$G$1*G312","=TANH($E$1*B312*86.4/$G$1)","=COSH($E$1*B312*86.4/$G$1)","=(($G$1^2*1000)/($E$1*$I$1))*(H312-1)","=$J$3*EXP(-$E$1*B312*86.4/$G$1)","=J311-J312"
1,"=B312+A313","=$C$3+($G$1/($E$1*86.4))*SINH($E$1*B313*86.4/$G$1)","=C313-$C$3-B313","=$E$1*B313*86.4","=$G$1*G313","=TANH($E$1*B313*86.4/$G$1)","=COSH($E$1*B313*86.4/$G$1)","=(($G$1^2*1000)/($E$1*$I$1))*(H313-1)","=$J$3*EXP(-$E$1*B313*86.4/$G$1)","=J312-J313"
1,"=B313+A314","=$C$3+($G$1/($E$1*86.4))*SINH($E$1*B314*86.4/$G$1)","=C314-$C$3-B314","=$E$1*B314*86.4","=$G$1*G314","=TANH($E$1*B314*86.4/$G$1)","=COSH($E$1*B314*86.4/$G$1)","=(($G$1^2*1000)/($E$1*$I$1))*(H314-1)","=$J$3*EXP(-$E$1*B314*86.4/$G$1)","=J313-J314"
1,"=B314+A315","=$C$3+($G$1/($E$1*86.4))*SINH($E$1*B315*86.4/$G$1)","=C315-$C$3-B315","=$E$1*B315*86.4","=$G$1*G315","=TANH($E$1*B315*86.4/$G$1)","=COSH($E$1*B315*86.4/$G$1)","=(($G$1^2*1000)/($E$1*$I$1))*(H315-1)","=$J$3*EXP(-$E$1*B315*86.4/$G$1)","=J314-J315"
1,"=B315+A316","=$C$3+($G$1/($E$1*86.4))*SINH($E$1*B316*86.4/$G$1)","=C316-$C$3-B316","=$E$1*B316*86.4","=$G$1*G316","=TANH($E$1*B316*86.4/$G$1)","=COSH($E$1*B316*86.4/$G$1)","=(($G$1^2*1000)/($E$1*$I$1))*(H316-1)","=$J$3*EXP(-$E$1*B316*86.4/$G$1)","=J315-J316"
1,"=B316+A317","=$C$3+($G$1/($E$1*86.4))*SINH($E$1*B317*86.4/$G$1)","=C317-$C$3-B317","=$E$1*B317*86.4","=$G$1*G317","=TANH($E$1*B317*86.4/$G$1)","=COSH($E$1*B317*86.4/$G$1)","=(($G$1^2*1000)/($E$1*$I$1))*(H317-1)","=$J$3*EXP(-$E$1*B317*86.4/$G$1)","=J316-J317"
1,"=B317+A318","=$C$3+($G$1/($E$1*86.4))*SINH($E$1*B318*86.4/$G$1)","=C318-$C$3-B318","=$E$1*B318*86.4","=$G$1*G318","=TANH($E$1*B318*86.4/$G$1)","=COSH($E$1*B318*86.4/$G$1)","=(($G$1^2*1000)/($E$1*$I$1))*(H318-1)","=$J$3*EXP(-$E$1*B318*86.4/$G$1)","=J317-J318"
1,"=B318+A319","=$C$3+($G$1/($E$1*86.4))*SINH($E$1*B319*86.4/$G$1)","=C319-$C$3-B319","=$E$1*B319*86.4","=$G$1*G319","=TANH($E$1*B319*86.4/$G$1)","=COSH($E$1*B319*86.4/$G$1)","=(($G$1^2*1000)/($E$1*$I$1))*(H319-1)","=$J$3*EXP(-$E$1*B319*86.4/$G$1)","=J318-J319"
1,"=B319+A320","=$C$3+($G$1/($E$1*86.4))*SINH($E$1*B320*86.4/$G$1)","=C320-$C$3-B320","=$E$1*B320*86.4","=$G$1*G320","=TANH($E$1*B320*86.4/$G$1)","=COSH($E$1*B320*86.4/$G$1)","=(($G$1^2*1000)/($E$1*$I$1))*(H320-1)","=$J$3*EXP(-$E$1*B320*86.4/$G$1)","=J319-J320"
1,"=B320+A321","=$C$3+($G$1/($E$1*86.4))*SINH($E$1*B321*86.4/$G$1)","=C321-$C$3-B321","=$E$1*B321*86.4","=$G$1*G321","=TANH($E$1*B321*86.4/$G$1)","=COSH($E$1*B321*86.4/$G$1)","=(($G$1^2*1000)/($E$1*$I$1))*(H321-1)","=$J$3*EXP(-$E$1*B321*86.4/$G$1)","=J320-J321"
1,"=B321+A322","=$C$3+($G$1/($E$1*86.4))*SINH($E$1*B322*86.4/$G$1)","=C322-$C$3-B322","=$E$1*B322*86.4","=$G$1*G322","=TANH($E$1*B322*86.4/$G$1)","=COSH($E$1*B322*86.4/$G$1)","=(($G$1^2*1000)/($E$1*$I$1))*(H322-1)","=$J$3*EXP(-$E$1*B322*86.4/$G$1)","=J321-J322"
1,"=B322+A323","=$C$3+($G$1/($E$1*86.4))*SINH($E$1*B323*86.4/$G$1)","=C323-$C$3-B323","=$E$1*B323*86.4","=$G$1*G323","=TANH($E$1*B323*86.4/$G$1)","=COSH($E$1*B323*86.4/$G$1)","=(($G$1^2*1000)/($E$1*$I$1))*(H323-1)","=$J$3*EXP(-$E$1*B323*86.4/$G$1)","=J322-J323"
1,"=B323+A324","=$C$3+($G$1/($E$1*86.4))*SINH($E$1*B324*86.4/$G$1)","=C324-$C$3-B324","=$E$1*B324*86.4","=$G$1*G324","=TANH($E$1*B324*86.4/$G$1)","=COSH($E$1*B324*86.4/$G$1)","=(($G$1^2*1000)/($E$1*$I$1))*(H324-1)","=$J$3*EXP(-$E$1*B324*86.4/$G$1)","=J323-J324"
1,"=B324+A325","=$C$3+($G$1/($E$1*86.4))*SINH($E$1*B325*86.4/$G$1)","=C325-$C$3-B325","=$E$1*B325*86.4","=$G$1*G325","=TANH($E$1*B325*86.4/$G$1)","=COSH($E$1*B325*86.4/$G$1)","=(($G$1^2*1000)/($E$1*$I$1))*(H325-1)","=$J$3*EXP(-$E$1*B325*86.4/$G$1)","=J324-J325"
1,"=B325+A326","=$C$3+($G$1/($E$1*86.4))*SINH($E$1*B326*86.4/$G$1)","=C326-$C$3-B326","=$E$1*B326*86.4","=$G$1*G326","=TANH($E$1*B326*86.4/$G$1)","=COSH($E$1*B326*86.4/$G$1)","=(($G$1^2*1000)/($E$1*$I$1))*(H326-1)","=$J$3*EXP(-$E$1*B326*86.4/$G$1)","=J325-J326"
1,"=B326+A327","=$C$3+($G$1/($E$1*86.4))*SINH($E$1*B327*86.4/$G$1)","=C327-$C$3-B327","=$E$1*B327*86.4","=$G$1*G327","=TANH($E$1*B327*86.4/$G$1)","=COSH($E$1*B327*86.4/$G$1)","=(($G$1^2*1000)/($E$1*$I$1))*(H327-1)","=$J$3*EXP(-$E$1*B327*86.4/$G$1)","=J326-J327"
1,"=B327+A328","=$C$3+($G$1/($E$1*86.4))*SINH($E$1*B328*86.4/$G$1)","=C328-$C$3-B328","=$E$1*B328*86.4","=$G$1*G328","=TANH($E$1*B328*86.4/$G$1)","=COSH($E$1*B328*86.4/$G$1)","=(($G$1^2*1000)/($E$1*$I$1))*(H328-1)","=$J$3*EXP(-$E$1*B328*86.4/$G$1)","=J327-J328"
1,"=B328+A329","=$C$3+($G$1/($E$1*86.4))*SINH($E$1*B329*86.4/$G$1)","=C329-$C$3-B329","=$E$1*B329*86.4","=$G$1*G329","=TANH($E$1*B329*86.4/$G$1)","=COSH($E$1*B329*86.4/$G$1)","=(($G$1^2*1000)/($E$1*$I$1))*(H329-1)","=$J$3*EXP(-$E$1*B329*86.4/$G$1)","=J328-J329"
1,"=B329+A330","=$C$3+($G$1/($E$1*86.4))*SINH($E$1*B330*86.4/$G$1)","=C330-$C$3-B330","=$E$1*B330*86.4","=$G$1*G330","=TANH($E$1*B330*86.4/$G$1)","=COSH($E$1*B330*86.4/$G$1)","=(($G$1^2*1000)/($E$1*$I$1))*(H330-1)","=$J$3*EXP(-$E$1*B330*86.4/$G$1)","=J329-J330"
1,"=B330+A331","=$C$3+($G$1/($E$1*86.4))*SINH($E$1*B331*86.4/$G$1)","=C331-$C$3-B331","=$E$1*B331*86.4","=$G$1*G331","=TANH($E$1*B331*86.4/$G$1)","=COSH($E$1*B331*86.4/$G$1)","=(($G$1^2*1000)/($E$1*$I$1))*(H331-1)","=$J$3*EXP(-$E$1*B331*86.4/$G$1)","=J330-J331"
1,"=B331+A332","=$C$3+($G$1/($E$1*86.4))*SINH($E$1*B332*86.4/$G$1)","=C332-$C$3-B332","=$E$1*B332*86.4","=$G$1*G332","=TANH($E$1*B332*86.4/$G$1)","=COSH($E$1*B332*86.4/$G$1)","=(($G$1^2*1000)/($E$1*$I$1))*(H332-1)","=$J$3*EXP(-$E$1*B332*86.4/$G$1)","=J331-J332"
1,"=B332+A333","=$C$3+($G$1/($E$1*86.4))*SINH($E$1*B333*86.4/$G$1)","=C333-$C$3-B333","=$E$1*B333*86.4","=$G$1*G333","=TANH($E$1*B333*86.4/$G$1)","=COSH($E$1*B333*86.4/$G$1)","=(($G$1^2*1000)/($E$1*$I$1))*(H333-1)","=$J$3*EXP(-$E$1*B333*86.4/$G$1)","=J332-J333"
1,"=B333+A334","=$C$3+($G$1/($E$1*86.4))*SINH($E$1*B334*86.4/$G$1)","=C334-$C$3-B334","=$E$1*B334*86.4","=$G$1*G334","=TANH($E$1*B334*86.4/$G$1)","=COSH($E$1*B334*86.4/$G$1)","=(($G$1^2*1000)/($E$1*$I$1))*(H334-1)","=$J$3*EXP(-$E$1*B334*86.4/$G$1)","=J333-J334"
1,"=B334+A335","=$C$3+($G$1/($E$1*86.4))*SINH($E$1*B335*86.4/$G$1)","=C335-$C$3-B335","=$E$1*B335*86.4","=$G$1*G335","=TANH($E$1*B335*86.4/$G$1)","=COSH($E$1*B335*86.4/$G$1)","=(($G$1^2*1000)/($E$1*$I$1))*(H335-1)","=$J$3*EXP(-$E$1*B335*86.4/$G$1)","=J334-J335"
1,"=B335+A336","=$C$3+($G$1/($E$1*86.4))*SINH($E$1*B336*86.4/$G$1)","=C336-$C$3-B336","=$E$1*B336*86.4","=$G$1*G336","=TANH($E$1*B336*86.4/$G$1)","=COSH($E$1*B336*86.4/$G$1)","=(($G$1^2*1000)/($E$1*$I$1))*(H336-1)","=$J$3*EXP(-$E$1*B336*86.4/$G$1)","=J335-J336"
1,"=B336+A337","=$C$3+($G$1/($E$1*86.4))*SINH($E$1*B337*86.4/$G$1)","=C337-$C$3-B337","=$E$1*B337*86.4","=$G$1*G337","=TANH($E$1*B337*86.4/$G$1)","=COSH($E$1*B337*86.4/$G$1)","=(($G$1^2*1000)/($E$1*$I$1))*(H337-1)","=$J$3*EXP(-$E$1*B337*86.4/$G$1)","=J336-J337"
1,"=B337+A338","=$C$3+($G$1/($E$1*86.4))*SINH($E$1*B338*86.4/$G$1)","=C338-$C$3-B338","=$E$1*B338*86.4","=$G$1*G338","=TANH($E$1*B338*86.4/$G$1)","=COSH($E$1*B338*86.4/$G$1)","=(($G$1^2*1000)/($E$1*$I$1))*(H338-1)","=$J$3*EXP(-$E$1*B338*86.4/$G$1)","=J337-J338"
1,"=B338+A339","=$C$3+($G$1/($E$1*86.4))*SINH($E$1*B339*86.4/$G$1)","=C339-$C$3-B339","=$E$1*B339*86.4","=$G$1*G339","=TANH($E$1*B339*86.4/$G$1)","=COSH($E$1*B339*86.4/$G$1)","=(($G$1^2*1000)/($E$1*$I$1))*(H339-1)","=$J$3*EXP(-$E$1*B339*86.4/$G$1)","=J338-J339"
1,"=B339+A340","=$C$3+($G$1/($E$1*86.4))*SINH($E$1*B340*86.4/$G$1)","=C340-$C$3-B340","=$E$1*B340*86.4","=$G$1*G340","=TANH($E$1*B340*86.4/$G$1)","=COSH($E$1*B340*86.4/$G$1)","=(($G$1^2*1000)/($E$1*$I$1))*(H340-1)","=$J$3*EXP(-$E$1*B340*86.4/$G$1)","=J339-J340"
1,"=B340+A341","=$C$3+($G$1/($E$1*86.4))*SINH($E$1*B341*86.4/$G$1)","=C341-$C$3-B341","=$E$1*B341*86.4","=$G$1*G341","=TANH($E$1*B341*86.4/$G$1)","=COSH($E$1*B341*86.4/$G$1)","=(($G$1^2*1000)/($E$1*$I$1))*(H341-1)","=$J$3*EXP(-$E$1*B341*86.4/$G$1)","=J340-J341"
1,"=B341+A342","=$C$3+($G$1/($E$1*86.4))*SINH($E$1*B342*86.4/$G$1)","=C342-$C$3-B342","=$E$1*B342*86.4","=$G$1*G342","=TANH($E$1*B342*86.4/$G$1)","=COSH($E$1*B342*86.4/$G$1)","=(($G$1^2*1000)/($E$1*$I$1))*(H342-1)","=$J$3*EXP(-$E$1*B342*86.4/$G$1)","=J341-J342"
1,"=B342+A343","=$C$3+($G$1/($E$1*86.4))*SINH($E$1*B343*86.4/$G$1)","=C343-$C$3-B343","=$E$1*B343*86.4","=$G$1*G343","=TANH($E$1*B343*86.4/$G$1)","=COSH($E$1*B343*86.4/$G$1)","=(($G$1^2*1000)/($E$1*$I$1))*(H343-1)","=$J$3*EXP(-$E$1*B343*86.4/$G$1)","=J342-J343"
1,"=B343+A344","=$C$3+($G$1/($E$1*86.4))*SINH($E$1*B344*86.4/$G$1)","=C344-$C$3-B344","=$E$1*B344*86.4","=$G$1*G344","=TANH($E$1*B344*86.4/$G$1)","=COSH($E$1*B344*86.4/$G$1)","=(($G$1^2*1000)/($E$1*$I$1))*(H344-1)","=$J$3*EXP(-$E$1*B344*86.4/$G$1)","=J343-J344"
1,"=B344+A345","=$C$3+($G$1/($E$1*86.4))*SINH($E$1*B345*86.4/$G$1)","=C345-$C$3-B345","=$E$1*B345*86.4","=$G$1*G345","=TANH($E$1*B345*86.4/$G$1)","=COSH($E$1*B345*86.4/$G$1)","=(($G$1^2*1000)/($E$1*$I$1))*(H345-1)","=$J$3*EXP(-$E$1*B345*86.4/$G$1)","=J344-J345"
1,"=B345+A346","=$C$3+($G$1/($E$1*86.4))*SINH($E$1*B346*86.4/$G$1)","=C346-$C$3-B346","=$E$1*B346*86.4","=$G$1*G346","=TANH($E$1*B346*86.4/$G$1)","=COSH($E$1*B346*86.4/$G$1)","=(($G$1^2*1000)/($E$1*$I$1))*(H346-1)","=$J$3*EXP(-$E$1*B346*86.4/$G$1)","=J345-J346"
1,"=B346+A347","=$C$3+($G$1/($E$1*86.4))*SINH($E$1*B347*86.4/$G$1)","=C347-$C$3-B347","=$E$1*B347*86.4","=$G$1*G347","=TANH($E$1*B347*86.4/$G$1)","=COSH($E$1*B347*86.4/$G$1)","=(($G$1^2*1000)/($E$1*$I$1))*(H347-1)","=$J$3*EXP(-$E$1*B347*86.4/$G$1)","=J346-J347"
1,"=B347+A348","=$C$3+($G$1/($E$1*86.4))*SINH($E$1*B348*86.4/$G$1)","=C348-$C$3-B348","=$E$1*B348*86.4","=$G$1*G348","=TANH($E$1*B348*86.4/$G$1)","=COSH($E$1*B348*86.4/$G$1)","=(($G$1^2*1000)/($E$1*$I$1))*(H348-1)","=$J$3*EXP(-$E$1*B348*86.4/$G$1)","=J347-J348"
1,"=B348+A349","=$C$3+($G$1/($E$1*86.4))*SINH($E$1*B349*86.4/$G$1)","=C349-$C$3-B349","=$E$1*B349*86.4","=$G$1*G349","=TANH($E$1*B349*86.4/$G$1)","=COSH($E$1*B349*86.4/$G$1)","=(($G$1^2*1000)/($E$1*$I$1))*(H349-1)","=$J$3*EXP(-$E$1*B349*86.4/$G$1)","=J348-J349"
1,"=B349+A350","=$C$3+($G$1/($E$1*86.4))*SINH($E$1*B350*86.4/$G$1)","=C350-$C$3-B350","=$E$1*B350*86.4","=$G$1*G350","=TANH($E$1*B350*86.4/$G$1)","=COSH($E$1*B350*86.4/$G$1)","=(($G$1^2*1000)/($E$1*$I$1))*(H350-1)","=$J$3*EXP(-$E$1*B350*86.4/$G$1)","=J349-J350"
1,"=B350+A351","=$C$3+($G$1/($E$1*86.4))*SINH($E$1*B351*86.4/$G$1)","=C351-$C$3-B351","=$E$1*B351*86.4","=$G$1*G351","=TANH($E$1*B351*86.4/$G$1)","=COSH($E$1*B351*86.4/$G$1)","=(($G$1^2*1000)/($E$1*$I$1))*(H351-1)","=$J$3*EXP(-$E$1*B351*86.4/$G$1)","=J350-J351"
1,"=B351+A352","=$C$3+($G$1/($E$1*86.4))*SINH($E$1*B352*86.4/$G$1)","=C352-$C$3-B352","=$E$1*B352*86.4","=$G$1*G352","=TANH($E$1*B352*86.4/$G$1)","=COSH($E$1*B352*86.4/$G$1)","=(($G$1^2*1000)/($E$1*$I$1))*(H352-1)","=$J$3*EXP(-$E$1*B352*86.4/$G$1)","=J351-J352"
1,"=B352+A353","=$C$3+($G$1/($E$1*86.4))*SINH($E$1*B353*86.4/$G$1)","=C353-$C$3-B353","=$E$1*B353*86.4","=$G$1*G353","=TANH($E$1*B353*86.4/$G$1)","=COSH($E$1*B353*86.4/$G$1)","=(($G$1^2*1000)/($E$1*$I$1))*(H353-1)","=$J$3*EXP(-$E$1*B353*86.4/$G$1)","=J352-J353"
1,"=B353+A354","=$C$3+($G$1/($E$1*86.4))*SINH($E$1*B354*86.4/$G$1)","=C354-$C$3-B354","=$E$1*B354*86.4","=$G$1*G354","=TANH($E$1*B354*86.4/$G$1)","=COSH($E$1*B354*86.4/$G$1)","=(($G$1^2*1000)/($E$1*$I$1))*(H354-1)","=$J$3*EXP(-$E$1*B354*86.4/$G$1)","=J353-J354"
1,"=B354+A355","=$C$3+($G$1/($E$1*86.4))*SINH($E$1*B355*86.4/$G$1)","=C355-$C$3-B355","=$E$1*B355*86.4","=$G$1*G355","=TANH($E$1*B355*86.4/$G$1)","=COSH($E$1*B355*86.4/$G$1)","=(($G$1^2*1000)/($E$1*$I$1))*(H355-1)","=$J$3*EXP(-$E$1*B355*86.4/$G$1)","=J354-J355"
1,"=B355+A356","=$C$3+($G$1/($E$1*86.4))*SINH($E$1*B356*86.4/$G$1)","=C356-$C$3-B356","=$E$1*B356*86.4","=$G$1*G356","=TANH($E$1*B356*86.4/$G$1)","=COSH($E$1*B356*86.4/$G$1)","=(($G$1^2*1000)/($E$1*$I$1))*(H356-1)","=$J$3*EXP(-$E$1*B356*86.4/$G$1)","=J355-J356"
1,"=B356+A357","=$C$3+($G$1/($E$1*86.4))*SINH($E$1*B357*86.4/$G$1)","=C357-$C$3-B357","=$E$1*B357*86.4","=$G$1*G357","=TANH($E$1*B357*86.4/$G$1)","=COSH($E$1*B357*86.4/$G$1)","=(($G$1^2*1000)/($E$1*$I$1))*(H357-1)","=$J$3*EXP(-$E$1*B357*86.4/$G$1)","=J356-J357"
1,"=B357+A358","=$C$3+($G$1/($E$1*86.4))*SINH($E$1*B358*86.4/$G$1)","=C358-$C$3-B358","=$E$1*B358*86.4","=$G$1*G358","=TANH($E$1*B358*86.4/$G$1)","=COSH($E$1*B358*86.4/$G$1)","=(($G$1^2*1000)/($E$1*$I$1))*(H358-1)","=$J$3*EXP(-$E$1*B358*86.4/$G$1)","=J357-J358"
1,"=B358+A359","=$C$3+($G$1/($E$1*86.4))*SINH($E$1*B359*86.4/$G$1)","=C359-$C$3-B359","=$E$1*B359*86.4","=$G$1*G359","=TANH($E$1*B359*86.4/$G$1)","=COSH($E$1*B359*86.4/$G$1)","=(($G$1^2*1000)/($E$1*$I$1))*(H359-1)","=$J$3*EXP(-$E$1*B359*86.4/$G$1)","=J358-J359"
1,"=B359+A360","=$C$3+($G$1/($E$1*86.4))*SINH($E$1*B360*86.4/$G$1)","=C360-$C$3-B360","=$E$1*B360*86.4","=$G$1*G360","=TANH($E$1*B360*86.4/$G$1)","=COSH($E$1*B360*86.4/$G$1)","=(($G$1^2*1000)/($E$1*$I$1))*(H360-1)","=$J$3*EXP(-$E$1*B360*86.4/$G$1)","=J359-J360"
1,"=B360+A361","=$C$3+($G$1/($E$1*86.4))*SINH($E$1*B361*86.4/$G$1)","=C361-$C$3-B361","=$E$1*B361*86.4","=$G$1*G361","=TANH($E$1*B361*86.4/$G$1)","=COSH($E$1*B361*86.4/$G$1)","=(($G$1^2*1000)/($E$1*$I$1))*(H361-1)","=$J$3*EXP(-$E$1*B361*86.4/$G$1)","=J360-J361"
1,"=B361+A362","=$C$3+($G$1/($E$1*86.4))*SINH($E$1*B362*86.4/$G$1)","=C362-$C$3-B362","=$E$1*B362*86.4","=$G$1*G362","=TANH($E$1*B362*86.4/$G$1)","=COSH($E$1*B362*86.4/$G$1)","=(($G$1^2*1000)/($E$1*$I$1))*(H362-1)","=$J$3*EXP(-$E$1*B362*86.4/$G$1)","=J361-J362"
1,"=B362+A363","=$C$3+($G$1/($E$1*86.4))*SINH($E$1*B363*86.4/$G$1)","=C363-$C$3-B363","=$E$1*B363*86.4","=$G$1*G363","=TANH($E$1*B363*86.4/$G$1)","=COSH($E$1*B363*86.4/$G$1)","=(($G$1^2*1000)/($E$1*$I$1))*(H363-1)","=$J$3*EXP(-$E$1*B363*86.4/$G$1)","=J362-J363"
1,"=B363+A364","=$C$3+($G$1/($E$1*86.4))*SINH($E$1*B364*86.4/$G$1)","=C364-$C$3-B364","=$E$1*B364*86.4","=$G$1*G364","=TANH($E$1*B364*86.4/$G$1)","=COSH($E$1*B364*86.4/$G$1)","=(($G$1^2*1000)/($E$1*$I$1))*(H364-1)","=$J$3*EXP(-$E$1*B364*86.4/$G$1)","=J363-J364"
1,"=B364+A365","=$C$3+($G$1/($E$1*86.4))*SINH($E$1*B365*86.4/$G$1)","=C365-$C$3-B365","=$E$1*B365*86.4","=$G$1*G365","=TANH($E$1*B365*86.4/$G$1)","=COSH($E$1*B365*86.4/$G$1)","=(($G$1^2*1000)/($E$1*$I$1))*(H365-1)","=$J$3*EXP(-$E$1*B365*86.4/$G$1)","=J364-J365"
1,"=B365+A366","=$C$3+($G$1/($E$1*86.4))*SINH($E$1*B366*86.4/$G$1)","=C366-$C$3-B366","=$E$1*B366*86.4","=$G$1*G366","=TANH($E$1*B366*86.4/$G$1)","=COSH($E$1*B366*86.4/$G$1)","=(($G$1^2*1000)/($E$1*$I$1))*(H366-1)","=$J$3*EXP(-$E$1*B366*86.4/$G$1)","=J365-J366"
1,"=B366+A367","=$C$3+($G$1/($E$1*86.4))*SINH($E$1*B367*86.4/$G$1)","=C367-$C$3-B367","=$E$1*B367*86.4","=$G$1*G367","=TANH($E$1*B367*86.4/$G$1)","=COSH($E$1*B367*86.4/$G$1)","=(($G$1^2*1000)/($E$1*$I$1))*(H367-1)","=$J$3*EXP(-$E$1*B367*86.4/$G$1)","=J366-J367"
1,"=B367+A368","=$C$3+($G$1/($E$1*86.4))*SINH($E$1*B368*86.4/$G$1)","=C368-$C$3-B368","=$E$1*B368*86.4","=$G$1*G368","=TANH($E$1*B368*86.4/$G$1)","=COSH($E$1*B368*86.4/$G$1)","=(($G$1^2*1000)/($E$1*$I$1))*(H368-1)","=$J$3*EXP(-$E$1*B368*86.4/$G$1)","=J367-J368"
1,"=B368+A369","=$C$3+($G$1/($E$1*86.4))*SINH($E$1*B369*86.4/$G$1)","=C369-$C$3-B369","=$E$1*B369*86.4","=$G$1*G369","=TANH($E$1*B369*86.4/$G$1)","=COSH($E$1*B369*86.4/$G$1)","=(($G$1^2*1000)/($E$1*$I$1))*(H369-1)","=$J$3*EXP(-$E$1*B369*86.4/$G$1)","=J368-J369"
1,"=B369+A370","=$C$3+($G$1/($E$1*86.4))*SINH($E$1*B370*86.4/$G$1)","=C370-$C$3-B370","=$E$1*B370*86.4","=$G$1*G370","=TANH($E$1*B370*86.4/$G$1)","=COSH($E$1*B370*86.4/$G$1)","=(($G$1^2*1000)/($E$1*$I$1))*(H370-1)","=$J$3*EXP(-$E$1*B370*86.4/$G$1)","=J369-J370"
1,"=B370+A371","=$C$3+($G$1/($E$1*86.4))*SINH($E$1*B371*86.4/$G$1)","=C371-$C$3-B371","=$E$1*B371*86.4","=$G$1*G371","=TANH($E$1*B371*86.4/$G$1)","=COSH($E$1*B371*86.4/$G$1)","=(($G$1^2*1000)/($E$1*$I$1))*(H371-1)","=$J$3*EXP(-$E$1*B371*86.4/$G$1)","=J370-J371"
1,"=B371+A372","=$C$3+($G$1/($E$1*86.4))*SINH($E$1*B372*86.4/$G$1)","=C372-$C$3-B372","=$E$1*B372*86.4","=$G$1*G372","=TANH($E$1*B372*86.4/$G$1)","=COSH($E$1*B372*86.4/$G$1)","=(($G$1^2*1000)/($E$1*$I$1))*(H372-1)","=$J$3*EXP(-$E$1*B372*86.4/$G$1)","=J371-J372"
1,"=B372+A373","=$C$3+($G$1/($E$1*86.4))*SINH($E$1*B373*86.4/$G$1)","=C373-$C$3-B373","=$E$1*B373*86.4","=$G$1*G373","=TANH($E$1*B373*86.4/$G$1)","=COSH($E$1*B373*86.4/$G$1)","=(($G$1^2*1000)/($E$1*$I$1))*(H373-1)","=$J$3*EXP(-$E$1*B373*86.4/$G$1)","=J372-J373"
1,"=B373+A374","=$C$3+($G$1/($E$1*86.4))*SINH($E$1*B374*86.4/$G$1)","=C374-$C$3-B374","=$E$1*B374*86.4","=$G$1*G374","=TANH($E$1*B374*86.4/$G$1)","=COSH($E$1*B374*86.4/$G$1)","=(($G$1^2*1000)/($E$1*$I$1))*(H374-1)","=$J$3*EXP(-$E$1*B374*86.4/$G$1)","=J373-J374"
1,"=B374+A375","=$C$3+($G$1/($E$1*86.4))*SINH($E$1*B375*86.4/$G$1)","=C375-$C$3-B375","=$E$1*B375*86.4","=$G$1*G375","=TANH($E$1*B375*86.4/$G$1)","=COSH($E$1*B375*86.4/$G$1)","=(($G$1^2*1000)/($E$1*$I$1))*(H375-1)","=$J$3*EXP(-$E$1*B375*86.4/$G$1)","=J374-J375"
1,"=B375+A376","=$C$3+($G$1/($E$1*86.4))*SINH($E$1*B376*86.4/$G$1)","=C376-$C$3-B376","=$E$1*B376*86.4","=$G$1*G376","=TANH($E$1*B376*86.4/$G$1)","=COSH($E$1*B376*86.4/$G$1)","=(($G$1^2*1000)/($E$1*$I$1))*(H376-1)","=$J$3*EXP(-$E$1*B376*86.4/$G$1)","=J375-J376"
1,"=B376+A377","=$C$3+($G$1/($E$1*86.4))*SINH($E$1*B377*86.4/$G$1)","=C377-$C$3-B377","=$E$1*B377*86.4","=$G$1*G377","=TANH($E$1*B377*86.4/$G$1)","=COSH($E$1*B377*86.4/$G$1)","=(($G$1^2*1000)/($E$1*$I$1))*(H377-1)","=$J$3*EXP(-$E$1*B377*86.4/$G$1)","=J376-J377"
1,"=B377+A378","=$C$3+($G$1/($E$1*86.4))*SINH($E$1*B378*86.4/$G$1)","=C378-$C$3-B378","=$E$1*B378*86.4","=$G$1*G378","=TANH($E$1*B378*86.4/$G$1)","=COSH($E$1*B378*86.4/$G$1)","=(($G$1^2*1000)/($E$1*$I$1))*(H378-1)","=$J$3*EXP(-$E$1*B378*86.4/$G$1)","=J377-J378"
1,"=B378+A379","=$C$3+($G$1/($E$1*86.4))*SINH($E$1*B379*86.4/$G$1)","=C379-$C$3-B379","=$E$1*B379*86.4","=$G$1*G379","=TANH($E$1*B379*86.4/$G$1)","=COSH($E$1*B379*86.4/$G$1)","=(($G$1^2*1000)/($E$1*$I$1))*(H379-1)","=$J$3*EXP(-$E$1*B379*86.4/$G$1)","=J378-J379"
1,"=B379+A380","=$C$3+($G$1/($E$1*86.4))*SINH($E$1*B380*86.4/$G$1)","=C380-$C$3-B380","=$E$1*B380*86.4","=$G$1*G380","=TANH($E$1*B380*86.4/$G$1)","=COSH($E$1*B380*86.4/$G$1)","=(($G$1^2*1000)/($E$1*$I$1))*(H380-1)","=$J$3*EXP(-$E$1*B380*86.4/$G$1)","=J379-J380"
1,"=B380+A381","=$C$3+($G$1/($E$1*86.4))*SINH($E$1*B381*86.4/$G$1)","=C381-$C$3-B381","=$E$1*B381*86.4","=$G$1*G381","=TANH($E$1*B381*86.4/$G$1)","=COSH($E$1*B381*86.4/$G$1)","=(($G$1^2*1000)/($E$1*$I$1))*(H381-1)","=$J$3*EXP(-$E$1*B381*86.4/$G$1)","=J380-J381"
1,"=B381+A382","=$C$3+($G$1/($E$1*86.4))*SINH($E$1*B382*86.4/$G$1)","=C382-$C$3-B382","=$E$1*B382*86.4","=$G$1*G382","=TANH($E$1*B382*86.4/$G$1)","=COSH($E$1*B382*86.4/$G$1)","=(($G$1^2*1000)/($E$1*$I$1))*(H382-1)","=$J$3*EXP(-$E$1*B382*86.4/$G$1)","=J381-J382"
1,"=B382+A383","=$C$3+($G$1/($E$1*86.4))*SINH($E$1*B383*86.4/$G$1)","=C383-$C$3-B383","=$E$1*B383*86.4","=$G$1*G383","=TANH($E$1*B383*86.4/$G$1)","=COSH($E$1*B383*86.4/$G$1)","=(($G$1^2*1000)/($E$1*$I$1))*(H383-1)","=$J$3*EXP(-$E$1*B383*86.4/$G$1)","=J382-J383"
1,"=B383+A384","=$C$3+($G$1/($E$1*86.4))*SINH($E$1*B384*86.4/$G$1)","=C384-$C$3-B384","=$E$1*B384*86.4","=$G$1*G384","=TANH($E$1*B384*86.4/$G$1)","=COSH($E$1*B384*86.4/$G$1)","=(($G$1^2*1000)/($E$1*$I$1))*(H384-1)","=$J$3*EXP(-$E$1*B384*86.4/$G$1)","=J383-J384"
1,"=B384+A385","=$C$3+($G$1/($E$1*86.4))*SINH($E$1*B385*86.4/$G$1)","=C385-$C$3-B385","=$E$1*B385*86.4","=$G$1*G385","=TANH($E$1*B385*86.4/$G$1)","=COSH($E$1*B385*86.4/$G$1)","=(($G$1^2*1000)/($E$1*$I$1))*(H385-1)","=$J$3*EXP(-$E$1*B385*86.4/$G$1)","=J384-J385"
1,"=B385+A386","=$C$3+($G$1/($E$1*86.4))*SINH($E$1*B386*86.4/$G$1)","=C386-$C$3-B386","=$E$1*B386*86.4","=$G$1*G386","=TANH($E$1*B386*86.4/$G$1)","=COSH($E$1*B386*86.4/$G$1)","=(($G$1^2*1000)/($E$1*$I$1))*(H386-1)","=$J$3*EXP(-$E$1*B386*86.4/$G$1)","=J385-J386"
1,"=B386+A387","=$C$3+($G$1/($E$1*86.4))*SINH($E$1*B387*86.4/$G$1)","=C387-$C$3-B387","=$E$1*B387*86.4","=$G$1*G387","=TANH($E$1*B387*86.4/$G$1)","=COSH($E$1*B387*86.4/$G$1)","=(($G$1^2*1000)/($E$1*$I$1))*(H387-1)","=$J$3*EXP(-$E$1*B387*86.4/$G$1)","=J386-J387"
1,"=B387+A388","=$C$3+($G$1/($E$1*86.4))*SINH($E$1*B388*86.4/$G$1)","=C388-$C$3-B388","=$E$1*B388*86.4","=$G$1*G388","=TANH($E$1*B388*86.4/$G$1)","=COSH($E$1*B388*86.4/$G$1)","=(($G$1^2*1000)/($E$1*$I$1))*(H388-1)","=$J$3*EXP(-$E$1*B388*86.4/$G$1)","=J387-J388"
1,"=B388+A389","=$C$3+($G$1/($E$1*86.4))*SINH($E$1*B389*86.4/$G$1)","=C389-$C$3-B389","=$E$1*B389*86.4","=$G$1*G389","=TANH($E$1*B389*86.4/$G$1)","=COSH($E$1*B389*86.4/$G$1)","=(($G$1^2*1000)/($E$1*$I$1))*(H389-1)","=$J$3*EXP(-$E$1*B389*86.4/$G$1)","=J388-J389"
1,"=B389+A390","=$C$3+($G$1/($E$1*86.4))*SINH($E$1*B390*86.4/$G$1)","=C390-$C$3-B390","=$E$1*B390*86.4","=$G$1*G390","=TANH($E$1*B390*86.4/$G$1)","=COSH($E$1*B390*86.4/$G$1)","=(($G$1^2*1000)/($E$1*$I$1))*(H390-1)","=$J$3*EXP(-$E$1*B390*86.4/$G$1)","=J389-J390"
1,"=B390+A391","=$C$3+($G$1/($E$1*86.4))*SINH($E$1*B391*86.4/$G$1)","=C391-$C$3-B391","=$E$1*B391*86.4","=$G$1*G391","=TANH($E$1*B391*86.4/$G$1)","=COSH($E$1*B391*86.4/$G$1)","=(($G$1^2*1000)/($E$1*$I$1))*(H391-1)","=$J$3*EXP(-$E$1*B391*86.4/$G$1)","=J390-J391"
1,"=B391+A392","=$C$3+($G$1/($E$1*86.4))*SINH($E$1*B392*86.4/$G$1)","=C392-$C$3-B392","=$E$1*B392*86.4","=$G$1*G392","=TANH($E$1*B392*86.4/$G$1)","=COSH($E$1*B392*86.4/$G$1)","=(($G$1^2*1000)/($E$1*$I$1))*(H392-1)","=$J$3*EXP(-$E$1*B392*86.4/$G$1)","=J391-J392"
1,"=B392+A393","=$C$3+($G$1/($E$1*86.4))*SINH($E$1*B393*86.4/$G$1)","=C393-$C$3-B393","=$E$1*B393*86.4","=$G$1*G393","=TANH($E$1*B393*86.4/$G$1)","=COSH($E$1*B393*86.4/$G$1)","=(($G$1^2*1000)/($E$1*$I$1))*(H393-1)","=$J$3*EXP(-$E$1*B393*86.4/$G$1)","=J392-J393"
1,"=B393+A394","=$C$3+($G$1/($E$1*86.4))*SINH($E$1*B394*86.4/$G$1)","=C394-$C$3-B394","=$E$1*B394*86.4","=$G$1*G394","=TANH($E$1*B394*86.4/$G$1)","=COSH($E$1*B394*86.4/$G$1)","=(($G$1^2*1000)/($E$1*$I$1))*(H394-1)","=$J$3*EXP(-$E$1*B394*86.4/$G$1)","=J393-J394"
1,"=B394+A395","=$C$3+($G$1/($E$1*86.4))*SINH($E$1*B395*86.4/$G$1)","=C395-$C$3-B395","=$E$1*B395*86.4","=$G$1*G395","=TANH($E$1*B395*86.4/$G$1)","=COSH($E$1*B395*86.4/$G$1)","=(($G$1^2*1000)/($E$1*$I$1))*(H395-1)","=$J$3*EXP(-$E$1*B395*86.4/$G$1)","=J394-J395"
1,"=B395+A396","=$C$3+($G$1/($E$1*86.4))*SINH($E$1*B396*86.4/$G$1)","=C396-$C$3-B396","=$E$1*B396*86.4","=$G$1*G396","=TANH($E$1*B396*86.4/$G$1)","=COSH($E$1*B396*86.4/$G$1)","=(($G$1^2*1000)/($E$1*$I$1))*(H396-1)","=$J$3*EXP(-$E$1*B396*86.4/$G$1)","=J395-J396"
1,"=B396+A397","=$C$3+($G$1/($E$1*86.4))*SINH($E$1*B397*86.4/$G$1)","=C397-$C$3-B397","=$E$1*B397*86.4","=$G$1*G397","=TANH($E$1*B397*86.4/$G$1)","=COSH($E$1*B397*86.4/$G$1)","=(($G$1^2*1000)/($E$1*$I$1))*(H397-1)","=$J$3*EXP(-$E$1*B397*86.4/$G$1)","=J396-J397"
1,"=B397+A398","=$C$3+($G$1/($E$1*86.4))*SINH($E$1*B398*86.4/$G$1)","=C398-$C$3-B398","=$E$1*B398*86.4","=$G$1*G398","=TANH($E$1*B398*86.4/$G$1)","=COSH($E$1*B398*86.4/$G$1)","=(($G$1^2*1000)/($E$1*$I$1))*(H398-1)","=$J$3*EXP(-$E$1*B398*86.4/$G$1)","=J397-J398"
1,"=B398+A399","=$C$3+($G$1/($E$1*86.4))*SINH($E$1*B399*86.4/$G$1)","=C399-$C$3-B399","=$E$1*B399*86.4","=$G$1*G399","=TANH($E$1*B399*86.4/$G$1)","=COSH($E$1*B399*86.4/$G$1)","=(($G$1^2*1000)/($E$1*$I$1))*(H399-1)","=$J$3*EXP(-$E$1*B399*86.4/$G$1)","=J398-J399"
1,"=B399+A400","=$C$3+($G$1/($E$1*86.4))*SINH($E$1*B400*86.4/$G$1)","=C400-$C$3-B400","=$E$1*B400*86.4","=$G$1*G400","=TANH($E$1*B400*86.4/$G$1)","=COSH($E$1*B400*86.4/$G$1)","=(($G$1^2*1000)/($E$1*$I$1))*(H400-1)","=$J$3*EXP(-$E$1*B400*86.4/$G$1)","=J399-J400"
1,"=B400+A401","=$C$3+($G$1/($E$1*86.4))*SINH($E$1*B401*86.4/$G$1)","=C401-$C$3-B401","=$E$1*B401*86.4","=$G$1*G401","=TANH($E$1*B401*86.4/$G$1)","=COSH($E$1*B401*86.4/$G$1)","=(($G$1^2*1000)/($E$1*$I$1))*(H401-1)","=$J$3*EXP(-$E$1*B401*86.4/$G$1)","=J400-J401"
1,"=B401+A402","=$C$3+($G$1/($E$1*86.4))*SINH($E$1*B402*86.4/$G$1)","=C402-$C$3-B402","=$E$1*B402*86.4","=$G$1*G402","=TANH($E$1*B402*86.4/$G$1)","=COSH($E$1*B402*86.4/$G$1)","=(($G$1^2*1000)/($E$1*$I$1))*(H402-1)","=$J$3*EXP(-$E$1*B402*86.4/$G$1)","=J401-J402"
1,"=B402+A403","=$C$3+($G$1/($E$1*86.4))*SINH($E$1*B403*86.4/$G$1)","=C403-$C$3-B403","=$E$1*B403*86.4","=$G$1*G403","=TANH($E$1*B403*86.4/$G$1)","=COSH($E$1*B403*86.4/$G$1)","=(($G$1^2*1000)/($E$1*$I$1))*(H403-1)","=$J$3*EXP(-$E$1*B403*86.4/$G$1)","=J402-J403"
1,"=B403+A404","=$C$3+($G$1/($E$1*86.4))*SINH($E$1*B404*86.4/$G$1)","=C404-$C$3-B404","=$E$1*B404*86.4","=$G$1*G404","=TANH($E$1*B404*86.4/$G$1)","=COSH($E$1*B404*86.4/$G$1)","=(($G$1^2*1000)/($E$1*$I$1))*(H404-1)","=$J$3*EXP(-$E$1*B404*86.4/$G$1)","=J403-J404"
1,"=B404+A405","=$C$3+($G$1/($E$1*86.4))*SINH($E$1*B405*86.4/$G$1)","=C405-$C$3-B405","=$E$1*B405*86.4","=$G$1*G405","=TANH($E$1*B405*86.4/$G$1)","=COSH($E$1*B405*86.4/$G$1)","=(($G$1^2*1000)/($E$1*$I$1))*(H405-1)","=$J$3*EXP(-$E$1*B405*86.4/$G$1)","=J404-J405"
1,"=B405+A406","=$C$3+($G$1/($E$1*86.4))*SINH($E$1*B406*86.4/$G$1)","=C406-$C$3-B406","=$E$1*B406*86.4","=$G$1*G406","=TANH($E$1*B406*86.4/$G$1)","=COSH($E$1*B406*86.4/$G$1)","=(($G$1^2*1000)/($E$1*$I$1))*(H406-1)","=$J$3*EXP(-$E$1*B406*86.4/$G$1)","=J405-J406"
1,"=B406+A407","=$C$3+($G$1/($E$1*86.4))*SINH($E$1*B407*86.4/$G$1)","=C407-$C$3-B407","=$E$1*B407*86.4","=$G$1*G407","=TANH($E$1*B407*86.4/$G$1)","=COSH($E$1*B407*86.4/$G$1)","=(($G$1^2*1000)/($E$1*$I$1))*(H407-1)","=$J$3*EXP(-$E$1*B407*86.4/$G$1)","=J406-J407"
1,"=B407+A408","=$C$3+($G$1/($E$1*86.4))*SINH($E$1*B408*86.4/$G$1)","=C408-$C$3-B408","=$E$1*B408*86.4","=$G$1*G408","=TANH($E$1*B408*86.4/$G$1)","=COSH($E$1*B408*86.4/$G$1)","=(($G$1^2*1000)/($E$1*$I$1))*(H408-1)","=$J$3*EXP(-$E$1*B408*86.4/$G$1)","=J407-J408"
1,"=B408+A409","=$C$3+($G$1/($E$1*86.4))*SINH($E$1*B409*86.4/$G$1)","=C409-$C$3-B409","=$E$1*B409*86.4","=$G$1*G409","=TANH($E$1*B409*86.4/$G$1)","=COSH($E$1*B409*86.4/$G$1)","=(($G$1^2*1000)/($E$1*$I$1))*(H409-1)","=$J$3*EXP(-$E$1*B409*86.4/$G$1)","=J408-J409"
1,"=B409+A410","=$C$3+($G$1/($E$1*86.4))*SINH($E$1*B410*86.4/$G$1)","=C410-$C$3-B410","=$E$1*B410*86.4","=$G$1*G410","=TANH($E$1*B410*86.4/$G$1)","=COSH($E$1*B410*86.4/$G$1)","=(($G$1^2*1000)/($E$1*$I$1))*(H410-1)","=$J$3*EXP(-$E$1*B410*86.4/$G$1)","=J409-J410"
1,"=B410+A411","=$C$3+($G$1/($E$1*86.4))*SINH($E$1*B411*86.4/$G$1)","=C411-$C$3-B411","=$E$1*B411*86.4","=$G$1*G411","=TANH($E$1*B411*86.4/$G$1)","=COSH($E$1*B411*86.4/$G$1)","=(($G$1^2*1000)/($E$1*$I$1))*(H411-1)","=$J$3*EXP(-$E$1*B411*86.4/$G$1)","=J410-J411"
1,"=B411+A412","=$C$3+($G$1/($E$1*86.4))*SINH($E$1*B412*86.4/$G$1)","=C412-$C$3-B412","=$E$1*B412*86.4","=$G$1*G412","=TANH($E$1*B412*86.4/$G$1)","=COSH($E$1*B412*86.4/$G$1)","=(($G$1^2*1000)/($E$1*$I$1))*(H412-1)","=$J$3*EXP(-$E$1*B412*86.4/$G$1)","=J411-J412"
1,"=B412+A413","=$C$3+($G$1/($E$1*86.4))*SINH($E$1*B413*86.4/$G$1)","=C413-$C$3-B413","=$E$1*B413*86.4","=$G$1*G413","=TANH($E$1*B413*86.4/$G$1)","=COSH($E$1*B413*86.4/$G$1)","=(($G$1^2*1000)/($E$1*$I$1))*(H413-1)","=$J$3*EXP(-$E$1*B413*86.4/$G$1)","=J412-J413"
1,"=B413+A414","=$C$3+($G$1/($E$1*86.4))*SINH($E$1*B414*86.4/$G$1)","=C414-$C$3-B414","=$E$1*B414*86.4","=$G$1*G414","=TANH($E$1*B414*86.4/$G$1)","=COSH($E$1*B414*86.4/$G$1)","=(($G$1^2*1000)/($E$1*$I$1))*(H414-1)","=$J$3*EXP(-$E$1*B414*86.4/$G$1)","=J413-J414"
1,"=B414+A415","=$C$3+($G$1/($E$1*86.4))*SINH($E$1*B415*86.4/$G$1)","=C415-$C$3-B415","=$E$1*B415*86.4","=$G$1*G415","=TANH($E$1*B415*86.4/$G$1)","=COSH($E$1*B415*86.4/$G$1)","=(($G$1^2*1000)/($E$1*$I$1))*(H415-1)","=$J$3*EXP(-$E$1*B415*86.4/$G$1)","=J414-J415"
1,"=B415+A416","=$C$3+($G$1/($E$1*86.4))*SINH($E$1*B416*86.4/$G$1)","=C416-$C$3-B416","=$E$1*B416*86.4","=$G$1*G416","=TANH($E$1*B416*86.4/$G$1)","=COSH($E$1*B416*86.4/$G$1)","=(($G$1^2*1000)/($E$1*$I$1))*(H416-1)","=$J$3*EXP(-$E$1*B416*86.4/$G$1)","=J415-J416"
1,"=B416+A417","=$C$3+($G$1/($E$1*86.4))*SINH($E$1*B417*86.4/$G$1)","=C417-$C$3-B417","=$E$1*B417*86.4","=$G$1*G417","=TANH($E$1*B417*86.4/$G$1)","=COSH($E$1*B417*86.4/$G$1)","=(($G$1^2*1000)/($E$1*$I$1))*(H417-1)","=$J$3*EXP(-$E$1*B417*86.4/$G$1)","=J416-J417"
1,"=B417+A418","=$C$3+($G$1/($E$1*86.4))*SINH($E$1*B418*86.4/$G$1)","=C418-$C$3-B418","=$E$1*B418*86.4","=$G$1*G418","=TANH($E$1*B418*86.4/$G$1)","=COSH($E$1*B418*86.4/$G$1)","=(($G$1^2*1000)/($E$1*$I$1))*(H418-1)","=$J$3*EXP(-$E$1*B418*86.4/$G$1)","=J417-J418"
1,"=B418+A419","=$C$3+($G$1/($E$1*86.4))*SINH($E$1*B419*86.4/$G$1)","=C419-$C$3-B419","=$E$1*B419*86.4","=$G$1*G419","=TANH($E$1*B419*86.4/$G$1)","=COSH($E$1*B419*86.4/$G$1)","=(($G$1^2*1000)/($E$1*$I$1))*(H419-1)","=$J$3*EXP(-$E$1*B419*86.4/$G$1)","=J418-J419"
1,"=B419+A420","=$C$3+($G$1/($E$1*86.4))*SINH($E$1*B420*86.4/$G$1)","=C420-$C$3-B420","=$E$1*B420*86.4","=$G$1*G420","=TANH($E$1*B420*86.4/$G$1)","=COSH($E$1*B420*86.4/$G$1)","=(($G$1^2*1000)/($E$1*$I$1))*(H420-1)","=$J$3*EXP(-$E$1*B420*86.4/$G$1)","=J419-J420"
1,"=B420+A421","=$C$3+($G$1/($E$1*86.4))*SINH($E$1*B421*86.4/$G$1)","=C421-$C$3-B421","=$E$1*B421*86.4","=$G$1*G421","=TANH($E$1*B421*86.4/$G$1)","=COSH($E$1*B421*86.4/$G$1)","=(($G$1^2*1000)/($E$1*$I$1))*(H421-1)","=$J$3*EXP(-$E$1*B421*86.4/$G$1)","=J420-J421"
1,"=B421+A422","=$C$3+($G$1/($E$1*86.4))*SINH($E$1*B422*86.4/$G$1)","=C422-$C$3-B422","=$E$1*B422*86.4","=$G$1*G422","=TANH($E$1*B422*86.4/$G$1)","=COSH($E$1*B422*86.4/$G$1)","=(($G$1^2*1000)/($E$1*$I$1))*(H422-1)","=$J$3*EXP(-$E$1*B422*86.4/$G$1)","=J421-J422"
1,"=B422+A423","=$C$3+($G$1/($E$1*86.4))*SINH($E$1*B423*86.4/$G$1)","=C423-$C$3-B423","=$E$1*B423*86.4","=$G$1*G423","=TANH($E$1*B423*86.4/$G$1)","=COSH($E$1*B423*86.4/$G$1)","=(($G$1^2*1000)/($E$1*$I$1))*(H423-1)","=$J$3*EXP(-$E$1*B423*86.4/$G$1)","=J422-J423"
1,"=B423+A424","=$C$3+($G$1/($E$1*86.4))*SINH($E$1*B424*86.4/$G$1)","=C424-$C$3-B424","=$E$1*B424*86.4","=$G$1*G424","=TANH($E$1*B424*86.4/$G$1)","=COSH($E$1*B424*86.4/$G$1)","=(($G$1^2*1000)/($E$1*$I$1))*(H424-1)","=$J$3*EXP(-$E$1*B424*86.4/$G$1)","=J423-J424"
1,"=B424+A425","=$C$3+($G$1/($E$1*86.4))*SINH($E$1*B425*86.4/$G$1)","=C425-$C$3-B425","=$E$1*B425*86.4","=$G$1*G425","=TANH($E$1*B425*86.4/$G$1)","=COSH($E$1*B425*86.4/$G$1)","=(($G$1^2*1000)/($E$1*$I$1))*(H425-1)","=$J$3*EXP(-$E$1*B425*86.4/$G$1)","=J424-J425"
1,"=B425+A426","=$C$3+($G$1/($E$1*86.4))*SINH($E$1*B426*86.4/$G$1)","=C426-$C$3-B426","=$E$1*B426*86.4","=$G$1*G426","=TANH($E$1*B426*86.4/$G$1)","=COSH($E$1*B426*86.4/$G$1)","=(($G$1^2*1000)/($E$1*$I$1))*(H426-1)","=$J$3*EXP(-$E$1*B426*86.4/$G$1)","=J425-J426"
1,"=B426+A427","=$C$3+($G$1/($E$1*86.4))*SINH($E$1*B427*86.4/$G$1)","=C427-$C$3-B427","=$E$1*B427*86.4","=$G$1*G427","=TANH($E$1*B427*86.4/$G$1)","=COSH($E$1*B427*86.4/$G$1)","=(($G$1^2*1000)/($E$1*$I$1))*(H427-1)","=$J$3*EXP(-$E$1*B427*86.4/$G$1)","=J426-J427"
1,"=B427+A428","=$C$3+($G$1/($E$1*86.4))*SINH($E$1*B428*86.4/$G$1)","=C428-$C$3-B428","=$E$1*B428*86.4","=$G$1*G428","=TANH($E$1*B428*86.4/$G$1)","=COSH($E$1*B428*86.4/$G$1)","=(($G$1^2*1000)/($E$1*$I$1))*(H428-1)","=$J$3*EXP(-$E$1*B428*86.4/$G$1)","=J427-J428"
1,"=B428+A429","=$C$3+($G$1/($E$1*86.4))*SINH($E$1*B429*86.4/$G$1)","=C429-$C$3-B429","=$E$1*B429*86.4","=$G$1*G429","=TANH($E$1*B429*86.4/$G$1)","=COSH($E$1*B429*86.4/$G$1)","=(($G$1^2*1000)/($E$1*$I$1))*(H429-1)","=$J$3*EXP(-$E$1*B429*86.4/$G$1)","=J428-J429"
1,"=B429+A430","=$C$3+($G$1/($E$1*86.4))*SINH($E$1*B430*86.4/$G$1)","=C430-$C$3-B430","=$E$1*B430*86.4","=$G$1*G430","=TANH($E$1*B430*86.4/$G$1)","=COSH($E$1*B430*86.4/$G$1)","=(($G$1^2*1000)/($E$1*$I$1))*(H430-1)","=$J$3*EXP(-$E$1*B430*86.4/$G$1)","=J429-J430"
1,"=B430+A431","=$C$3+($G$1/($E$1*86.4))*SINH($E$1*B431*86.4/$G$1)","=C431-$C$3-B431","=$E$1*B431*86.4","=$G$1*G431","=TANH($E$1*B431*86.4/$G$1)","=COSH($E$1*B431*86.4/$G$1)","=(($G$1^2*1000)/($E$1*$I$1))*(H431-1)","=$J$3*EXP(-$E$1*B431*86.4/$G$1)","=J430-J431"
1,"=B431+A432","=$C$3+($G$1/($E$1*86.4))*SINH($E$1*B432*86.4/$G$1)","=C432-$C$3-B432","=$E$1*B432*86.4","=$G$1*G432","=TANH($E$1*B432*86.4/$G$1)","=COSH($E$1*B432*86.4/$G$1)","=(($G$1^2*1000)/($E$1*$I$1))*(H432-1)","=$J$3*EXP(-$E$1*B432*86.4/$G$1)","=J431-J432"
1,"=B432+A433","=$C$3+($G$1/($E$1*86.4))*SINH($E$1*B433*86.4/$G$1)","=C433-$C$3-B433","=$E$1*B433*86.4","=$G$1*G433","=TANH($E$1*B433*86.4/$G$1)","=COSH($E$1*B433*86.4/$G$1)","=(($G$1^2*1000)/($E$1*$I$1))*(H433-1)","=$J$3*EXP(-$E$1*B433*86.4/$G$1)","=J432-J433"
1,"=B433+A434","=$C$3+($G$1/($E$1*86.4))*SINH($E$1*B434*86.4/$G$1)","=C434-$C$3-B434","=$E$1*B434*86.4","=$G$1*G434","=TANH($E$1*B434*86.4/$G$1)","=COSH($E$1*B434*86.4/$G$1)","=(($G$1^2*1000)/($E$1*$I$1))*(H434-1)","=$J$3*EXP(-$E$1*B434*86.4/$G$1)","=J433-J434"
1,"=B434+A435","=$C$3+($G$1/($E$1*86.4))*SINH($E$1*B435*86.4/$G$1)","=C435-$C$3-B435","=$E$1*B435*86.4","=$G$1*G435","=TANH($E$1*B435*86.4/$G$1)","=COSH($E$1*B435*86.4/$G$1)","=(($G$1^2*1000)/($E$1*$I$1))*(H435-1)","=$J$3*EXP(-$E$1*B435*86.4/$G$1)","=J434-J435"
1,"=B435+A436","=$C$3+($G$1/($E$1*86.4))*SINH($E$1*B436*86.4/$G$1)","=C436-$C$3-B436","=$E$1*B436*86.4","=$G$1*G436","=TANH($E$1*B436*86.4/$G$1)","=COSH($E$1*B436*86.4/$G$1)","=(($G$1^2*1000)/($E$1*$I$1))*(H436-1)","=$J$3*EXP(-$E$1*B436*86.4/$G$1)","=J435-J436"
1,"=B436+A437","=$C$3+($G$1/($E$1*86.4))*SINH($E$1*B437*86.4/$G$1)","=C437-$C$3-B437","=$E$1*B437*86.4","=$G$1*G437","=TANH($E$1*B437*86.4/$G$1)","=COSH($E$1*B437*86.4/$G$1)","=(($G$1^2*1000)/($E$1*$I$1))*(H437-1)","=$J$3*EXP(-$E$1*B437*86.4/$G$1)","=J436-J437"
1,"=B437+A438","=$C$3+($G$1/($E$1*86.4))*SINH($E$1*B438*86.4/$G$1)","=C438-$C$3-B438","=$E$1*B438*86.4","=$G$1*G438","=TANH($E$1*B438*86.4/$G$1)","=COSH($E$1*B438*86.4/$G$1)","=(($G$1^2*1000)/($E$1*$I$1))*(H438-1)","=$J$3*EXP(-$E$1*B438*86.4/$G$1)","=J437-J438"
1,"=B438+A439","=$C$3+($G$1/($E$1*86.4))*SINH($E$1*B439*86.4/$G$1)","=C439-$C$3-B439","=$E$1*B439*86.4","=$G$1*G439","=TANH($E$1*B439*86.4/$G$1)","=COSH($E$1*B439*86.4/$G$1)","=(($G$1^2*1000)/($E$1*$I$1))*(H439-1)","=$J$3*EXP(-$E$1*B439*86.4/$G$1)","=J438-J439"
1,"=B439+A440","=$C$3+($G$1/($E$1*86.4))*SINH($E$1*B440*86.4/$G$1)","=C440-$C$3-B440","=$E$1*B440*86.4","=$G$1*G440","=TANH($E$1*B440*86.4/$G$1)","=COSH($E$1*B440*86.4/$G$1)","=(($G$1^2*1000)/($E$1*$I$1))*(H440-1)","=$J$3*EXP(-$E$1*B440*86.4/$G$1)","=J439-J440"
1,"=B440+A441","=$C$3+($G$1/($E$1*86.4))*SINH($E$1*B441*86.4/$G$1)","=C441-$C$3-B441","=$E$1*B441*86.4","=$G$1*G441","=TANH($E$1*B441*86.4/$G$1)","=COSH($E$1*B441*86.4/$G$1)","=(($G$1^2*1000)/($E$1*$I$1))*(H441-1)","=$J$3*EXP(-$E$1*B441*86.4/$G$1)","=J440-J441"
1,"=B441+A442","=$C$3+($G$1/($E$1*86.4))*SINH($E$1*B442*86.4/$G$1)","=C442-$C$3-B442","=$E$1*B442*86.4","=$G$1*G442","=TANH($E$1*B442*86.4/$G$1)","=COSH($E$1*B442*86.4/$G$1)","=(($G$1^2*1000)/($E$1*$I$1))*(H442-1)","=$J$3*EXP(-$E$1*B442*86.4/$G$1)","=J441-J442"
1,"=B442+A443","=$C$3+($G$1/($E$1*86.4))*SINH($E$1*B443*86.4/$G$1)","=C443-$C$3-B443","=$E$1*B443*86.4","=$G$1*G443","=TANH($E$1*B443*86.4/$G$1)","=COSH($E$1*B443*86.4/$G$1)","=(($G$1^2*1000)/($E$1*$I$1))*(H443-1)","=$J$3*EXP(-$E$1*B443*86.4/$G$1)","=J442-J443"
1,"=B443+A444","=$C$3+($G$1/($E$1*86.4))*SINH($E$1*B444*86.4/$G$1)","=C444-$C$3-B444","=$E$1*B444*86.4","=$G$1*G444","=TANH($E$1*B444*86.4/$G$1)","=COSH($E$1*B444*86.4/$G$1)","=(($G$1^2*1000)/($E$1*$I$1))*(H444-1)","=$J$3*EXP(-$E$1*B444*86.4/$G$1)","=J443-J444"
1,"=B444+A445","=$C$3+($G$1/($E$1*86.4))*SINH($E$1*B445*86.4/$G$1)","=C445-$C$3-B445","=$E$1*B445*86.4","=$G$1*G445","=TANH($E$1*B445*86.4/$G$1)","=COSH($E$1*B445*86.4/$G$1)","=(($G$1^2*1000)/($E$1*$I$1))*(H445-1)","=$J$3*EXP(-$E$1*B445*86.4/$G$1)","=J444-J445"
1,"=B445+A446","=$C$3+($G$1/($E$1*86.4))*SINH($E$1*B446*86.4/$G$1)","=C446-$C$3-B446","=$E$1*B446*86.4","=$G$1*G446","=TANH($E$1*B446*86.4/$G$1)","=COSH($E$1*B446*86.4/$G$1)","=(($G$1^2*1000)/($E$1*$I$1))*(H446-1)","=$J$3*EXP(-$E$1*B446*86.4/$G$1)","=J445-J446"
1,"=B446+A447","=$C$3+($G$1/($E$1*86.4))*SINH($E$1*B447*86.4/$G$1)","=C447-$C$3-B447","=$E$1*B447*86.4","=$G$1*G447","=TANH($E$1*B447*86.4/$G$1)","=COSH($E$1*B447*86.4/$G$1)","=(($G$1^2*1000)/($E$1*$I$1))*(H447-1)","=$J$3*EXP(-$E$1*B447*86.4/$G$1)","=J446-J447"
1,"=B447+A448","=$C$3+($G$1/($E$1*86.4))*SINH($E$1*B448*86.4/$G$1)","=C448-$C$3-B448","=$E$1*B448*86.4","=$G$1*G448","=TANH($E$1*B448*86.4/$G$1)","=COSH($E$1*B448*86.4/$G$1)","=(($G$1^2*1000)/($E$1*$I$1))*(H448-1)","=$J$3*EXP(-$E$1*B448*86.4/$G$1)","=J447-J448"
1,"=B448+A449","=$C$3+($G$1/($E$1*86.4))*SINH($E$1*B449*86.4/$G$1)","=C449-$C$3-B449","=$E$1*B449*86.4","=$G$1*G449","=TANH($E$1*B449*86.4/$G$1)","=COSH($E$1*B449*86.4/$G$1)","=(($G$1^2*1000)/($E$1*$I$1))*(H449-1)","=$J$3*EXP(-$E$1*B449*86.4/$G$1)","=J448-J449"
1,"=B449+A450","=$C$3+($G$1/($E$1*86.4))*SINH($E$1*B450*86.4/$G$1)","=C450-$C$3-B450","=$E$1*B450*86.4","=$G$1*G450","=TANH($E$1*B450*86.4/$G$1)","=COSH($E$1*B450*86.4/$G$1)","=(($G$1^2*1000)/($E$1*$I$1))*(H450-1)","=$J$3*EXP(-$E$1*B450*86.4/$G$1)","=J449-J450"
1,"=B450+A451","=$C$3+($G$1/($E$1*86.4))*SINH($E$1*B451*86.4/$G$1)","=C451-$C$3-B451","=$E$1*B451*86.4","=$G$1*G451","=TANH($E$1*B451*86.4/$G$1)","=COSH($E$1*B451*86.4/$G$1)","=(($G$1^2*1000)/($E$1*$I$1))*(H451-1)","=$J$3*EXP(-$E$1*B451*86.4/$G$1)","=J450-J451"
1,"=B451+A452","=$C$3+($G$1/($E$1*86.4))*SINH($E$1*B452*86.4/$G$1)","=C452-$C$3-B452","=$E$1*B452*86.4","=$G$1*G452","=TANH($E$1*B452*86.4/$G$1)","=COSH($E$1*B452*86.4/$G$1)","=(($G$1^2*1000)/($E$1*$I$1))*(H452-1)","=$J$3*EXP(-$E$1*B452*86.4/$G$1)","=J451-J452"
1,"=B452+A453","=$C$3+($G$1/($E$1*86.4))*SINH($E$1*B453*86.4/$G$1)","=C453-$C$3-B453","=$E$1*B453*86.4","=$G$1*G453","=TANH($E$1*B453*86.4/$G$1)","=COSH($E$1*B453*86.4/$G$1)","=(($G$1^2*1000)/($E$1*$I$1))*(H453-1)","=$J$3*EXP(-$E$1*B453*86.4/$G$1)","=J452-J453"
1,"=B453+A454","=$C$3+($G$1/($E$1*86.4))*SINH($E$1*B454*86.4/$G$1)","=C454-$C$3-B454","=$E$1*B454*86.4","=$G$1*G454","=TANH($E$1*B454*86.4/$G$1)","=COSH($E$1*B454*86.4/$G$1)","=(($G$1^2*1000)/($E$1*$I$1))*(H454-1)","=$J$3*EXP(-$E$1*B454*86.4/$G$1)","=J453-J454"
1,"=B454+A455","=$C$3+($G$1/($E$1*86.4))*SINH($E$1*B455*86.4/$G$1)","=C455-$C$3-B455","=$E$1*B455*86.4","=$G$1*G455","=TANH($E$1*B455*86.4/$G$1)","=COSH($E$1*B455*86.4/$G$1)","=(($G$1^2*1000)/($E$1*$I$1))*(H455-1)","=$J$3*EXP(-$E$1*B455*86.4/$G$1)","=J454-J455"
1,"=B455+A456","=$C$3+($G$1/($E$1*86.4))*SINH($E$1*B456*86.4/$G$1)","=C456-$C$3-B456","=$E$1*B456*86.4","=$G$1*G456","=TANH($E$1*B456*86.4/$G$1)","=COSH($E$1*B456*86.4/$G$1)","=(($G$1^2*1000)/($E$1*$I$1))*(H456-1)","=$J$3*EXP(-$E$1*B456*86.4/$G$1)","=J455-J456"
1,"=B456+A457","=$C$3+($G$1/($E$1*86.4))*SINH($E$1*B457*86.4/$G$1)","=C457-$C$3-B457","=$E$1*B457*86.4","=$G$1*G457","=TANH($E$1*B457*86.4/$G$1)","=COSH($E$1*B457*86.4/$G$1)","=(($G$1^2*1000)/($E$1*$I$1))*(H457-1)","=$J$3*EXP(-$E$1*B457*86.4/$G$1)","=J456-J457"
1,"=B457+A458","=$C$3+($G$1/($E$1*86.4))*SINH($E$1*B458*86.4/$G$1)","=C458-$C$3-B458","=$E$1*B458*86.4","=$G$1*G458","=TANH($E$1*B458*86.4/$G$1)","=COSH($E$1*B458*86.4/$G$1)","=(($G$1^2*1000)/($E$1*$I$1))*(H458-1)","=$J$3*EXP(-$E$1*B458*86.4/$G$1)","=J457-J458"
1,"=B458+A459","=$C$3+($G$1/($E$1*86.4))*SINH($E$1*B459*86.4/$G$1)","=C459-$C$3-B459","=$E$1*B459*86.4","=$G$1*G459","=TANH($E$1*B459*86.4/$G$1)","=COSH($E$1*B459*86.4/$G$1)","=(($G$1^2*1000)/($E$1*$I$1))*(H459-1)","=$J$3*EXP(-$E$1*B459*86.4/$G$1)","=J458-J459"
1,"=B459+A460","=$C$3+($G$1/($E$1*86.4))*SINH($E$1*B460*86.4/$G$1)","=C460-$C$3-B460","=$E$1*B460*86.4","=$G$1*G460","=TANH($E$1*B460*86.4/$G$1)","=COSH($E$1*B460*86.4/$G$1)","=(($G$1^2*1000)/($E$1*$I$1))*(H460-1)","=$J$3*EXP(-$E$1*B460*86.4/$G$1)","=J459-J460"
1,"=B460+A461","=$C$3+($G$1/($E$1*86.4))*SINH($E$1*B461*86.4/$G$1)","=C461-$C$3-B461","=$E$1*B461*86.4","=$G$1*G461","=TANH($E$1*B461*86.4/$G$1)","=COSH($E$1*B461*86.4/$G$1)","=(($G$1^2*1000)/($E$1*$I$1))*(H461-1)","=$J$3*EXP(-$E$1*B461*86.4/$G$1)","=J460-J461"
1,"=B461+A462","=$C$3+($G$1/($E$1*86.4))*SINH($E$1*B462*86.4/$G$1)","=C462-$C$3-B462","=$E$1*B462*86.4","=$G$1*G462","=TANH($E$1*B462*86.4/$G$1)","=COSH($E$1*B462*86.4/$G$1)","=(($G$1^2*1000)/($E$1*$I$1))*(H462-1)","=$J$3*EXP(-$E$1*B462*86.4/$G$1)","=J461-J462"
1,"=B462+A463","=$C$3+($G$1/($E$1*86.4))*SINH($E$1*B463*86.4/$G$1)","=C463-$C$3-B463","=$E$1*B463*86.4","=$G$1*G463","=TANH($E$1*B463*86.4/$G$1)","=COSH($E$1*B463*86.4/$G$1)","=(($G$1^2*1000)/($E$1*$I$1))*(H463-1)","=$J$3*EXP(-$E$1*B463*86.4/$G$1)","=J462-J463"
1,"=B463+A464","=$C$3+($G$1/($E$1*86.4))*SINH($E$1*B464*86.4/$G$1)","=C464-$C$3-B464","=$E$1*B464*86.4","=$G$1*G464","=TANH($E$1*B464*86.4/$G$1)","=COSH($E$1*B464*86.4/$G$1)","=(($G$1^2*1000)/($E$1*$I$1))*(H464-1)","=$J$3*EXP(-$E$1*B464*86.4/$G$1)","=J463-J464"
1,"=B464+A465","=$C$3+($G$1/($E$1*86.4))*SINH($E$1*B465*86.4/$G$1)","=C465-$C$3-B465","=$E$1*B465*86.4","=$G$1*G465","=TANH($E$1*B465*86.4/$G$1)","=COSH($E$1*B465*86.4/$G$1)","=(($G$1^2*1000)/($E$1*$I$1))*(H465-1)","=$J$3*EXP(-$E$1*B465*86.4/$G$1)","=J464-J465"
1,"=B465+A466","=$C$3+($G$1/($E$1*86.4))*SINH($E$1*B466*86.4/$G$1)","=C466-$C$3-B466","=$E$1*B466*86.4","=$G$1*G466","=TANH($E$1*B466*86.4/$G$1)","=COSH($E$1*B466*86.4/$G$1)","=(($G$1^2*1000)/($E$1*$I$1))*(H466-1)","=$J$3*EXP(-$E$1*B466*86.4/$G$1)","=J465-J466"
1,"=B466+A467","=$C$3+($G$1/($E$1*86.4))*SINH($E$1*B467*86.4/$G$1)","=C467-$C$3-B467","=$E$1*B467*86.4","=$G$1*G467","=TANH($E$1*B467*86.4/$G$1)","=COSH($E$1*B467*86.4/$G$1)","=(($G$1^2*1000)/($E$1*$I$1))*(H467-1)","=$J$3*EXP(-$E$1*B467*86.4/$G$1)","=J466-J467"
1,"=B467+A468","=$C$3+($G$1/($E$1*86.4))*SINH($E$1*B468*86.4/$G$1)","=C468-$C$3-B468","=$E$1*B468*86.4","=$G$1*G468","=TANH($E$1*B468*86.4/$G$1)","=COSH($E$1*B468*86.4/$G$1)","=(($G$1^2*1000)/($E$1*$I$1))*(H468-1)","=$J$3*EXP(-$E$1*B468*86.4/$G$1)","=J467-J468"
1,"=B468+A469","=$C$3+($G$1/($E$1*86.4))*SINH($E$1*B469*86.4/$G$1)","=C469-$C$3-B469","=$E$1*B469*86.4","=$G$1*G469","=TANH($E$1*B469*86.4/$G$1)","=COSH($E$1*B469*86.4/$G$1)","=(($G$1^2*1000)/($E$1*$I$1))*(H469-1)","=$J$3*EXP(-$E$1*B469*86.4/$G$1)","=J468-J469"
1,"=B469+A470","=$C$3+($G$1/($E$1*86.4))*SINH($E$1*B470*86.4/$G$1)","=C470-$C$3-B470","=$E$1*B470*86.4","=$G$1*G470","=TANH($E$1*B470*86.4/$G$1)","=COSH($E$1*B470*86.4/$G$1)","=(($G$1^2*1000)/($E$1*$I$1))*(H470-1)","=$J$3*EXP(-$E$1*B470*86.4/$G$1)","=J469-J470"
1,"=B470+A471","=$C$3+($G$1/($E$1*86.4))*SINH($E$1*B471*86.4/$G$1)","=C471-$C$3-B471","=$E$1*B471*86.4","=$G$1*G471","=TANH($E$1*B471*86.4/$G$1)","=COSH($E$1*B471*86.4/$G$1)","=(($G$1^2*1000)/($E$1*$I$1))*(H471-1)","=$J$3*EXP(-$E$1*B471*86.4/$G$1)","=J470-J471"
1,"=B471+A472","=$C$3+($G$1/($E$1*86.4))*SINH($E$1*B472*86.4/$G$1)","=C472-$C$3-B472","=$E$1*B472*86.4","=$G$1*G472","=TANH($E$1*B472*86.4/$G$1)","=COSH($E$1*B472*86.4/$G$1)","=(($G$1^2*1000)/($E$1*$I$1))*(H472-1)","=$J$3*EXP(-$E$1*B472*86.4/$G$1)","=J471-J472"
1,"=B472+A473","=$C$3+($G$1/($E$1*86.4))*SINH($E$1*B473*86.4/$G$1)","=C473-$C$3-B473","=$E$1*B473*86.4","=$G$1*G473","=TANH($E$1*B473*86.4/$G$1)","=COSH($E$1*B473*86.4/$G$1)","=(($G$1^2*1000)/($E$1*$I$1))*(H473-1)","=$J$3*EXP(-$E$1*B473*86.4/$G$1)","=J472-J473"
1,"=B473+A474","=$C$3+($G$1/($E$1*86.4))*SINH($E$1*B474*86.4/$G$1)","=C474-$C$3-B474","=$E$1*B474*86.4","=$G$1*G474","=TANH($E$1*B474*86.4/$G$1)","=COSH($E$1*B474*86.4/$G$1)","=(($G$1^2*1000)/($E$1*$I$1))*(H474-1)","=$J$3*EXP(-$E$1*B474*86.4/$G$1)","=J473-J474"
1,"=B474+A475","=$C$3+($G$1/($E$1*86.4))*SINH($E$1*B475*86.4/$G$1)","=C475-$C$3-B475","=$E$1*B475*86.4","=$G$1*G475","=TANH($E$1*B475*86.4/$G$1)","=COSH($E$1*B475*86.4/$G$1)","=(($G$1^2*1000)/($E$1*$I$1))*(H475-1)","=$J$3*EXP(-$E$1*B475*86.4/$G$1)","=J474-J475"
1,"=B475+A476","=$C$3+($G$1/($E$1*86.4))*SINH($E$1*B476*86.4/$G$1)","=C476-$C$3-B476","=$E$1*B476*86.4","=$G$1*G476","=TANH($E$1*B476*86.4/$G$1)","=COSH($E$1*B476*86.4/$G$1)","=(($G$1^2*1000)/($E$1*$I$1))*(H476-1)","=$J$3*EXP(-$E$1*B476*86.4/$G$1)","=J475-J476"
1,"=B476+A477","=$C$3+($G$1/($E$1*86.4))*SINH($E$1*B477*86.4/$G$1)","=C477-$C$3-B477","=$E$1*B477*86.4","=$G$1*G477","=TANH($E$1*B477*86.4/$G$1)","=COSH($E$1*B477*86.4/$G$1)","=(($G$1^2*1000)/($E$1*$I$1))*(H477-1)","=$J$3*EXP(-$E$1*B477*86.4/$G$1)","=J476-J477"
1,"=B477+A478","=$C$3+($G$1/($E$1*86.4))*SINH($E$1*B478*86.4/$G$1)","=C478-$C$3-B478","=$E$1*B478*86.4","=$G$1*G478","=TANH($E$1*B478*86.4/$G$1)","=COSH($E$1*B478*86.4/$G$1)","=(($G$1^2*1000)/($E$1*$I$1))*(H478-1)","=$J$3*EXP(-$E$1*B478*86.4/$G$1)","=J477-J478"
1,"=B478+A479","=$C$3+($G$1/($E$1*86.4))*SINH($E$1*B479*86.4/$G$1)","=C479-$C$3-B479","=$E$1*B479*86.4","=$G$1*G479","=TANH($E$1*B479*86.4/$G$1)","=COSH($E$1*B479*86.4/$G$1)","=(($G$1^2*1000)/($E$1*$I$1))*(H479-1)","=$J$3*EXP(-$E$1*B479*86.4/$G$1)","=J478-J479"
1,"=B479+A480","=$C$3+($G$1/($E$1*86.4))*SINH($E$1*B480*86.4/$G$1)","=C480-$C$3-B480","=$E$1*B480*86.4","=$G$1*G480","=TANH($E$1*B480*86.4/$G$1)","=COSH($E$1*B480*86.4/$G$1)","=(($G$1^2*1000)/($E$1*$I$1))*(H480-1)","=$J$3*EXP(-$E$1*B480*86.4/$G$1)","=J479-J480"
1,"=B480+A481","=$C$3+($G$1/($E$1*86.4))*SINH($E$1*B481*86.4/$G$1)","=C481-$C$3-B481","=$E$1*B481*86.4","=$G$1*G481","=TANH($E$1*B481*86.4/$G$1)","=COSH($E$1*B481*86.4/$G$1)","=(($G$1^2*1000)/($E$1*$I$1))*(H481-1)","=$J$3*EXP(-$E$1*B481*86.4/$G$1)","=J480-J481"
1,"=B481+A482","=$C$3+($G$1/($E$1*86.4))*SINH($E$1*B482*86.4/$G$1)","=C482-$C$3-B482","=$E$1*B482*86.4","=$G$1*G482","=TANH($E$1*B482*86.4/$G$1)","=COSH($E$1*B482*86.4/$G$1)","=(($G$1^2*1000)/($E$1*$I$1))*(H482-1)","=$J$3*EXP(-$E$1*B482*86.4/$G$1)","=J481-J482"
1,"=B482+A483","=$C$3+($G$1/($E$1*86.4))*SINH($E$1*B483*86.4/$G$1)","=C483-$C$3-B483","=$E$1*B483*86.4","=$G$1*G483","=TANH($E$1*B483*86.4/$G$1)","=COSH($E$1*B483*86.4/$G$1)","=(($G$1^2*1000)/($E$1*$I$1))*(H483-1)","=$J$3*EXP(-$E$1*B483*86.4/$G$1)","=J482-J483"
1,"=B483+A484","=$C$3+($G$1/($E$1*86.4))*SINH($E$1*B484*86.4/$G$1)","=C484-$C$3-B484","=$E$1*B484*86.4","=$G$1*G484","=TANH($E$1*B484*86.4/$G$1)","=COSH($E$1*B484*86.4/$G$1)","=(($G$1^2*1000)/($E$1*$I$1))*(H484-1)","=$J$3*EXP(-$E$1*B484*86.4/$G$1)","=J483-J484"
1,"=B484+A485","=$C$3+($G$1/($E$1*86.4))*SINH($E$1*B485*86.4/$G$1)","=C485-$C$3-B485","=$E$1*B485*86.4","=$G$1*G485","=TANH($E$1*B485*86.4/$G$1)","=COSH($E$1*B485*86.4/$G$1)","=(($G$1^2*1000)/($E$1*$I$1))*(H485-1)","=$J$3*EXP(-$E$1*B485*86.4/$G$1)","=J484-J485"
1,"=B485+A486","=$C$3+($G$1/($E$1*86.4))*SINH($E$1*B486*86.4/$G$1)","=C486-$C$3-B486","=$E$1*B486*86.4","=$G$1*G486","=TANH($E$1*B486*86.4/$G$1)","=COSH($E$1*B486*86.4/$G$1)","=(($G$1^2*1000)/($E$1*$I$1))*(H486-1)","=$J$3*EXP(-$E$1*B486*86.4/$G$1)","=J485-J486"
1,"=B486+A487","=$C$3+($G$1/($E$1*86.4))*SINH($E$1*B487*86.4/$G$1)","=C487-$C$3-B487","=$E$1*B487*86.4","=$G$1*G487","=TANH($E$1*B487*86.4/$G$1)","=COSH($E$1*B487*86.4/$G$1)","=(($G$1^2*1000)/($E$1*$I$1))*(H487-1)","=$J$3*EXP(-$E$1*B487*86.4/$G$1)","=J486-J487"
1,"=B487+A488","=$C$3+($G$1/($E$1*86.4))*SINH($E$1*B488*86.4/$G$1)","=C488-$C$3-B488","=$E$1*B488*86.4","=$G$1*G488","=TANH($E$1*B488*86.4/$G$1)","=COSH($E$1*B488*86.4/$G$1)","=(($G$1^2*1000)/($E$1*$I$1))*(H488-1)","=$J$3*EXP(-$E$1*B488*86.4/$G$1)","=J487-J488"
1,"=B488+A489","=$C$3+($G$1/($E$1*86.4))*SINH($E$1*B489*86.4/$G$1)","=C489-$C$3-B489","=$E$1*B489*86.4","=$G$1*G489","=TANH($E$1*B489*86.4/$G$1)","=COSH($E$1*B489*86.4/$G$1)","=(($G$1^2*1000)/($E$1*$I$1))*(H489-1)","=$J$3*EXP(-$E$1*B489*86.4/$G$1)","=J488-J489"
1,"=B489+A490","=$C$3+($G$1/($E$1*86.4))*SINH($E$1*B490*86.4/$G$1)","=C490-$C$3-B490","=$E$1*B490*86.4","=$G$1*G490","=TANH($E$1*B490*86.4/$G$1)","=COSH($E$1*B490*86.4/$G$1)","=(($G$1^2*1000)/($E$1*$I$1))*(H490-1)","=$J$3*EXP(-$E$1*B490*86.4/$G$1)","=J489-J490"
1,"=B490+A491","=$C$3+($G$1/($E$1*86.4))*SINH($E$1*B491*86.4/$G$1)","=C491-$C$3-B491","=$E$1*B491*86.4","=$G$1*G491","=TANH($E$1*B491*86.4/$G$1)","=COSH($E$1*B491*86.4/$G$1)","=(($G$1^2*1000)/($E$1*$I$1))*(H491-1)","=$J$3*EXP(-$E$1*B491*86.4/$G$1)","=J490-J491"
1,"=B491+A492","=$C$3+($G$1/($E$1*86.4))*SINH($E$1*B492*86.4/$G$1)","=C492-$C$3-B492","=$E$1*B492*86.4","=$G$1*G492","=TANH($E$1*B492*86.4/$G$1)","=COSH($E$1*B492*86.4/$G$1)","=(($G$1^2*1000)/($E$1*$I$1))*(H492-1)","=$J$3*EXP(-$E$1*B492*86.4/$G$1)","=J491-J492"
1,"=B492+A493","=$C$3+($G$1/($E$1*86.4))*SINH($E$1*B493*86.4/$G$1)","=C493-$C$3-B493","=$E$1*B493*86.4","=$G$1*G493","=TANH($E$1*B493*86.4/$G$1)","=COSH($E$1*B493*86.4/$G$1)","=(($G$1^2*1000)/($E$1*$I$1))*(H493-1)","=$J$3*EXP(-$E$1*B493*86.4/$G$1)","=J492-J493"
1,"=B493+A494","=$C$3+($G$1/($E$1*86.4))*SINH($E$1*B494*86.4/$G$1)","=C494-$C$3-B494","=$E$1*B494*86.4","=$G$1*G494","=TANH($E$1*B494*86.4/$G$1)","=COSH($E$1*B494*86.4/$G$1)","=(($G$1^2*1000)/($E$1*$I$1))*(H494-1)","=$J$3*EXP(-$E$1*B494*86.4/$G$1)","=J493-J494"
1,"=B494+A495","=$C$3+($G$1/($E$1*86.4))*SINH($E$1*B495*86.4/$G$1)","=C495-$C$3-B495","=$E$1*B495*86.4","=$G$1*G495","=TANH($E$1*B495*86.4/$G$1)","=COSH($E$1*B495*86.4/$G$1)","=(($G$1^2*1000)/($E$1*$I$1))*(H495-1)","=$J$3*EXP(-$E$1*B495*86.4/$G$1)","=J494-J495"
1,"=B495+A496","=$C$3+($G$1/($E$1*86.4))*SINH($E$1*B496*86.4/$G$1)","=C496-$C$3-B496","=$E$1*B496*86.4","=$G$1*G496","=TANH($E$1*B496*86.4/$G$1)","=COSH($E$1*B496*86.4/$G$1)","=(($G$1^2*1000)/($E$1*$I$1))*(H496-1)","=$J$3*EXP(-$E$1*B496*86.4/$G$1)","=J495-J496"
1,"=B496+A497","=$C$3+($G$1/($E$1*86.4))*SINH($E$1*B497*86.4/$G$1)","=C497-$C$3-B497","=$E$1*B497*86.4","=$G$1*G497","=TANH($E$1*B497*86.4/$G$1)","=COSH($E$1*B497*86.4/$G$1)","=(($G$1^2*1000)/($E$1*$I$1))*(H497-1)","=$J$3*EXP(-$E$1*B497*86.4/$G$1)","=J496-J497"
1,"=B497+A498","=$C$3+($G$1/($E$1*86.4))*SINH($E$1*B498*86.4/$G$1)","=C498-$C$3-B498","=$E$1*B498*86.4","=$G$1*G498","=TANH($E$1*B498*86.4/$G$1)","=COSH($E$1*B498*86.4/$G$1)","=(($G$1^2*1000)/($E$1*$I$1))*(H498-1)","=$J$3*EXP(-$E$1*B498*86.4/$G$1)","=J497-J498"
1,"=B498+A499","=$C$3+($G$1/($E$1*86.4))*SINH($E$1*B499*86.4/$G$1)","=C499-$C$3-B499","=$E$1*B499*86.4","=$G$1*G499","=TANH($E$1*B499*86.4/$G$1)","=COSH($E$1*B499*86.4/$G$1)","=(($G$1^2*1000)/($E$1*$I$1))*(H499-1)","=$J$3*EXP(-$E$1*B499*86.4/$G$1)","=J498-J499"
1,"=B499+A500","=$C$3+($G$1/($E$1*86.4))*SINH($E$1*B500*86.4/$G$1)","=C500-$C$3-B500","=$E$1*B500*86.4","=$G$1*G500","=TANH($E$1*B500*86.4/$G$1)","=COSH($E$1*B500*86.4/$G$1)","=(($G$1^2*1000)/($E$1*$I$1))*(H500-1)","=$J$3*EXP(-$E$1*B500*86.4/$G$1)","=J499-J500"
1,"=B500+A501","=$C$3+($G$1/($E$1*86.4))*SINH($E$1*B501*86.4/$G$1)","=C501-$C$3-B501","=$E$1*B501*86.4","=$G$1*G501","=TANH($E$1*B501*86.4/$G$1)","=COSH($E$1*B501*86.4/$G$1)","=(($G$1^2*1000)/($E$1*$I$1))*(H501-1)","=$J$3*EXP(-$E$1*B501*86.4/$G$1)","=J500-J501"
1,"=B501+A502","=$C$3+($G$1/($E$1*86.4))*SINH($E$1*B502*86.4/$G$1)","=C502-$C$3-B502","=$E$1*B502*86.4","=$G$1*G502","=TANH($E$1*B502*86.4/$G$1)","=COSH($E$1*B502*86.4/$G$1)","=(($G$1^2*1000)/($E$1*$I$1))*(H502-1)","=$J$3*EXP(-$E$1*B502*86.4/$G$1)","=J501-J502"
1,"=B502+A503","=$C$3+($G$1/($E$1*86.4))*SINH($E$1*B503*86.4/$G$1)","=C503-$C$3-B503","=$E$1*B503*86.4","=$G$1*G503","=TANH($E$1*B503*86.4/$G$1)","=COSH($E$1*B503*86.4/$G$1)","=(($G$1^2*1000)/($E$1*$I$1))*(H503-1)","=$J$3*EXP(-$E$1*B503*86.4/$G$1)","=J502-J503"
1,"=B503+A504","=$C$3+($G$1/($E$1*86.4))*SINH($E$1*B504*86.4/$G$1)","=C504-$C$3-B504","=$E$1*B504*86.4","=$G$1*G504","=TANH($E$1*B504*86.4/$G$1)","=COSH($E$1*B504*86.4/$G$1)","=(($G$1^2*1000)/($E$1*$I$1))*(H504-1)","=$J$3*EXP(-$E$1*B504*86.4/$G$1)","=J503-J504"
1,"=B504+A505","=$C$3+($G$1/($E$1*86.4))*SINH($E$1*B505*86.4/$G$1)","=C505-$C$3-B505","=$E$1*B505*86.4","=$G$1*G505","=TANH($E$1*B505*86.4/$G$1)","=COSH($E$1*B505*86.4/$G$1)","=(($G$1^2*1000)/($E$1*$I$1))*(H505-1)","=$J$3*EXP(-$E$1*B505*86.4/$G$1)","=J504-J505"
1,"=B505+A506","=$C$3+($G$1/($E$1*86.4))*SINH($E$1*B506*86.4/$G$1)","=C506-$C$3-B506","=$E$1*B506*86.4","=$G$1*G506","=TANH($E$1*B506*86.4/$G$1)","=COSH($E$1*B506*86.4/$G$1)","=(($G$1^2*1000)/($E$1*$I$1))*(H506-1)","=$J$3*EXP(-$E$1*B506*86.4/$G$1)","=J505-J506"
1,"=B506+A507","=$C$3+($G$1/($E$1*86.4))*SINH($E$1*B507*86.4/$G$1)","=C507-$C$3-B507","=$E$1*B507*86.4","=$G$1*G507","=TANH($E$1*B507*86.4/$G$1)","=COSH($E$1*B507*86.4/$G$1)","=(($G$1^2*1000)/($E$1*$I$1))*(H507-1)","=$J$3*EXP(-$E$1*B507*86.4/$G$1)","=J506-J507"
1,"=B507+A508","=$C$3+($G$1/($E$1*86.4))*SINH($E$1*B508*86.4/$G$1)","=C508-$C$3-B508","=$E$1*B508*86.4","=$G$1*G508","=TANH($E$1*B508*86.4/$G$1)","=COSH($E$1*B508*86.4/$G$1)","=(($G$1^2*1000)/($E$1*$I$1))*(H508-1)","=$J$3*EXP(-$E$1*B508*86.4/$G$1)","=J507-J508"
1,"=B508+A509","=$C$3+($G$1/($E$1*86.4))*SINH($E$1*B509*86.4/$G$1)","=C509-$C$3-B509","=$E$1*B509*86.4","=$G$1*G509","=TANH($E$1*B509*86.4/$G$1)","=COSH($E$1*B509*86.4/$G$1)","=(($G$1^2*1000)/($E$1*$I$1))*(H509-1)","=$J$3*EXP(-$E$1*B509*86.4/$G$1)","=J508-J509"
1,"=B509+A510","=$C$3+($G$1/($E$1*86.4))*SINH($E$1*B510*86.4/$G$1)","=C510-$C$3-B510","=$E$1*B510*86.4","=$G$1*G510","=TANH($E$1*B510*86.4/$G$1)","=COSH($E$1*B510*86.4/$G$1)","=(($G$1^2*1000)/($E$1*$I$1))*(H510-1)","=$J$3*EXP(-$E$1*B510*86.4/$G$1)","=J509-J510"
1,"=B510+A511","=$C$3+($G$1/($E$1*86.4))*SINH($E$1*B511*86.4/$G$1)","=C511-$C$3-B511","=$E$1*B511*86.4","=$G$1*G511","=TANH($E$1*B511*86.4/$G$1)","=COSH($E$1*B511*86.4/$G$1)","=(($G$1^2*1000)/($E$1*$I$1))*(H511-1)","=$J$3*EXP(-$E$1*B511*86.4/$G$1)","=J510-J511"
1,"=B511+A512","=$C$3+($G$1/($E$1*86.4))*SINH($E$1*B512*86.4/$G$1)","=C512-$C$3-B512","=$E$1*B512*86.4","=$G$1*G512","=TANH($E$1*B512*86.4/$G$1)","=COSH($E$1*B512*86.4/$G$1)","=(($G$1^2*1000)/($E$1*$I$1))*(H512-1)","=$J$3*EXP(-$E$1*B512*86.4/$G$1)","=J511-J512"
1,"=B512+A513","=$C$3+($G$1/($E$1*86.4))*SINH($E$1*B513*86.4/$G$1)","=C513-$C$3-B513","=$E$1*B513*86.4","=$G$1*G513","=TANH($E$1*B513*86.4/$G$1)","=COSH($E$1*B513*86.4/$G$1)","=(($G$1^2*1000)/($E$1*$I$1))*(H513-1)","=$J$3*EXP(-$E$1*B513*86.4/$G$1)","=J512-J513"
1,"=B513+A514","=$C$3+($G$1/($E$1*86.4))*SINH($E$1*B514*86.4/$G$1)","=C514-$C$3-B514","=$E$1*B514*86.4","=$G$1*G514","=TANH($E$1*B514*86.4/$G$1)","=COSH($E$1*B514*86.4/$G$1)","=(($G$1^2*1000)/($E$1*$I$1))*(H514-1)","=$J$3*EXP(-$E$1*B514*86.4/$G$1)","=J513-J514"
1,"=B514+A515","=$C$3+($G$1/($E$1*86.4))*SINH($E$1*B515*86.4/$G$1)","=C515-$C$3-B515","=$E$1*B515*86.4","=$G$1*G515","=TANH($E$1*B515*86.4/$G$1)","=COSH($E$1*B515*86.4/$G$1)","=(($G$1^2*1000)/($E$1*$I$1))*(H515-1)","=$J$3*EXP(-$E$1*B515*86.4/$G$1)","=J514-J515"
1,"=B515+A516","=$C$3+($G$1/($E$1*86.4))*SINH($E$1*B516*86.4/$G$1)","=C516-$C$3-B516","=$E$1*B516*86.4","=$G$1*G516","=TANH($E$1*B516*86.4/$G$1)","=COSH($E$1*B516*86.4/$G$1)","=(($G$1^2*1000)/($E$1*$I$1))*(H516-1)","=$J$3*EXP(-$E$1*B516*86.4/$G$1)","=J515-J516"
1,"=B516+A517","=$C$3+($G$1/($E$1*86.4))*SINH($E$1*B517*86.4/$G$1)","=C517-$C$3-B517","=$E$1*B517*86.4","=$G$1*G517","=TANH($E$1*B517*86.4/$G$1)","=COSH($E$1*B517*86.4/$G$1)","=(($G$1^2*1000)/($E$1*$I$1))*(H517-1)","=$J$3*EXP(-$E$1*B517*86.4/$G$1)","=J516-J517"
1,"=B517+A518","=$C$3+($G$1/($E$1*86.4))*SINH($E$1*B518*86.4/$G$1)","=C518-$C$3-B518","=$E$1*B518*86.4","=$G$1*G518","=TANH($E$1*B518*86.4/$G$1)","=COSH($E$1*B518*86.4/$G$1)","=(($G$1^2*1000)/($E$1*$I$1))*(H518-1)","=$J$3*EXP(-$E$1*B518*86.4/$G$1)","=J517-J518"
1,"=B518+A519","=$C$3+($G$1/($E$1*86.4))*SINH($E$1*B519*86.4/$G$1)","=C519-$C$3-B519","=$E$1*B519*86.4","=$G$1*G519","=TANH($E$1*B519*86.4/$G$1)","=COSH($E$1*B519*86.4/$G$1)","=(($G$1^2*1000)/($E$1*$I$1))*(H519-1)","=$J$3*EXP(-$E$1*B519*86.4/$G$1)","=J518-J519"
1,"=B519+A520","=$C$3+($G$1/($E$1*86.4))*SINH($E$1*B520*86.4/$G$1)","=C520-$C$3-B520","=$E$1*B520*86.4","=$G$1*G520","=TANH($E$1*B520*86.4/$G$1)","=COSH($E$1*B520*86.4/$G$1)","=(($G$1^2*1000)/($E$1*$I$1))*(H520-1)","=$J$3*EXP(-$E$1*B520*86.4/$G$1)","=J519-J520"
1,"=B520+A521","=$C$3+($G$1/($E$1*86.4))*SINH($E$1*B521*86.4/$G$1)","=C521-$C$3-B521","=$E$1*B521*86.4","=$G$1*G521","=TANH($E$1*B521*86.4/$G$1)","=COSH($E$1*B521*86.4/$G$1)","=(($G$1^2*1000)/($E$1*$I$1))*(H521-1)","=$J$3*EXP(-$E$1*B521*86.4/$G$1)","=J520-J521"
1,"=B521+A522","=$C$3+($G$1/($E$1*86.4))*SINH($E$1*B522*86.4/$G$1)","=C522-$C$3-B522","=$E$1*B522*86.4","=$G$1*G522","=TANH($E$1*B522*86.4/$G$1)","=COSH($E$1*B522*86.4/$G$1)","=(($G$1^2*1000)/($E$1*$I$1))*(H522-1)","=$J$3*EXP(-$E$1*B522*86.4/$G$1)","=J521-J522"
1,"=B522+A523","=$C$3+($G$1/($E$1*86.4))*SINH($E$1*B523*86.4/$G$1)","=C523-$C$3-B523","=$E$1*B523*86.4","=$G$1*G523","=TANH($E$1*B523*86.4/$G$1)","=COSH($E$1*B523*86.4/$G$1)","=(($G$1^2*1000)/($E$1*$I$1))*(H523-1)","=$J$3*EXP(-$E$1*B523*86.4/$G$1)","=J522-J523"
1,"=B523+A524","=$C$3+($G$1/($E$1*86.4))*SINH($E$1*B524*86.4/$G$1)","=C524-$C$3-B524","=$E$1*B524*86.4","=$G$1*G524","=TANH($E$1*B524*86.4/$G$1)","=COSH($E$1*B524*86.4/$G$1)","=(($G$1^2*1000)/($E$1*$I$1))*(H524-1)","=$J$3*EXP(-$E$1*B524*86.4/$G$1)","=J523-J524"
1,"=B524+A525","=$C$3+($G$1/($E$1*86.4))*SINH($E$1*B525*86.4/$G$1)","=C525-$C$3-B525","=$E$1*B525*86.4","=$G$1*G525","=TANH($E$1*B525*86.4/$G$1)","=COSH($E$1*B525*86.4/$G$1)","=(($G$1^2*1000)/($E$1*$I$1))*(H525-1)","=$J$3*EXP(-$E$1*B525*86.4/$G$1)","=J524-J525"
1,"=B525+A526","=$C$3+($G$1/($E$1*86.4))*SINH($E$1*B526*86.4/$G$1)","=C526-$C$3-B526","=$E$1*B526*86.4","=$G$1*G526","=TANH($E$1*B526*86.4/$G$1)","=COSH($E$1*B526*86.4/$G$1)","=(($G$1^2*1000)/($E$1*$I$1))*(H526-1)","=$J$3*EXP(-$E$1*B526*86.4/$G$1)","=J525-J526"
1,"=B526+A527","=$C$3+($G$1/($E$1*86.4))*SINH($E$1*B527*86.4/$G$1)","=C527-$C$3-B527","=$E$1*B527*86.4","=$G$1*G527","=TANH($E$1*B527*86.4/$G$1)","=COSH($E$1*B527*86.4/$G$1)","=(($G$1^2*1000)/($E$1*$I$1))*(H527-1)","=$J$3*EXP(-$E$1*B527*86.4/$G$1)","=J526-J527"
1,"=B527+A528","=$C$3+($G$1/($E$1*86.4))*SINH($E$1*B528*86.4/$G$1)","=C528-$C$3-B528","=$E$1*B528*86.4","=$G$1*G528","=TANH($E$1*B528*86.4/$G$1)","=COSH($E$1*B528*86.4/$G$1)","=(($G$1^2*1000)/($E$1*$I$1))*(H528-1)","=$J$3*EXP(-$E$1*B528*86.4/$G$1)","=J527-J528"
1,"=B528+A529","=$C$3+($G$1/($E$1*86.4))*SINH($E$1*B529*86.4/$G$1)","=C529-$C$3-B529","=$E$1*B529*86.4","=$G$1*G529","=TANH($E$1*B529*86.4/$G$1)","=COSH($E$1*B529*86.4/$G$1)","=(($G$1^2*1000)/($E$1*$I$1))*(H529-1)","=$J$3*EXP(-$E$1*B529*86.4/$G$1)","=J528-J529"
1,"=B529+A530","=$C$3+($G$1/($E$1*86.4))*SINH($E$1*B530*86.4/$G$1)","=C530-$C$3-B530","=$E$1*B530*86.4","=$G$1*G530","=TANH($E$1*B530*86.4/$G$1)","=COSH($E$1*B530*86.4/$G$1)","=(($G$1^2*1000)/($E$1*$I$1))*(H530-1)","=$J$3*EXP(-$E$1*B530*86.4/$G$1)","=J529-J530"
1,"=B530+A531","=$C$3+($G$1/($E$1*86.4))*SINH($E$1*B531*86.4/$G$1)","=C531-$C$3-B531","=$E$1*B531*86.4","=$G$1*G531","=TANH($E$1*B531*86.4/$G$1)","=COSH($E$1*B531*86.4/$G$1)","=(($G$1^2*1000)/($E$1*$I$1))*(H531-1)","=$J$3*EXP(-$E$1*B531*86.4/$G$1)","=J530-J531"
1,"=B531+A532","=$C$3+($G$1/($E$1*86.4))*SINH($E$1*B532*86.4/$G$1)","=C532-$C$3-B532","=$E$1*B532*86.4","=$G$1*G532","=TANH($E$1*B532*86.4/$G$1)","=COSH($E$1*B532*86.4/$G$1)","=(($G$1^2*1000)/($E$1*$I$1))*(H532-1)","=$J$3*EXP(-$E$1*B532*86.4/$G$1)","=J531-J532"
1,"=B532+A533","=$C$3+($G$1/($E$1*86.4))*SINH($E$1*B533*86.4/$G$1)","=C533-$C$3-B533","=$E$1*B533*86.4","=$G$1*G533","=TANH($E$1*B533*86.4/$G$1)","=COSH($E$1*B533*86.4/$G$1)","=(($G$1^2*1000)/($E$1*$I$1))*(H533-1)","=$J$3*EXP(-$E$1*B533*86.4/$G$1)","=J532-J533"
1,"=B533+A534","=$C$3+($G$1/($E$1*86.4))*SINH($E$1*B534*86.4/$G$1)","=C534-$C$3-B534","=$E$1*B534*86.4","=$G$1*G534","=TANH($E$1*B534*86.4/$G$1)","=COSH($E$1*B534*86.4/$G$1)","=(($G$1^2*1000)/($E$1*$I$1))*(H534-1)","=$J$3*EXP(-$E$1*B534*86.4/$G$1)","=J533-J534"
1,"=B534+A535","=$C$3+($G$1/($E$1*86.4))*SINH($E$1*B535*86.4/$G$1)","=C535-$C$3-B535","=$E$1*B535*86.4","=$G$1*G535","=TANH($E$1*B535*86.4/$G$1)","=COSH($E$1*B535*86.4/$G$1)","=(($G$1^2*1000)/($E$1*$I$1))*(H535-1)","=$J$3*EXP(-$E$1*B535*86.4/$G$1)","=J534-J535"
1,"=B535+A536","=$C$3+($G$1/($E$1*86.4))*SINH($E$1*B536*86.4/$G$1)","=C536-$C$3-B536","=$E$1*B536*86.4","=$G$1*G536","=TANH($E$1*B536*86.4/$G$1)","=COSH($E$1*B536*86.4/$G$1)","=(($G$1^2*1000)/($E$1*$I$1))*(H536-1)","=$J$3*EXP(-$E$1*B536*86.4/$G$1)","=J535-J536"
1,"=B536+A537","=$C$3+($G$1/($E$1*86.4))*SINH($E$1*B537*86.4/$G$1)","=C537-$C$3-B537","=$E$1*B537*86.4","=$G$1*G537","=TANH($E$1*B537*86.4/$G$1)","=COSH($E$1*B537*86.4/$G$1)","=(($G$1^2*1000)/($E$1*$I$1))*(H537-1)","=$J$3*EXP(-$E$1*B537*86.4/$G$1)","=J536-J537"
1,"=B537+A538","=$C$3+($G$1/($E$1*86.4))*SINH($E$1*B538*86.4/$G$1)","=C538-$C$3-B538","=$E$1*B538*86.4","=$G$1*G538","=TANH($E$1*B538*86.4/$G$1)","=COSH($E$1*B538*86.4/$G$1)","=(($G$1^2*1000)/($E$1*$I$1))*(H538-1)","=$J$3*EXP(-$E$1*B538*86.4/$G$1)","=J537-J538"
1,"=B538+A539","=$C$3+($G$1/($E$1*86.4))*SINH($E$1*B539*86.4/$G$1)","=C539-$C$3-B539","=$E$1*B539*86.4","=$G$1*G539","=TANH($E$1*B539*86.4/$G$1)","=COSH($E$1*B539*86.4/$G$1)","=(($G$1^2*1000)/($E$1*$I$1))*(H539-1)","=$J$3*EXP(-$E$1*B539*86.4/$G$1)","=J538-J539"
1,"=B539+A540","=$C$3+($G$1/($E$1*86.4))*SINH($E$1*B540*86.4/$G$1)","=C540-$C$3-B540","=$E$1*B540*86.4","=$G$1*G540","=TANH($E$1*B540*86.4/$G$1)","=COSH($E$1*B540*86.4/$G$1)","=(($G$1^2*1000)/($E$1*$I$1))*(H540-1)","=$J$3*EXP(-$E$1*B540*86.4/$G$1)","=J539-J540"
1,"=B540+A541","=$C$3+($G$1/($E$1*86.4))*SINH($E$1*B541*86.4/$G$1)","=C541-$C$3-B541","=$E$1*B541*86.4","=$G$1*G541","=TANH($E$1*B541*86.4/$G$1)","=COSH($E$1*B541*86.4/$G$1)","=(($G$1^2*1000)/($E$1*$I$1))*(H541-1)","=$J$3*EXP(-$E$1*B541*86.4/$G$1)","=J540-J541"
1,"=B541+A542","=$C$3+($G$1/($E$1*86.4))*SINH($E$1*B542*86.4/$G$1)","=C542-$C$3-B542","=$E$1*B542*86.4","=$G$1*G542","=TANH($E$1*B542*86.4/$G$1)","=COSH($E$1*B542*86.4/$G$1)","=(($G$1^2*1000)/($E$1*$I$1))*(H542-1)","=$J$3*EXP(-$E$1*B542*86.4/$G$1)","=J541-J542"
1,"=B542+A543","=$C$3+($G$1/($E$1*86.4))*SINH($E$1*B543*86.4/$G$1)","=C543-$C$3-B543","=$E$1*B543*86.4","=$G$1*G543","=TANH($E$1*B543*86.4/$G$1)","=COSH($E$1*B543*86.4/$G$1)","=(($G$1^2*1000)/($E$1*$I$1))*(H543-1)","=$J$3*EXP(-$E$1*B543*86.4/$G$1)","=J542-J543"
1,"=B543+A544","=$C$3+($G$1/($E$1*86.4))*SINH($E$1*B544*86.4/$G$1)","=C544-$C$3-B544","=$E$1*B544*86.4","=$G$1*G544","=TANH($E$1*B544*86.4/$G$1)","=COSH($E$1*B544*86.4/$G$1)","=(($G$1^2*1000)/($E$1*$I$1))*(H544-1)","=$J$3*EXP(-$E$1*B544*86.4/$G$1)","=J543-J544"
1,"=B544+A545","=$C$3+($G$1/($E$1*86.4))*SINH($E$1*B545*86.4/$G$1)","=C545-$C$3-B545","=$E$1*B545*86.4","=$G$1*G545","=TANH($E$1*B545*86.4/$G$1)","=COSH($E$1*B545*86.4/$G$1)","=(($G$1^2*1000)/($E$1*$I$1))*(H545-1)","=$J$3*EXP(-$E$1*B545*86.4/$G$1)","=J544-J545"
1,"=B545+A546","=$C$3+($G$1/($E$1*86.4))*SINH($E$1*B546*86.4/$G$1)","=C546-$C$3-B546","=$E$1*B546*86.4","=$G$1*G546","=TANH($E$1*B546*86.4/$G$1)","=COSH($E$1*B546*86.4/$G$1)","=(($G$1^2*1000)/($E$1*$I$1))*(H546-1)","=$J$3*EXP(-$E$1*B546*86.4/$G$1)","=J545-J546"
1,"=B546+A547","=$C$3+($G$1/($E$1*86.4))*SINH($E$1*B547*86.4/$G$1)","=C547-$C$3-B547","=$E$1*B547*86.4","=$G$1*G547","=TANH($E$1*B547*86.4/$G$1)","=COSH($E$1*B547*86.4/$G$1)","=(($G$1^2*1000)/($E$1*$I$1))*(H547-1)","=$J$3*EXP(-$E$1*B547*86.4/$G$1)","=J546-J547"
1,"=B547+A548","=$C$3+($G$1/($E$1*86.4))*SINH($E$1*B548*86.4/$G$1)","=C548-$C$3-B548","=$E$1*B548*86.4","=$G$1*G548","=TANH($E$1*B548*86.4/$G$1)","=COSH($E$1*B548*86.4/$G$1)","=(($G$1^2*1000)/($E$1*$I$1))*(H548-1)","=$J$3*EXP(-$E$1*B548*86.4/$G$1)","=J547-J548"
1,"=B548+A549","=$C$3+($G$1/($E$1*86.4))*SINH($E$1*B549*86.4/$G$1)","=C549-$C$3-B549","=$E$1*B549*86.4","=$G$1*G549","=TANH($E$1*B549*86.4/$G$1)","=COSH($E$1*B549*86.4/$G$1)","=(($G$1^2*1000)/($E$1*$I$1))*(H549-1)","=$J$3*EXP(-$E$1*B549*86.4/$G$1)","=J548-J549"
1,"=B549+A550","=$C$3+($G$1/($E$1*86.4))*SINH($E$1*B550*86.4/$G$1)","=C550-$C$3-B550","=$E$1*B550*86.4","=$G$1*G550","=TANH($E$1*B550*86.4/$G$1)","=COSH($E$1*B550*86.4/$G$1)","=(($G$1^2*1000)/($E$1*$I$1))*(H550-1)","=$J$3*EXP(-$E$1*B550*86.4/$G$1)","=J549-J550"
1,"=B550+A551","=$C$3+($G$1/($E$1*86.4))*SINH($E$1*B551*86.4/$G$1)","=C551-$C$3-B551","=$E$1*B551*86.4","=$G$1*G551","=TANH($E$1*B551*86.4/$G$1)","=COSH($E$1*B551*86.4/$G$1)","=(($G$1^2*1000)/($E$1*$I$1))*(H551-1)","=$J$3*EXP(-$E$1*B551*86.4/$G$1)","=J550-J551"
1,"=B551+A552","=$C$3+($G$1/($E$1*86.4))*SINH($E$1*B552*86.4/$G$1)","=C552-$C$3-B552","=$E$1*B552*86.4","=$G$1*G552","=TANH($E$1*B552*86.4/$G$1)","=COSH($E$1*B552*86.4/$G$1)","=(($G$1^2*1000)/($E$1*$I$1))*(H552-1)","=$J$3*EXP(-$E$1*B552*86.4/$G$1)","=J551-J552"
1,"=B552+A553","=$C$3+($G$1/($E$1*86.4))*SINH($E$1*B553*86.4/$G$1)","=C553-$C$3-B553","=$E$1*B553*86.4","=$G$1*G553","=TANH($E$1*B553*86.4/$G$1)","=COSH($E$1*B553*86.4/$G$1)","=(($G$1^2*1000)/($E$1*$I$1))*(H553-1)","=$J$3*EXP(-$E$1*B553*86.4/$G$1)","=J552-J553"
1,"=B553+A554","=$C$3+($G$1/($E$1*86.4))*SINH($E$1*B554*86.4/$G$1)","=C554-$C$3-B554","=$E$1*B554*86.4","=$G$1*G554","=TANH($E$1*B554*86.4/$G$1)","=COSH($E$1*B554*86.4/$G$1)","=(($G$1^2*1000)/($E$1*$I$1))*(H554-1)","=$J$3*EXP(-$E$1*B554*86.4/$G$1)","=J553-J554"
1,"=B554+A555","=$C$3+($G$1/($E$1*86.4))*SINH($E$1*B555*86.4/$G$1)","=C555-$C$3-B555","=$E$1*B555*86.4","=$G$1*G555","=TANH($E$1*B555*86.4/$G$1)","=COSH($E$1*B555*86.4/$G$1)","=(($G$1^2*1000)/($E$1*$I$1))*(H555-1)","=$J$3*EXP(-$E$1*B555*86.4/$G$1)","=J554-J555"
1,"=B555+A556","=$C$3+($G$1/($E$1*86.4))*SINH($E$1*B556*86.4/$G$1)","=C556-$C$3-B556","=$E$1*B556*86.4","=$G$1*G556","=TANH($E$1*B556*86.4/$G$1)","=COSH($E$1*B556*86.4/$G$1)","=(($G$1^2*1000)/($E$1*$I$1))*(H556-1)","=$J$3*EXP(-$E$1*B556*86.4/$G$1)","=J555-J556"
1,"=B556+A557","=$C$3+($G$1/($E$1*86.4))*SINH($E$1*B557*86.4/$G$1)","=C557-$C$3-B557","=$E$1*B557*86.4","=$G$1*G557","=TANH($E$1*B557*86.4/$G$1)","=COSH($E$1*B557*86.4/$G$1)","=(($G$1^2*1000)/($E$1*$I$1))*(H557-1)","=$J$3*EXP(-$E$1*B557*86.4/$G$1)","=J556-J557"
1,"=B557+A558","=$C$3+($G$1/($E$1*86.4))*SINH($E$1*B558*86.4/$G$1)","=C558-$C$3-B558","=$E$1*B558*86.4","=$G$1*G558","=TANH($E$1*B558*86.4/$G$1)","=COSH($E$1*B558*86.4/$G$1)","=(($G$1^2*1000)/($E$1*$I$1))*(H558-1)","=$J$3*EXP(-$E$1*B558*86.4/$G$1)","=J557-J558"
1,"=B558+A559","=$C$3+($G$1/($E$1*86.4))*SINH($E$1*B559*86.4/$G$1)","=C559-$C$3-B559","=$E$1*B559*86.4","=$G$1*G559","=TANH($E$1*B559*86.4/$G$1)","=COSH($E$1*B559*86.4/$G$1)","=(($G$1^2*1000)/($E$1*$I$1))*(H559-1)","=$J$3*EXP(-$E$1*B559*86.4/$G$1)","=J558-J559"
1,"=B559+A560","=$C$3+($G$1/($E$1*86.4))*SINH($E$1*B560*86.4/$G$1)","=C560-$C$3-B560","=$E$1*B560*86.4","=$G$1*G560","=TANH($E$1*B560*86.4/$G$1)","=COSH($E$1*B560*86.4/$G$1)","=(($G$1^2*1000)/($E$1*$I$1))*(H560-1)","=$J$3*EXP(-$E$1*B560*86.4/$G$1)","=J559-J560"
1,"=B560+A561","=$C$3+($G$1/($E$1*86.4))*SINH($E$1*B561*86.4/$G$1)","=C561-$C$3-B561","=$E$1*B561*86.4","=$G$1*G561","=TANH($E$1*B561*86.4/$G$1)","=COSH($E$1*B561*86.4/$G$1)","=(($G$1^2*1000)/($E$1*$I$1))*(H561-1)","=$J$3*EXP(-$E$1*B561*86.4/$G$1)","=J560-J561"
1,"=B561+A562","=$C$3+($G$1/($E$1*86.4))*SINH($E$1*B562*86.4/$G$1)","=C562-$C$3-B562","=$E$1*B562*86.4","=$G$1*G562","=TANH($E$1*B562*86.4/$G$1)","=COSH($E$1*B562*86.4/$G$1)","=(($G$1^2*1000)/($E$1*$I$1))*(H562-1)","=$J$3*EXP(-$E$1*B562*86.4/$G$1)","=J561-J562"
1,"=B562+A563","=$C$3+($G$1/($E$1*86.4))*SINH($E$1*B563*86.4/$G$1)","=C563-$C$3-B563","=$E$1*B563*86.4","=$G$1*G563","=TANH($E$1*B563*86.4/$G$1)","=COSH($E$1*B563*86.4/$G$1)","=(($G$1^2*1000)/($E$1*$I$1))*(H563-1)","=$J$3*EXP(-$E$1*B563*86.4/$G$1)","=J562-J563"
1,"=B563+A564","=$C$3+($G$1/($E$1*86.4))*SINH($E$1*B564*86.4/$G$1)","=C564-$C$3-B564","=$E$1*B564*86.4","=$G$1*G564","=TANH($E$1*B564*86.4/$G$1)","=COSH($E$1*B564*86.4/$G$1)","=(($G$1^2*1000)/($E$1*$I$1))*(H564-1)","=$J$3*EXP(-$E$1*B564*86.4/$G$1)","=J563-J564"
1,"=B564+A565","=$C$3+($G$1/($E$1*86.4))*SINH($E$1*B565*86.4/$G$1)","=C565-$C$3-B565","=$E$1*B565*86.4","=$G$1*G565","=TANH($E$1*B565*86.4/$G$1)","=COSH($E$1*B565*86.4/$G$1)","=(($G$1^2*1000)/($E$1*$I$1))*(H565-1)","=$J$3*EXP(-$E$1*B565*86.4/$G$1)","=J564-J565"
1,"=B565+A566","=$C$3+($G$1/($E$1*86.4))*SINH($E$1*B566*86.4/$G$1)","=C566-$C$3-B566","=$E$1*B566*86.4","=$G$1*G566","=TANH($E$1*B566*86.4/$G$1)","=COSH($E$1*B566*86.4/$G$1)","=(($G$1^2*1000)/($E$1*$I$1))*(H566-1)","=$J$3*EXP(-$E$1*B566*86.4/$G$1)","=J565-J566"
1,"=B566+A567","=$C$3+($G$1/($E$1*86.4))*SINH($E$1*B567*86.4/$G$1)","=C567-$C$3-B567","=$E$1*B567*86.4","=$G$1*G567","=TANH($E$1*B567*86.4/$G$1)","=COSH($E$1*B567*86.4/$G$1)","=(($G$1^2*1000)/($E$1*$I$1))*(H567-1)","=$J$3*EXP(-$E$1*B567*86.4/$G$1)","=J566-J567"
1,"=B567+A568","=$C$3+($G$1/($E$1*86.4))*SINH($E$1*B568*86.4/$G$1)","=C568-$C$3-B568","=$E$1*B568*86.4","=$G$1*G568","=TANH($E$1*B568*86.4/$G$1)","=COSH($E$1*B568*86.4/$G$1)","=(($G$1^2*1000)/($E$1*$I$1))*(H568-1)","=$J$3*EXP(-$E$1*B568*86.4/$G$1)","=J567-J568"
1,"=B568+A569","=$C$3+($G$1/($E$1*86.4))*SINH($E$1*B569*86.4/$G$1)","=C569-$C$3-B569","=$E$1*B569*86.4","=$G$1*G569","=TANH($E$1*B569*86.4/$G$1)","=COSH($E$1*B569*86.4/$G$1)","=(($G$1^2*1000)/($E$1*$I$1))*(H569-1)","=$J$3*EXP(-$E$1*B569*86.4/$G$1)","=J568-J569"
1,"=B569+A570","=$C$3+($G$1/($E$1*86.4))*SINH($E$1*B570*86.4/$G$1)","=C570-$C$3-B570","=$E$1*B570*86.4","=$G$1*G570","=TANH($E$1*B570*86.4/$G$1)","=COSH($E$1*B570*86.4/$G$1)","=(($G$1^2*1000)/($E$1*$I$1))*(H570-1)","=$J$3*EXP(-$E$1*B570*86.4/$G$1)","=J569-J570"
1,"=B570+A571","=$C$3+($G$1/($E$1*86.4))*SINH($E$1*B571*86.4/$G$1)","=C571-$C$3-B571","=$E$1*B571*86.4","=$G$1*G571","=TANH($E$1*B571*86.4/$G$1)","=COSH($E$1*B571*86.4/$G$1)","=(($G$1^2*1000)/($E$1*$I$1))*(H571-1)","=$J$3*EXP(-$E$1*B571*86.4/$G$1)","=J570-J571"
1,"=B571+A572","=$C$3+($G$1/($E$1*86.4))*SINH($E$1*B572*86.4/$G$1)","=C572-$C$3-B572","=$E$1*B572*86.4","=$G$1*G572","=TANH($E$1*B572*86.4/$G$1)","=COSH($E$1*B572*86.4/$G$1)","=(($G$1^2*1000)/($E$1*$I$1))*(H572-1)","=$J$3*EXP(-$E$1*B572*86.4/$G$1)","=J571-J572"
1,"=B572+A573","=$C$3+($G$1/($E$1*86.4))*SINH($E$1*B573*86.4/$G$1)","=C573-$C$3-B573","=$E$1*B573*86.4","=$G$1*G573","=TANH($E$1*B573*86.4/$G$1)","=COSH($E$1*B573*86.4/$G$1)","=(($G$1^2*1000)/($E$1*$I$1))*(H573-1)","=$J$3*EXP(-$E$1*B573*86.4/$G$1)","=J572-J573"
1,"=B573+A574","=$C$3+($G$1/($E$1*86.4))*SINH($E$1*B574*86.4/$G$1)","=C574-$C$3-B574","=$E$1*B574*86.4","=$G$1*G574","=TANH($E$1*B574*86.4/$G$1)","=COSH($E$1*B574*86.4/$G$1)","=(($G$1^2*1000)/($E$1*$I$1))*(H574-1)","=$J$3*EXP(-$E$1*B574*86.4/$G$1)","=J573-J574"
1,"=B574+A575","=$C$3+($G$1/($E$1*86.4))*SINH($E$1*B575*86.4/$G$1)","=C575-$C$3-B575","=$E$1*B575*86.4","=$G$1*G575","=TANH($E$1*B575*86.4/$G$1)","=COSH($E$1*B575*86.4/$G$1)","=(($G$1^2*1000)/($E$1*$I$1))*(H575-1)","=$J$3*EXP(-$E$1*B575*86.4/$G$1)","=J574-J575"
1,"=B575+A576","=$C$3+($G$1/($E$1*86.4))*SINH($E$1*B576*86.4/$G$1)","=C576-$C$3-B576","=$E$1*B576*86.4","=$G$1*G576","=TANH($E$1*B576*86.4/$G$1)","=COSH($E$1*B576*86.4/$G$1)","=(($G$1^2*1000)/($E$1*$I$1))*(H576-1)","=$J$3*EXP(-$E$1*B576*86.4/$G$1)","=J575-J576"
1,"=B576+A577","=$C$3+($G$1/($E$1*86.4))*SINH($E$1*B577*86.4/$G$1)","=C577-$C$3-B577","=$E$1*B577*86.4","=$G$1*G577","=TANH($E$1*B577*86.4/$G$1)","=COSH($E$1*B577*86.4/$G$1)","=(($G$1^2*1000)/($E$1*$I$1))*(H577-1)","=$J$3*EXP(-$E$1*B577*86.4/$G$1)","=J576-J577"
1,"=B577+A578","=$C$3+($G$1/($E$1*86.4))*SINH($E$1*B578*86.4/$G$1)","=C578-$C$3-B578","=$E$1*B578*86.4","=$G$1*G578","=TANH($E$1*B578*86.4/$G$1)","=COSH($E$1*B578*86.4/$G$1)","=(($G$1^2*1000)/($E$1*$I$1))*(H578-1)","=$J$3*EXP(-$E$1*B578*86.4/$G$1)","=J577-J578"
1,"=B578+A579","=$C$3+($G$1/($E$1*86.4))*SINH($E$1*B579*86.4/$G$1)","=C579-$C$3-B579","=$E$1*B579*86.4","=$G$1*G579","=TANH($E$1*B579*86.4/$G$1)","=COSH($E$1*B579*86.4/$G$1)","=(($G$1^2*1000)/($E$1*$I$1))*(H579-1)","=$J$3*EXP(-$E$1*B579*86.4/$G$1)","=J578-J579"
1,"=B579+A580","=$C$3+($G$1/($E$1*86.4))*SINH($E$1*B580*86.4/$G$1)","=C580-$C$3-B580","=$E$1*B580*86.4","=$G$1*G580","=TANH($E$1*B580*86.4/$G$1)","=COSH($E$1*B580*86.4/$G$1)","=(($G$1^2*1000)/($E$1*$I$1))*(H580-1)","=$J$3*EXP(-$E$1*B580*86.4/$G$1)","=J579-J580"
1,"=B580+A581","=$C$3+($G$1/($E$1*86.4))*SINH($E$1*B581*86.4/$G$1)","=C581-$C$3-B581","=$E$1*B581*86.4","=$G$1*G581","=TANH($E$1*B581*86.4/$G$1)","=COSH($E$1*B581*86.4/$G$1)","=(($G$1^2*1000)/($E$1*$I$1))*(H581-1)","=$J$3*EXP(-$E$1*B581*86.4/$G$1)","=J580-J581"
1,"=B581+A582","=$C$3+($G$1/($E$1*86.4))*SINH($E$1*B582*86.4/$G$1)","=C582-$C$3-B582","=$E$1*B582*86.4","=$G$1*G582","=TANH($E$1*B582*86.4/$G$1)","=COSH($E$1*B582*86.4/$G$1)","=(($G$1^2*1000)/($E$1*$I$1))*(H582-1)","=$J$3*EXP(-$E$1*B582*86.4/$G$1)","=J581-J582"
1,"=B582+A583","=$C$3+($G$1/($E$1*86.4))*SINH($E$1*B583*86.4/$G$1)","=C583-$C$3-B583","=$E$1*B583*86.4","=$G$1*G583","=TANH($E$1*B583*86.4/$G$1)","=COSH($E$1*B583*86.4/$G$1)","=(($G$1^2*1000)/($E$1*$I$1))*(H583-1)","=$J$3*EXP(-$E$1*B583*86.4/$G$1)","=J582-J583"
1,"=B583+A584","=$C$3+($G$1/($E$1*86.4))*SINH($E$1*B584*86.4/$G$1)","=C584-$C$3-B584","=$E$1*B584*86.4","=$G$1*G584","=TANH($E$1*B584*86.4/$G$1)","=COSH($E$1*B584*86.4/$G$1)","=(($G$1^2*1000)/($E$1*$I$1))*(H584-1)","=$J$3*EXP(-$E$1*B584*86.4/$G$1)","=J583-J584"
1,"=B584+A585","=$C$3+($G$1/($E$1*86.4))*SINH($E$1*B585*86.4/$G$1)","=C585-$C$3-B585","=$E$1*B585*86.4","=$G$1*G585","=TANH($E$1*B585*86.4/$G$1)","=COSH($E$1*B585*86.4/$G$1)","=(($G$1^2*1000)/($E$1*$I$1))*(H585-1)","=$J$3*EXP(-$E$1*B585*86.4/$G$1)","=J584-J585"
1,"=B585+A586","=$C$3+($G$1/($E$1*86.4))*SINH($E$1*B586*86.4/$G$1)","=C586-$C$3-B586","=$E$1*B586*86.4","=$G$1*G586","=TANH($E$1*B586*86.4/$G$1)","=COSH($E$1*B586*86.4/$G$1)","=(($G$1^2*1000)/($E$1*$I$1))*(H586-1)","=$J$3*EXP(-$E$1*B586*86.4/$G$1)","=J585-J586"
1,"=B586+A587","=$C$3+($G$1/($E$1*86.4))*SINH($E$1*B587*86.4/$G$1)","=C587-$C$3-B587","=$E$1*B587*86.4","=$G$1*G587","=TANH($E$1*B587*86.4/$G$1)","=COSH($E$1*B587*86.4/$G$1)","=(($G$1^2*1000)/($E$1*$I$1))*(H587-1)","=$J$3*EXP(-$E$1*B587*86.4/$G$1)","=J586-J587"
1,"=B587+A588","=$C$3+($G$1/($E$1*86.4))*SINH($E$1*B588*86.4/$G$1)","=C588-$C$3-B588","=$E$1*B588*86.4","=$G$1*G588","=TANH($E$1*B588*86.4/$G$1)","=COSH($E$1*B588*86.4/$G$1)","=(($G$1^2*1000)/($E$1*$I$1))*(H588-1)","=$J$3*EXP(-$E$1*B588*86.4/$G$1)","=J587-J588"
1,"=B588+A589","=$C$3+($G$1/($E$1*86.4))*SINH($E$1*B589*86.4/$G$1)","=C589-$C$3-B589","=$E$1*B589*86.4","=$G$1*G589","=TANH($E$1*B589*86.4/$G$1)","=COSH($E$1*B589*86.4/$G$1)","=(($G$1^2*1000)/($E$1*$I$1))*(H589-1)","=$J$3*EXP(-$E$1*B589*86.4/$G$1)","=J588-J589"
1,"=B589+A590","=$C$3+($G$1/($E$1*86.4))*SINH($E$1*B590*86.4/$G$1)","=C590-$C$3-B590","=$E$1*B590*86.4","=$G$1*G590","=TANH($E$1*B590*86.4/$G$1)","=COSH($E$1*B590*86.4/$G$1)","=(($G$1^2*1000)/($E$1*$I$1))*(H590-1)","=$J$3*EXP(-$E$1*B590*86.4/$G$1)","=J589-J590"
1,"=B590+A591","=$C$3+($G$1/($E$1*86.4))*SINH($E$1*B591*86.4/$G$1)","=C591-$C$3-B591","=$E$1*B591*86.4","=$G$1*G591","=TANH($E$1*B591*86.4/$G$1)","=COSH($E$1*B591*86.4/$G$1)","=(($G$1^2*1000)/($E$1*$I$1))*(H591-1)","=$J$3*EXP(-$E$1*B591*86.4/$G$1)","=J590-J591"
1,"=B591+A592","=$C$3+($G$1/($E$1*86.4))*SINH($E$1*B592*86.4/$G$1)","=C592-$C$3-B592","=$E$1*B592*86.4","=$G$1*G592","=TANH($E$1*B592*86.4/$G$1)","=COSH($E$1*B592*86.4/$G$1)","=(($G$1^2*1000)/($E$1*$I$1))*(H592-1)","=$J$3*EXP(-$E$1*B592*86.4/$G$1)","=J591-J592"
1,"=B592+A593","=$C$3+($G$1/($E$1*86.4))*SINH($E$1*B593*86.4/$G$1)","=C593-$C$3-B593","=$E$1*B593*86.4","=$G$1*G593","=TANH($E$1*B593*86.4/$G$1)","=COSH($E$1*B593*86.4/$G$1)","=(($G$1^2*1000)/($E$1*$I$1))*(H593-1)","=$J$3*EXP(-$E$1*B593*86.4/$G$1)","=J592-J593"
1,"=B593+A594","=$C$3+($G$1/($E$1*86.4))*SINH($E$1*B594*86.4/$G$1)","=C594-$C$3-B594","=$E$1*B594*86.4","=$G$1*G594","=TANH($E$1*B594*86.4/$G$1)","=COSH($E$1*B594*86.4/$G$1)","=(($G$1^2*1000)/($E$1*$I$1))*(H594-1)","=$J$3*EXP(-$E$1*B594*86.4/$G$1)","=J593-J594"
1,"=B594+A595","=$C$3+($G$1/($E$1*86.4))*SINH($E$1*B595*86.4/$G$1)","=C595-$C$3-B595","=$E$1*B595*86.4","=$G$1*G595","=TANH($E$1*B595*86.4/$G$1)","=COSH($E$1*B595*86.4/$G$1)","=(($G$1^2*1000)/($E$1*$I$1))*(H595-1)","=$J$3*EXP(-$E$1*B595*86.4/$G$1)","=J594-J595"
1,"=B595+A596","=$C$3+($G$1/($E$1*86.4))*SINH($E$1*B596*86.4/$G$1)","=C596-$C$3-B596","=$E$1*B596*86.4","=$G$1*G596","=TANH($E$1*B596*86.4/$G$1)","=COSH($E$1*B596*86.4/$G$1)","=(($G$1^2*1000)/($E$1*$I$1))*(H596-1)","=$J$3*EXP(-$E$1*B596*86.4/$G$1)","=J595-J596"
1,"=B596+A597","=$C$3+($G$1/($E$1*86.4))*SINH($E$1*B597*86.4/$G$1)","=C597-$C$3-B597","=$E$1*B597*86.4","=$G$1*G597","=TANH($E$1*B597*86.4/$G$1)","=COSH($E$1*B597*86.4/$G$1)","=(($G$1^2*1000)/($E$1*$I$1))*(H597-1)","=$J$3*EXP(-$E$1*B597*86.4/$G$1)","=J596-J597"
1,"=B597+A598","=$C$3+($G$1/($E$1*86.4))*SINH($E$1*B598*86.4/$G$1)","=C598-$C$3-B598","=$E$1*B598*86.4","=$G$1*G598","=TANH($E$1*B598*86.4/$G$1)","=COSH($E$1*B598*86.4/$G$1)","=(($G$1^2*1000)/($E$1*$I$1))*(H598-1)","=$J$3*EXP(-$E$1*B598*86.4/$G$1)","=J597-J598"
1,"=B598+A599","=$C$3+($G$1/($E$1*86.4))*SINH($E$1*B599*86.4/$G$1)","=C599-$C$3-B599","=$E$1*B599*86.4","=$G$1*G599","=TANH($E$1*B599*86.4/$G$1)","=COSH($E$1*B599*86.4/$G$1)","=(($G$1^2*1000)/($E$1*$I$1))*(H599-1)","=$J$3*EXP(-$E$1*B599*86.4/$G$1)","=J598-J599"
1,"=B599+A600","=$C$3+($G$1/($E$1*86.4))*SINH($E$1*B600*86.4/$G$1)","=C600-$C$3-B600","=$E$1*B600*86.4","=$G$1*G600","=TANH($E$1*B600*86.4/$G$1)","=COSH($E$1*B600*86.4/$G$1)","=(($G$1^2*1000)/($E$1*$I$1))*(H600-1)","=$J$3*EXP(-$E$1*B600*86.4/$G$1)","=J599-J600"
1,"=B600+A601","=$C$3+($G$1/($E$1*86.4))*SINH($E$1*B601*86.4/$G$1)","=C601-$C$3-B601","=$E$1*B601*86.4","=$G$1*G601","=TANH($E$1*B601*86.4/$G$1)","=COSH($E$1*B601*86.4/$G$1)","=(($G$1^2*1000)/($E$1*$I$1))*(H601-1)","=$J$3*EXP(-$E$1*B601*86.4/$G$1)","=J600-J601"
1,"=B601+A602","=$C$3+($G$1/($E$1*86.4))*SINH($E$1*B602*86.4/$G$1)","=C602-$C$3-B602","=$E$1*B602*86.4","=$G$1*G602","=TANH($E$1*B602*86.4/$G$1)","=COSH($E$1*B602*86.4/$G$1)","=(($G$1^2*1000)/($E$1*$I$1))*(H602-1)","=$J$3*EXP(-$E$1*B602*86.4/$G$1)","=J601-J602"
1,"=B602+A603","=$C$3+($G$1/($E$1*86.4))*SINH($E$1*B603*86.4/$G$1)","=C603-$C$3-B603","=$E$1*B603*86.4","=$G$1*G603","=TANH($E$1*B603*86.4/$G$1)","=COSH($E$1*B603*86.4/$G$1)","=(($G$1^2*1000)/($E$1*$I$1))*(H603-1)","=$J$3*EXP(-$E$1*B603*86.4/$G$1)","=J602-J603"
1,"=B603+A604","=$C$3+($G$1/($E$1*86.4))*SINH($E$1*B604*86.4/$G$1)","=C604-$C$3-B604","=$E$1*B604*86.4","=$G$1*G604","=TANH($E$1*B604*86.4/$G$1)","=COSH($E$1*B604*86.4/$G$1)","=(($G$1^2*1000)/($E$1*$I$1))*(H604-1)","=$J$3*EXP(-$E$1*B604*86.4/$G$1)","=J603-J604"
1,"=B604+A605","=$C$3+($G$1/($E$1*86.4))*SINH($E$1*B605*86.4/$G$1)","=C605-$C$3-B605","=$E$1*B605*86.4","=$G$1*G605","=TANH($E$1*B605*86.4/$G$1)","=COSH($E$1*B605*86.4/$G$1)","=(($G$1^2*1000)/($E$1*$I$1))*(H605-1)","=$J$3*EXP(-$E$1*B605*86.4/$G$1)","=J604-J605"
1,"=B605+A606","=$C$3+($G$1/($E$1*86.4))*SINH($E$1*B606*86.4/$G$1)","=C606-$C$3-B606","=$E$1*B606*86.4","=$G$1*G606","=TANH($E$1*B606*86.4/$G$1)","=COSH($E$1*B606*86.4/$G$1)","=(($G$1^2*1000)/($E$1*$I$1))*(H606-1)","=$J$3*EXP(-$E$1*B606*86.4/$G$1)","=J605-J606"
1,"=B606+A607","=$C$3+($G$1/($E$1*86.4))*SINH($E$1*B607*86.4/$G$1)","=C607-$C$3-B607","=$E$1*B607*86.4","=$G$1*G607","=TANH($E$1*B607*86.4/$G$1)","=COSH($E$1*B607*86.4/$G$1)","=(($G$1^2*1000)/($E$1*$I$1))*(H607-1)","=$J$3*EXP(-$E$1*B607*86.4/$G$1)","=J606-J607"
1,"=B607+A608","=$C$3+($G$1/($E$1*86.4))*SINH($E$1*B608*86.4/$G$1)","=C608-$C$3-B608","=$E$1*B608*86.4","=$G$1*G608","=TANH($E$1*B608*86.4/$G$1)","=COSH($E$1*B608*86.4/$G$1)","=(($G$1^2*1000)/($E$1*$I$1))*(H608-1)","=$J$3*EXP(-$E$1*B608*86.4/$G$1)","=J607-J608"
1,"=B608+A609","=$C$3+($G$1/($E$1*86.4))*SINH($E$1*B609*86.4/$G$1)","=C609-$C$3-B609","=$E$1*B609*86.4","=$G$1*G609","=TANH($E$1*B609*86.4/$G$1)","=COSH($E$1*B609*86.4/$G$1)","=(($G$1^2*1000)/($E$1*$I$1))*(H609-1)","=$J$3*EXP(-$E$1*B609*86.4/$G$1)","=J608-J609"
1,"=B609+A610","=$C$3+($G$1/($E$1*86.4))*SINH($E$1*B610*86.4/$G$1)","=C610-$C$3-B610","=$E$1*B610*86.4","=$G$1*G610","=TANH($E$1*B610*86.4/$G$1)","=COSH($E$1*B610*86.4/$G$1)","=(($G$1^2*1000)/($E$1*$I$1))*(H610-1)","=$J$3*EXP(-$E$1*B610*86.4/$G$1)","=J609-J610"
1,"=B610+A611","=$C$3+($G$1/($E$1*86.4))*SINH($E$1*B611*86.4/$G$1)","=C611-$C$3-B611","=$E$1*B611*86.4","=$G$1*G611","=TANH($E$1*B611*86.4/$G$1)","=COSH($E$1*B611*86.4/$G$1)","=(($G$1^2*1000)/($E$1*$I$1))*(H611-1)","=$J$3*EXP(-$E$1*B611*86.4/$G$1)","=J610-J611"
1,"=B611+A612","=$C$3+($G$1/($E$1*86.4))*SINH($E$1*B612*86.4/$G$1)","=C612-$C$3-B612","=$E$1*B612*86.4","=$G$1*G612","=TANH($E$1*B612*86.4/$G$1)","=COSH($E$1*B612*86.4/$G$1)","=(($G$1^2*1000)/($E$1*$I$1))*(H612-1)","=$J$3*EXP(-$E$1*B612*86.4/$G$1)","=J611-J612"
1,"=B612+A613","=$C$3+($G$1/($E$1*86.4))*SINH($E$1*B613*86.4/$G$1)","=C613-$C$3-B613","=$E$1*B613*86.4","=$G$1*G613","=TANH($E$1*B613*86.4/$G$1)","=COSH($E$1*B613*86.4/$G$1)","=(($G$1^2*1000)/($E$1*$I$1))*(H613-1)","=$J$3*EXP(-$E$1*B613*86.4/$G$1)","=J612-J613"
1,"=B613+A614","=$C$3+($G$1/($E$1*86.4))*SINH($E$1*B614*86.4/$G$1)","=C614-$C$3-B614","=$E$1*B614*86.4","=$G$1*G614","=TANH($E$1*B614*86.4/$G$1)","=COSH($E$1*B614*86.4/$G$1)","=(($G$1^2*1000)/($E$1*$I$1))*(H614-1)","=$J$3*EXP(-$E$1*B614*86.4/$G$1)","=J613-J614"
1,"=B614+A615","=$C$3+($G$1/($E$1*86.4))*SINH($E$1*B615*86.4/$G$1)","=C615-$C$3-B615","=$E$1*B615*86.4","=$G$1*G615","=TANH($E$1*B615*86.4/$G$1)","=COSH($E$1*B615*86.4/$G$1)","=(($G$1^2*1000)/($E$1*$I$1))*(H615-1)","=$J$3*EXP(-$E$1*B615*86.4/$G$1)","=J614-J615"
1,"=B615+A616","=$C$3+($G$1/($E$1*86.4))*SINH($E$1*B616*86.4/$G$1)","=C616-$C$3-B616","=$E$1*B616*86.4","=$G$1*G616","=TANH($E$1*B616*86.4/$G$1)","=COSH($E$1*B616*86.4/$G$1)","=(($G$1^2*1000)/($E$1*$I$1))*(H616-1)","=$J$3*EXP(-$E$1*B616*86.4/$G$1)","=J615-J616"
1,"=B616+A617","=$C$3+($G$1/($E$1*86.4))*SINH($E$1*B617*86.4/$G$1)","=C617-$C$3-B617","=$E$1*B617*86.4","=$G$1*G617","=TANH($E$1*B617*86.4/$G$1)","=COSH($E$1*B617*86.4/$G$1)","=(($G$1^2*1000)/($E$1*$I$1))*(H617-1)","=$J$3*EXP(-$E$1*B617*86.4/$G$1)","=J616-J617"
1,"=B617+A618","=$C$3+($G$1/($E$1*86.4))*SINH($E$1*B618*86.4/$G$1)","=C618-$C$3-B618","=$E$1*B618*86.4","=$G$1*G618","=TANH($E$1*B618*86.4/$G$1)","=COSH($E$1*B618*86.4/$G$1)","=(($G$1^2*1000)/($E$1*$I$1))*(H618-1)","=$J$3*EXP(-$E$1*B618*86.4/$G$1)","=J617-J618"
1,"=B618+A619","=$C$3+($G$1/($E$1*86.4))*SINH($E$1*B619*86.4/$G$1)","=C619-$C$3-B619","=$E$1*B619*86.4","=$G$1*G619","=TANH($E$1*B619*86.4/$G$1)","=COSH($E$1*B619*86.4/$G$1)","=(($G$1^2*1000)/($E$1*$I$1))*(H619-1)","=$J$3*EXP(-$E$1*B619*86.4/$G$1)","=J618-J619"
1,"=B619+A620","=$C$3+($G$1/($E$1*86.4))*SINH($E$1*B620*86.4/$G$1)","=C620-$C$3-B620","=$E$1*B620*86.4","=$G$1*G620","=TANH($E$1*B620*86.4/$G$1)","=COSH($E$1*B620*86.4/$G$1)","=(($G$1^2*1000)/($E$1*$I$1))*(H620-1)","=$J$3*EXP(-$E$1*B620*86.4/$G$1)","=J619-J620"
1,"=B620+A621","=$C$3+($G$1/($E$1*86.4))*SINH($E$1*B621*86.4/$G$1)","=C621-$C$3-B621","=$E$1*B621*86.4","=$G$1*G621","=TANH($E$1*B621*86.4/$G$1)","=COSH($E$1*B621*86.4/$G$1)","=(($G$1^2*1000)/($E$1*$I$1))*(H621-1)","=$J$3*EXP(-$E$1*B621*86.4/$G$1)","=J620-J621"
1,"=B621+A622","=$C$3+($G$1/($E$1*86.4))*SINH($E$1*B622*86.4/$G$1)","=C622-$C$3-B622","=$E$1*B622*86.4","=$G$1*G622","=TANH($E$1*B622*86.4/$G$1)","=COSH($E$1*B622*86.4/$G$1)","=(($G$1^2*1000)/($E$1*$I$1))*(H622-1)","=$J$3*EXP(-$E$1*B622*86.4/$G$1)","=J621-J622"
1,"=B622+A623","=$C$3+($G$1/($E$1*86.4))*SINH($E$1*B623*86.4/$G$1)","=C623-$C$3-B623","=$E$1*B623*86.4","=$G$1*G623","=TANH($E$1*B623*86.4/$G$1)","=COSH($E$1*B623*86.4/$G$1)","=(($G$1^2*1000)/($E$1*$I$1))*(H623-1)","=$J$3*EXP(-$E$1*B623*86.4/$G$1)","=J622-J623"
1,"=B623+A624","=$C$3+($G$1/($E$1*86.4))*SINH($E$1*B624*86.4/$G$1)","=C624-$C$3-B624","=$E$1*B624*86.4","=$G$1*G624","=TANH($E$1*B624*86.4/$G$1)","=COSH($E$1*B624*86.4/$G$1)","=(($G$1^2*1000)/($E$1*$I$1))*(H624-1)","=$J$3*EXP(-$E$1*B624*86.4/$G$1)","=J623-J624"
1,"=B624+A625","=$C$3+($G$1/($E$1*86.4))*SINH($E$1*B625*86.4/$G$1)","=C625-$C$3-B625","=$E$1*B625*86.4","=$G$1*G625","=TANH($E$1*B625*86.4/$G$1)","=COSH($E$1*B625*86.4/$G$1)","=(($G$1^2*1000)/($E$1*$I$1))*(H625-1)","=$J$3*EXP(-$E$1*B625*86.4/$G$1)","=J624-J625"
1,"=B625+A626","=$C$3+($G$1/($E$1*86.4))*SINH($E$1*B626*86.4/$G$1)","=C626-$C$3-B626","=$E$1*B626*86.4","=$G$1*G626","=TANH($E$1*B626*86.4/$G$1)","=COSH($E$1*B626*86.4/$G$1)","=(($G$1^2*1000)/($E$1*$I$1))*(H626-1)","=$J$3*EXP(-$E$1*B626*86.4/$G$1)","=J625-J626"
1,"=B626+A627","=$C$3+($G$1/($E$1*86.4))*SINH($E$1*B627*86.4/$G$1)","=C627-$C$3-B627","=$E$1*B627*86.4","=$G$1*G627","=TANH($E$1*B627*86.4/$G$1)","=COSH($E$1*B627*86.4/$G$1)","=(($G$1^2*1000)/($E$1*$I$1))*(H627-1)","=$J$3*EXP(-$E$1*B627*86.4/$G$1)","=J626-J627"
1,"=B627+A628","=$C$3+($G$1/($E$1*86.4))*SINH($E$1*B628*86.4/$G$1)","=C628-$C$3-B628","=$E$1*B628*86.4","=$G$1*G628","=TANH($E$1*B628*86.4/$G$1)","=COSH($E$1*B628*86.4/$G$1)","=(($G$1^2*1000)/($E$1*$I$1))*(H628-1)","=$J$3*EXP(-$E$1*B628*86.4/$G$1)","=J627-J628"
1,"=B628+A629","=$C$3+($G$1/($E$1*86.4))*SINH($E$1*B629*86.4/$G$1)","=C629-$C$3-B629","=$E$1*B629*86.4","=$G$1*G629","=TANH($E$1*B629*86.4/$G$1)","=COSH($E$1*B629*86.4/$G$1)","=(($G$1^2*1000)/($E$1*$I$1))*(H629-1)","=$J$3*EXP(-$E$1*B629*86.4/$G$1)","=J628-J629"
1,"=B629+A630","=$C$3+($G$1/($E$1*86.4))*SINH($E$1*B630*86.4/$G$1)","=C630-$C$3-B630","=$E$1*B630*86.4","=$G$1*G630","=TANH($E$1*B630*86.4/$G$1)","=COSH($E$1*B630*86.4/$G$1)","=(($G$1^2*1000)/($E$1*$I$1))*(H630-1)","=$J$3*EXP(-$E$1*B630*86.4/$G$1)","=J629-J630"
1,"=B630+A631","=$C$3+($G$1/($E$1*86.4))*SINH($E$1*B631*86.4/$G$1)","=C631-$C$3-B631","=$E$1*B631*86.4","=$G$1*G631","=TANH($E$1*B631*86.4/$G$1)","=COSH($E$1*B631*86.4/$G$1)","=(($G$1^2*1000)/($E$1*$I$1))*(H631-1)","=$J$3*EXP(-$E$1*B631*86.4/$G$1)","=J630-J631"
1,"=B631+A632","=$C$3+($G$1/($E$1*86.4))*SINH($E$1*B632*86.4/$G$1)","=C632-$C$3-B632","=$E$1*B632*86.4","=$G$1*G632","=TANH($E$1*B632*86.4/$G$1)","=COSH($E$1*B632*86.4/$G$1)","=(($G$1^2*1000)/($E$1*$I$1))*(H632-1)","=$J$3*EXP(-$E$1*B632*86.4/$G$1)","=J631-J632"
1,"=B632+A633","=$C$3+($G$1/($E$1*86.4))*SINH($E$1*B633*86.4/$G$1)","=C633-$C$3-B633","=$E$1*B633*86.4","=$G$1*G633","=TANH($E$1*B633*86.4/$G$1)","=COSH($E$1*B633*86.4/$G$1)","=(($G$1^2*1000)/($E$1*$I$1))*(H633-1)","=$J$3*EXP(-$E$1*B633*86.4/$G$1)","=J632-J633"
1,"=B633+A634","=$C$3+($G$1/($E$1*86.4))*SINH($E$1*B634*86.4/$G$1)","=C634-$C$3-B634","=$E$1*B634*86.4","=$G$1*G634","=TANH($E$1*B634*86.4/$G$1)","=COSH($E$1*B634*86.4/$G$1)","=(($G$1^2*1000)/($E$1*$I$1))*(H634-1)","=$J$3*EXP(-$E$1*B634*86.4/$G$1)","=J633-J634"
1,"=B634+A635","=$C$3+($G$1/($E$1*86.4))*SINH($E$1*B635*86.4/$G$1)","=C635-$C$3-B635","=$E$1*B635*86.4","=$G$1*G635","=TANH($E$1*B635*86.4/$G$1)","=COSH($E$1*B635*86.4/$G$1)","=(($G$1^2*1000)/($E$1*$I$1))*(H635-1)","=$J$3*EXP(-$E$1*B635*86.4/$G$1)","=J634-J635"
1,"=B635+A636","=$C$3+($G$1/($E$1*86.4))*SINH($E$1*B636*86.4/$G$1)","=C636-$C$3-B636","=$E$1*B636*86.4","=$G$1*G636","=TANH($E$1*B636*86.4/$G$1)","=COSH($E$1*B636*86.4/$G$1)","=(($G$1^2*1000)/($E$1*$I$1))*(H636-1)","=$J$3*EXP(-$E$1*B636*86.4/$G$1)","=J635-J636"
1,"=B636+A637","=$C$3+($G$1/($E$1*86.4))*SINH($E$1*B637*86.4/$G$1)","=C637-$C$3-B637","=$E$1*B637*86.4","=$G$1*G637","=TANH($E$1*B637*86.4/$G$1)","=COSH($E$1*B637*86.4/$G$1)","=(($G$1^2*1000)/($E$1*$I$1))*(H637-1)","=$J$3*EXP(-$E$1*B637*86.4/$G$1)","=J636-J637"
1,"=B637+A638","=$C$3+($G$1/($E$1*86.4))*SINH($E$1*B638*86.4/$G$1)","=C638-$C$3-B638","=$E$1*B638*86.4","=$G$1*G638","=TANH($E$1*B638*86.4/$G$1)","=COSH($E$1*B638*86.4/$G$1)","=(($G$1^2*1000)/($E$1*$I$1))*(H638-1)","=$J$3*EXP(-$E$1*B638*86.4/$G$1)","=J637-J638"
1,"=B638+A639","=$C$3+($G$1/($E$1*86.4))*SINH($E$1*B639*86.4/$G$1)","=C639-$C$3-B639","=$E$1*B639*86.4","=$G$1*G639","=TANH($E$1*B639*86.4/$G$1)","=COSH($E$1*B639*86.4/$G$1)","=(($G$1^2*1000)/($E$1*$I$1))*(H639-1)","=$J$3*EXP(-$E$1*B639*86.4/$G$1)","=J638-J639"
1,"=B639+A640","=$C$3+($G$1/($E$1*86.4))*SINH($E$1*B640*86.4/$G$1)","=C640-$C$3-B640","=$E$1*B640*86.4","=$G$1*G640","=TANH($E$1*B640*86.4/$G$1)","=COSH($E$1*B640*86.4/$G$1)","=(($G$1^2*1000)/($E$1*$I$1))*(H640-1)","=$J$3*EXP(-$E$1*B640*86.4/$G$1)","=J639-J640"
1,"=B640+A641","=$C$3+($G$1/($E$1*86.4))*SINH($E$1*B641*86.4/$G$1)","=C641-$C$3-B641","=$E$1*B641*86.4","=$G$1*G641","=TANH($E$1*B641*86.4/$G$1)","=COSH($E$1*B641*86.4/$G$1)","=(($G$1^2*1000)/($E$1*$I$1))*(H641-1)","=$J$3*EXP(-$E$1*B641*86.4/$G$1)","=J640-J641"
1,"=B641+A642","=$C$3+($G$1/($E$1*86.4))*SINH($E$1*B642*86.4/$G$1)","=C642-$C$3-B642","=$E$1*B642*86.4","=$G$1*G642","=TANH($E$1*B642*86.4/$G$1)","=COSH($E$1*B642*86.4/$G$1)","=(($G$1^2*1000)/($E$1*$I$1))*(H642-1)","=$J$3*EXP(-$E$1*B642*86.4/$G$1)","=J641-J642"
1,"=B642+A643","=$C$3+($G$1/($E$1*86.4))*SINH($E$1*B643*86.4/$G$1)","=C643-$C$3-B643","=$E$1*B643*86.4","=$G$1*G643","=TANH($E$1*B643*86.4/$G$1)","=COSH($E$1*B643*86.4/$G$1)","=(($G$1^2*1000)/($E$1*$I$1))*(H643-1)","=$J$3*EXP(-$E$1*B643*86.4/$G$1)","=J642-J643"
1,"=B643+A644","=$C$3+($G$1/($E$1*86.4))*SINH($E$1*B644*86.4/$G$1)","=C644-$C$3-B644","=$E$1*B644*86.4","=$G$1*G644","=TANH($E$1*B644*86.4/$G$1)","=COSH($E$1*B644*86.4/$G$1)","=(($G$1^2*1000)/($E$1*$I$1))*(H644-1)","=$J$3*EXP(-$E$1*B644*86.4/$G$1)","=J643-J644"
1,"=B644+A645","=$C$3+($G$1/($E$1*86.4))*SINH($E$1*B645*86.4/$G$1)","=C645-$C$3-B645","=$E$1*B645*86.4","=$G$1*G645","=TANH($E$1*B645*86.4/$G$1)","=COSH($E$1*B645*86.4/$G$1)","=(($G$1^2*1000)/($E$1*$I$1))*(H645-1)","=$J$3*EXP(-$E$1*B645*86.4/$G$1)","=J644-J645"
1,"=B645+A646","=$C$3+($G$1/($E$1*86.4))*SINH($E$1*B646*86.4/$G$1)","=C646-$C$3-B646","=$E$1*B646*86.4","=$G$1*G646","=TANH($E$1*B646*86.4/$G$1)","=COSH($E$1*B646*86.4/$G$1)","=(($G$1^2*1000)/($E$1*$I$1))*(H646-1)","=$J$3*EXP(-$E$1*B646*86.4/$G$1)","=J645-J646"
1,"=B646+A647","=$C$3+($G$1/($E$1*86.4))*SINH($E$1*B647*86.4/$G$1)","=C647-$C$3-B647","=$E$1*B647*86.4","=$G$1*G647","=TANH($E$1*B647*86.4/$G$1)","=COSH($E$1*B647*86.4/$G$1)","=(($G$1^2*1000)/($E$1*$I$1))*(H647-1)","=$J$3*EXP(-$E$1*B647*86.4/$G$1)","=J646-J647"
1,"=B647+A648","=$C$3+($G$1/($E$1*86.4))*SINH($E$1*B648*86.4/$G$1)","=C648-$C$3-B648","=$E$1*B648*86.4","=$G$1*G648","=TANH($E$1*B648*86.4/$G$1)","=COSH($E$1*B648*86.4/$G$1)","=(($G$1^2*1000)/($E$1*$I$1))*(H648-1)","=$J$3*EXP(-$E$1*B648*86.4/$G$1)","=J647-J648"
1,"=B648+A649","=$C$3+($G$1/($E$1*86.4))*SINH($E$1*B649*86.4/$G$1)","=C649-$C$3-B649","=$E$1*B649*86.4","=$G$1*G649","=TANH($E$1*B649*86.4/$G$1)","=COSH($E$1*B649*86.4/$G$1)","=(($G$1^2*1000)/($E$1*$I$1))*(H649-1)","=$J$3*EXP(-$E$1*B649*86.4/$G$1)","=J648-J649"
1,"=B649+A650","=$C$3+($G$1/($E$1*86.4))*SINH($E$1*B650*86.4/$G$1)","=C650-$C$3-B650","=$E$1*B650*86.4","=$G$1*G650","=TANH($E$1*B650*86.4/$G$1)","=COSH($E$1*B650*86.4/$G$1)","=(($G$1^2*1000)/($E$1*$I$1))*(H650-1)","=$J$3*EXP(-$E$1*B650*86.4/$G$1)","=J649-J650"
1,"=B650+A651","=$C$3+($G$1/($E$1*86.4))*SINH($E$1*B651*86.4/$G$1)","=C651-$C$3-B651","=$E$1*B651*86.4","=$G$1*G651","=TANH($E$1*B651*86.4/$G$1)","=COSH($E$1*B651*86.4/$G$1)","=(($G$1^2*1000)/($E$1*$I$1))*(H651-1)","=$J$3*EXP(-$E$1*B651*86.4/$G$1)","=J650-J651"
1,"=B651+A652","=$C$3+($G$1/($E$1*86.4))*SINH($E$1*B652*86.4/$G$1)","=C652-$C$3-B652","=$E$1*B652*86.4","=$G$1*G652","=TANH($E$1*B652*86.4/$G$1)","=COSH($E$1*B652*86.4/$G$1)","=(($G$1^2*1000)/($E$1*$I$1))*(H652-1)","=$J$3*EXP(-$E$1*B652*86.4/$G$1)","=J651-J652"
1,"=B652+A653","=$C$3+($G$1/($E$1*86.4))*SINH($E$1*B653*86.4/$G$1)","=C653-$C$3-B653","=$E$1*B653*86.4","=$G$1*G653","=TANH($E$1*B653*86.4/$G$1)","=COSH($E$1*B653*86.4/$G$1)","=(($G$1^2*1000)/($E$1*$I$1))*(H653-1)","=$J$3*EXP(-$E$1*B653*86.4/$G$1)","=J652-J653"
1,"=B653+A654","=$C$3+($G$1/($E$1*86.4))*SINH($E$1*B654*86.4/$G$1)","=C654-$C$3-B654","=$E$1*B654*86.4","=$G$1*G654","=TANH($E$1*B654*86.4/$G$1)","=COSH($E$1*B654*86.4/$G$1)","=(($G$1^2*1000)/($E$1*$I$1))*(H654-1)","=$J$3*EXP(-$E$1*B654*86.4/$G$1)","=J653-J654"
1,"=B654+A655","=$C$3+($G$1/($E$1*86.4))*SINH($E$1*B655*86.4/$G$1)","=C655-$C$3-B655","=$E$1*B655*86.4","=$G$1*G655","=TANH($E$1*B655*86.4/$G$1)","=COSH($E$1*B655*86.4/$G$1)","=(($G$1^2*1000)/($E$1*$I$1))*(H655-1)","=$J$3*EXP(-$E$1*B655*86.4/$G$1)","=J654-J655"
1,"=B655+A656","=$C$3+($G$1/($E$1*86.4))*SINH($E$1*B656*86.4/$G$1)","=C656-$C$3-B656","=$E$1*B656*86.4","=$G$1*G656","=TANH($E$1*B656*86.4/$G$1)","=COSH($E$1*B656*86.4/$G$1)","=(($G$1^2*1000)/($E$1*$I$1))*(H656-1)","=$J$3*EXP(-$E$1*B656*86.4/$G$1)","=J655-J656"
1,"=B656+A657","=$C$3+($G$1/($E$1*86.4))*SINH($E$1*B657*86.4/$G$1)","=C657-$C$3-B657","=$E$1*B657*86.4","=$G$1*G657","=TANH($E$1*B657*86.4/$G$1)","=COSH($E$1*B657*86.4/$G$1)","=(($G$1^2*1000)/($E$1*$I$1))*(H657-1)","=$J$3*EXP(-$E$1*B657*86.4/$G$1)","=J656-J657"
1,"=B657+A658","=$C$3+($G$1/($E$1*86.4))*SINH($E$1*B658*86.4/$G$1)","=C658-$C$3-B658","=$E$1*B658*86.4","=$G$1*G658","=TANH($E$1*B658*86.4/$G$1)","=COSH($E$1*B658*86.4/$G$1)","=(($G$1^2*1000)/($E$1*$I$1))*(H658-1)","=$J$3*EXP(-$E$1*B658*86.4/$G$1)","=J657-J658"
1,"=B658+A659","=$C$3+($G$1/($E$1*86.4))*SINH($E$1*B659*86.4/$G$1)","=C659-$C$3-B659","=$E$1*B659*86.4","=$G$1*G659","=TANH($E$1*B659*86.4/$G$1)","=COSH($E$1*B659*86.4/$G$1)","=(($G$1^2*1000)/($E$1*$I$1))*(H659-1)","=$J$3*EXP(-$E$1*B659*86.4/$G$1)","=J658-J659"
1,"=B659+A660","=$C$3+($G$1/($E$1*86.4))*SINH($E$1*B660*86.4/$G$1)","=C660-$C$3-B660","=$E$1*B660*86.4","=$G$1*G660","=TANH($E$1*B660*86.4/$G$1)","=COSH($E$1*B660*86.4/$G$1)","=(($G$1^2*1000)/($E$1*$I$1))*(H660-1)","=$J$3*EXP(-$E$1*B660*86.4/$G$1)","=J659-J660"
1,"=B660+A661","=$C$3+($G$1/($E$1*86.4))*SINH($E$1*B661*86.4/$G$1)","=C661-$C$3-B661","=$E$1*B661*86.4","=$G$1*G661","=TANH($E$1*B661*86.4/$G$1)","=COSH($E$1*B661*86.4/$G$1)","=(($G$1^2*1000)/($E$1*$I$1))*(H661-1)","=$J$3*EXP(-$E$1*B661*86.4/$G$1)","=J660-J661"
1,"=B661+A662","=$C$3+($G$1/($E$1*86.4))*SINH($E$1*B662*86.4/$G$1)","=C662-$C$3-B662","=$E$1*B662*86.4","=$G$1*G662","=TANH($E$1*B662*86.4/$G$1)","=COSH($E$1*B662*86.4/$G$1)","=(($G$1^2*1000)/($E$1*$I$1))*(H662-1)","=$J$3*EXP(-$E$1*B662*86.4/$G$1)","=J661-J662"
1,"=B662+A663","=$C$3+($G$1/($E$1*86.4))*SINH($E$1*B663*86.4/$G$1)","=C663-$C$3-B663","=$E$1*B663*86.4","=$G$1*G663","=TANH($E$1*B663*86.4/$G$1)","=COSH($E$1*B663*86.4/$G$1)","=(($G$1^2*1000)/($E$1*$I$1))*(H663-1)","=$J$3*EXP(-$E$1*B663*86.4/$G$1)","=J662-J663"
1,"=B663+A664","=$C$3+($G$1/($E$1*86.4))*SINH($E$1*B664*86.4/$G$1)","=C664-$C$3-B664","=$E$1*B664*86.4","=$G$1*G664","=TANH($E$1*B664*86.4/$G$1)","=COSH($E$1*B664*86.4/$G$1)","=(($G$1^2*1000)/($E$1*$I$1))*(H664-1)","=$J$3*EXP(-$E$1*B664*86.4/$G$1)","=J663-J664"
1,"=B664+A665","=$C$3+($G$1/($E$1*86.4))*SINH($E$1*B665*86.4/$G$1)","=C665-$C$3-B665","=$E$1*B665*86.4","=$G$1*G665","=TANH($E$1*B665*86.4/$G$1)","=COSH($E$1*B665*86.4/$G$1)","=(($G$1^2*1000)/($E$1*$I$1))*(H665-1)","=$J$3*EXP(-$E$1*B665*86.4/$G$1)","=J664-J665"
1,"=B665+A666","=$C$3+($G$1/($E$1*86.4))*SINH($E$1*B666*86.4/$G$1)","=C666-$C$3-B666","=$E$1*B666*86.4","=$G$1*G666","=TANH($E$1*B666*86.4/$G$1)","=COSH($E$1*B666*86.4/$G$1)","=(($G$1^2*1000)/($E$1*$I$1))*(H666-1)","=$J$3*EXP(-$E$1*B666*86.4/$G$1)","=J665-J666"
1,"=B666+A667","=$C$3+($G$1/($E$1*86.4))*SINH($E$1*B667*86.4/$G$1)","=C667-$C$3-B667","=$E$1*B667*86.4","=$G$1*G667","=TANH($E$1*B667*86.4/$G$1)","=COSH($E$1*B667*86.4/$G$1)","=(($G$1^2*1000)/($E$1*$I$1))*(H667-1)","=$J$3*EXP(-$E$1*B667*86.4/$G$1)","=J666-J667"
1,"=B667+A668","=$C$3+($G$1/($E$1*86.4))*SINH($E$1*B668*86.4/$G$1)","=C668-$C$3-B668","=$E$1*B668*86.4","=$G$1*G668","=TANH($E$1*B668*86.4/$G$1)","=COSH($E$1*B668*86.4/$G$1)","=(($G$1^2*1000)/($E$1*$I$1))*(H668-1)","=$J$3*EXP(-$E$1*B668*86.4/$G$1)","=J667-J668"
1,"=B668+A669","=$C$3+($G$1/($E$1*86.4))*SINH($E$1*B669*86.4/$G$1)","=C669-$C$3-B669","=$E$1*B669*86.4","=$G$1*G669","=TANH($E$1*B669*86.4/$G$1)","=COSH($E$1*B669*86.4/$G$1)","=(($G$1^2*1000)/($E$1*$I$1))*(H669-1)","=$J$3*EXP(-$E$1*B669*86.4/$G$1)","=J668-J669"
1,"=B669+A670","=$C$3+($G$1/($E$1*86.4))*SINH($E$1*B670*86.4/$G$1)","=C670-$C$3-B670","=$E$1*B670*86.4","=$G$1*G670","=TANH($E$1*B670*86.4/$G$1)","=COSH($E$1*B670*86.4/$G$1)","=(($G$1^2*1000)/($E$1*$I$1))*(H670-1)","=$J$3*EXP(-$E$1*B670*86.4/$G$1)","=J669-J670"
1,"=B670+A671","=$C$3+($G$1/($E$1*86.4))*SINH($E$1*B671*86.4/$G$1)","=C671-$C$3-B671","=$E$1*B671*86.4","=$G$1*G671","=TANH($E$1*B671*86.4/$G$1)","=COSH($E$1*B671*86.4/$G$1)","=(($G$1^2*1000)/($E$1*$I$1))*(H671-1)","=$J$3*EXP(-$E$1*B671*86.4/$G$1)","=J670-J671"
1,"=B671+A672","=$C$3+($G$1/($E$1*86.4))*SINH($E$1*B672*86.4/$G$1)","=C672-$C$3-B672","=$E$1*B672*86.4","=$G$1*G672","=TANH($E$1*B672*86.4/$G$1)","=COSH($E$1*B672*86.4/$G$1)","=(($G$1^2*1000)/($E$1*$I$1))*(H672-1)","=$J$3*EXP(-$E$1*B672*86.4/$G$1)","=J671-J672"
1,"=B672+A673","=$C$3+($G$1/($E$1*86.4))*SINH($E$1*B673*86.4/$G$1)","=C673-$C$3-B673","=$E$1*B673*86.4","=$G$1*G673","=TANH($E$1*B673*86.4/$G$1)","=COSH($E$1*B673*86.4/$G$1)","=(($G$1^2*1000)/($E$1*$I$1))*(H673-1)","=$J$3*EXP(-$E$1*B673*86.4/$G$1)","=J672-J673"
1,"=B673+A674","=$C$3+($G$1/($E$1*86.4))*SINH($E$1*B674*86.4/$G$1)","=C674-$C$3-B674","=$E$1*B674*86.4","=$G$1*G674","=TANH($E$1*B674*86.4/$G$1)","=COSH($E$1*B674*86.4/$G$1)","=(($G$1^2*1000)/($E$1*$I$1))*(H674-1)","=$J$3*EXP(-$E$1*B674*86.4/$G$1)","=J673-J674"
1,"=B674+A675","=$C$3+($G$1/($E$1*86.4))*SINH($E$1*B675*86.4/$G$1)","=C675-$C$3-B675","=$E$1*B675*86.4","=$G$1*G675","=TANH($E$1*B675*86.4/$G$1)","=COSH($E$1*B675*86.4/$G$1)","=(($G$1^2*1000)/($E$1*$I$1))*(H675-1)","=$J$3*EXP(-$E$1*B675*86.4/$G$1)","=J674-J675"
1,"=B675+A676","=$C$3+($G$1/($E$1*86.4))*SINH($E$1*B676*86.4/$G$1)","=C676-$C$3-B676","=$E$1*B676*86.4","=$G$1*G676","=TANH($E$1*B676*86.4/$G$1)","=COSH($E$1*B676*86.4/$G$1)","=(($G$1^2*1000)/($E$1*$I$1))*(H676-1)","=$J$3*EXP(-$E$1*B676*86.4/$G$1)","=J675-J676"
1,"=B676+A677","=$C$3+($G$1/($E$1*86.4))*SINH($E$1*B677*86.4/$G$1)","=C677-$C$3-B677","=$E$1*B677*86.4","=$G$1*G677","=TANH($E$1*B677*86.4/$G$1)","=COSH($E$1*B677*86.4/$G$1)","=(($G$1^2*1000)/($E$1*$I$1))*(H677-1)","=$J$3*EXP(-$E$1*B677*86.4/$G$1)","=J676-J677"
1,"=B677+A678","=$C$3+($G$1/($E$1*86.4))*SINH($E$1*B678*86.4/$G$1)","=C678-$C$3-B678","=$E$1*B678*86.4","=$G$1*G678","=TANH($E$1*B678*86.4/$G$1)","=COSH($E$1*B678*86.4/$G$1)","=(($G$1^2*1000)/($E$1*$I$1))*(H678-1)","=$J$3*EXP(-$E$1*B678*86.4/$G$1)","=J677-J678"
1,"=B678+A679","=$C$3+($G$1/($E$1*86.4))*SINH($E$1*B679*86.4/$G$1)","=C679-$C$3-B679","=$E$1*B679*86.4","=$G$1*G679","=TANH($E$1*B679*86.4/$G$1)","=COSH($E$1*B679*86.4/$G$1)","=(($G$1^2*1000)/($E$1*$I$1))*(H679-1)","=$J$3*EXP(-$E$1*B679*86.4/$G$1)","=J678-J679"
1,"=B679+A680","=$C$3+($G$1/($E$1*86.4))*SINH($E$1*B680*86.4/$G$1)","=C680-$C$3-B680","=$E$1*B680*86.4","=$G$1*G680","=TANH($E$1*B680*86.4/$G$1)","=COSH($E$1*B680*86.4/$G$1)","=(($G$1^2*1000)/($E$1*$I$1))*(H680-1)","=$J$3*EXP(-$E$1*B680*86.4/$G$1)","=J679-J680"
1,"=B680+A681","=$C$3+($G$1/($E$1*86.4))*SINH($E$1*B681*86.4/$G$1)","=C681-$C$3-B681","=$E$1*B681*86.4","=$G$1*G681","=TANH($E$1*B681*86.4/$G$1)","=COSH($E$1*B681*86.4/$G$1)","=(($G$1^2*1000)/($E$1*$I$1))*(H681-1)","=$J$3*EXP(-$E$1*B681*86.4/$G$1)","=J680-J681"
1,"=B681+A682","=$C$3+($G$1/($E$1*86.4))*SINH($E$1*B682*86.4/$G$1)","=C682-$C$3-B682","=$E$1*B682*86.4","=$G$1*G682","=TANH($E$1*B682*86.4/$G$1)","=COSH($E$1*B682*86.4/$G$1)","=(($G$1^2*1000)/($E$1*$I$1))*(H682-1)","=$J$3*EXP(-$E$1*B682*86.4/$G$1)","=J681-J682"
1,"=B682+A683","=$C$3+($G$1/($E$1*86.4))*SINH($E$1*B683*86.4/$G$1)","=C683-$C$3-B683","=$E$1*B683*86.4","=$G$1*G683","=TANH($E$1*B683*86.4/$G$1)","=COSH($E$1*B683*86.4/$G$1)","=(($G$1^2*1000)/($E$1*$I$1))*(H683-1)","=$J$3*EXP(-$E$1*B683*86.4/$G$1)","=J682-J683"
1,"=B683+A684","=$C$3+($G$1/($E$1*86.4))*SINH($E$1*B684*86.4/$G$1)","=C684-$C$3-B684","=$E$1*B684*86.4","=$G$1*G684","=TANH($E$1*B684*86.4/$G$1)","=COSH($E$1*B684*86.4/$G$1)","=(($G$1^2*1000)/($E$1*$I$1))*(H684-1)","=$J$3*EXP(-$E$1*B684*86.4/$G$1)","=J683-J684"
1,"=B684+A685","=$C$3+($G$1/($E$1*86.4))*SINH($E$1*B685*86.4/$G$1)","=C685-$C$3-B685","=$E$1*B685*86.4","=$G$1*G685","=TANH($E$1*B685*86.4/$G$1)","=COSH($E$1*B685*86.4/$G$1)","=(($G$1^2*1000)/($E$1*$I$1))*(H685-1)","=$J$3*EXP(-$E$1*B685*86.4/$G$1)","=J684-J685"
1,"=B685+A686","=$C$3+($G$1/($E$1*86.4))*SINH($E$1*B686*86.4/$G$1)","=C686-$C$3-B686","=$E$1*B686*86.4","=$G$1*G686","=TANH($E$1*B686*86.4/$G$1)","=COSH($E$1*B686*86.4/$G$1)","=(($G$1^2*1000)/($E$1*$I$1))*(H686-1)","=$J$3*EXP(-$E$1*B686*86.4/$G$1)","=J685-J686"
1,"=B686+A687","=$C$3+($G$1/($E$1*86.4))*SINH($E$1*B687*86.4/$G$1)","=C687-$C$3-B687","=$E$1*B687*86.4","=$G$1*G687","=TANH($E$1*B687*86.4/$G$1)","=COSH($E$1*B687*86.4/$G$1)","=(($G$1^2*1000)/($E$1*$I$1))*(H687-1)","=$J$3*EXP(-$E$1*B687*86.4/$G$1)","=J686-J687"
1,"=B687+A688","=$C$3+($G$1/($E$1*86.4))*SINH($E$1*B688*86.4/$G$1)","=C688-$C$3-B688","=$E$1*B688*86.4","=$G$1*G688","=TANH($E$1*B688*86.4/$G$1)","=COSH($E$1*B688*86.4/$G$1)","=(($G$1^2*1000)/($E$1*$I$1))*(H688-1)","=$J$3*EXP(-$E$1*B688*86.4/$G$1)","=J687-J688"
1,"=B688+A689","=$C$3+($G$1/($E$1*86.4))*SINH($E$1*B689*86.4/$G$1)","=C689-$C$3-B689","=$E$1*B689*86.4","=$G$1*G689","=TANH($E$1*B689*86.4/$G$1)","=COSH($E$1*B689*86.4/$G$1)","=(($G$1^2*1000)/($E$1*$I$1))*(H689-1)","=$J$3*EXP(-$E$1*B689*86.4/$G$1)","=J688-J689"
1,"=B689+A690","=$C$3+($G$1/($E$1*86.4))*SINH($E$1*B690*86.4/$G$1)","=C690-$C$3-B690","=$E$1*B690*86.4","=$G$1*G690","=TANH($E$1*B690*86.4/$G$1)","=COSH($E$1*B690*86.4/$G$1)","=(($G$1^2*1000)/($E$1*$I$1))*(H690-1)","=$J$3*EXP(-$E$1*B690*86.4/$G$1)","=J689-J690"
1,"=B690+A691","=$C$3+($G$1/($E$1*86.4))*SINH($E$1*B691*86.4/$G$1)","=C691-$C$3-B691","=$E$1*B691*86.4","=$G$1*G691","=TANH($E$1*B691*86.4/$G$1)","=COSH($E$1*B691*86.4/$G$1)","=(($G$1^2*1000)/($E$1*$I$1))*(H691-1)","=$J$3*EXP(-$E$1*B691*86.4/$G$1)","=J690-J691"
1,"=B691+A692","=$C$3+($G$1/($E$1*86.4))*SINH($E$1*B692*86.4/$G$1)","=C692-$C$3-B692","=$E$1*B692*86.4","=$G$1*G692","=TANH($E$1*B692*86.4/$G$1)","=COSH($E$1*B692*86.4/$G$1)","=(($G$1^2*1000)/($E$1*$I$1))*(H692-1)","=$J$3*EXP(-$E$1*B692*86.4/$G$1)","=J691-J692"
1,"=B692+A693","=$C$3+($G$1/($E$1*86.4))*SINH($E$1*B693*86.4/$G$1)","=C693-$C$3-B693","=$E$1*B693*86.4","=$G$1*G693","=TANH($E$1*B693*86.4/$G$1)","=COSH($E$1*B693*86.4/$G$1)","=(($G$1^2*1000)/($E$1*$I$1))*(H693-1)","=$J$3*EXP(-$E$1*B693*86.4/$G$1)","=J692-J693"
1,"=B693+A694","=$C$3+($G$1/($E$1*86.4))*SINH($E$1*B694*86.4/$G$1)","=C694-$C$3-B694","=$E$1*B694*86.4","=$G$1*G694","=TANH($E$1*B694*86.4/$G$1)","=COSH($E$1*B694*86.4/$G$1)","=(($G$1^2*1000)/($E$1*$I$1))*(H694-1)","=$J$3*EXP(-$E$1*B694*86.4/$G$1)","=J693-J694"
1,"=B694+A695","=$C$3+($G$1/($E$1*86.4))*SINH($E$1*B695*86.4/$G$1)","=C695-$C$3-B695","=$E$1*B695*86.4","=$G$1*G695","=TANH($E$1*B695*86.4/$G$1)","=COSH($E$1*B695*86.4/$G$1)","=(($G$1^2*1000)/($E$1*$I$1))*(H695-1)","=$J$3*EXP(-$E$1*B695*86.4/$G$1)","=J694-J695"
1,"=B695+A696","=$C$3+($G$1/($E$1*86.4))*SINH($E$1*B696*86.4/$G$1)","=C696-$C$3-B696","=$E$1*B696*86.4","=$G$1*G696","=TANH($E$1*B696*86.4/$G$1)","=COSH($E$1*B696*86.4/$G$1)","=(($G$1^2*1000)/($E$1*$I$1))*(H696-1)","=$J$3*EXP(-$E$1*B696*86.4/$G$1)","=J695-J696"
1,"=B696+A697","=$C$3+($G$1/($E$1*86.4))*SINH($E$1*B697*86.4/$G$1)","=C697-$C$3-B697","=$E$1*B697*86.4","=$G$1*G697","=TANH($E$1*B697*86.4/$G$1)","=COSH($E$1*B697*86.4/$G$1)","=(($G$1^2*1000)/($E$1*$I$1))*(H697-1)","=$J$3*EXP(-$E$1*B697*86.4/$G$1)","=J696-J697"
1,"=B697+A698","=$C$3+($G$1/($E$1*86.4))*SINH($E$1*B698*86.4/$G$1)","=C698-$C$3-B698","=$E$1*B698*86.4","=$G$1*G698","=TANH($E$1*B698*86.4/$G$1)","=COSH($E$1*B698*86.4/$G$1)","=(($G$1^2*1000)/($E$1*$I$1))*(H698-1)","=$J$3*EXP(-$E$1*B698*86.4/$G$1)","=J697-J698"
1,"=B698+A699","=$C$3+($G$1/($E$1*86.4))*SINH($E$1*B699*86.4/$G$1)","=C699-$C$3-B699","=$E$1*B699*86.4","=$G$1*G699","=TANH($E$1*B699*86.4/$G$1)","=COSH($E$1*B699*86.4/$G$1)","=(($G$1^2*1000)/($E$1*$I$1))*(H699-1)","=$J$3*EXP(-$E$1*B699*86.4/$G$1)","=J698-J699"
1,"=B699+A700","=$C$3+($G$1/($E$1*86.4))*SINH($E$1*B700*86.4/$G$1)","=C700-$C$3-B700","=$E$1*B700*86.4","=$G$1*G700","=TANH($E$1*B700*86.4/$G$1)","=COSH($E$1*B700*86.4/$G$1)","=(($G$1^2*1000)/($E$1*$I$1))*(H700-1)","=$J$3*EXP(-$E$1*B700*86.4/$G$1)","=J699-J700"
1,"=B700+A701","=$C$3+($G$1/($E$1*86.4))*SINH($E$1*B701*86.4/$G$1)","=C701-$C$3-B701","=$E$1*B701*86.4","=$G$1*G701","=TANH($E$1*B701*86.4/$G$1)","=COSH($E$1*B701*86.4/$G$1)","=(($G$1^2*1000)/($E$1*$I$1))*(H701-1)","=$J$3*EXP(-$E$1*B701*86.4/$G$1)","=J700-J701"
1,"=B701+A702","=$C$3+($G$1/($E$1*86.4))*SINH($E$1*B702*86.4/$G$1)","=C702-$C$3-B702","=$E$1*B702*86.4","=$G$1*G702","=TANH($E$1*B702*86.4/$G$1)","=COSH($E$1*B702*86.4/$G$1)","=(($G$1^2*1000)/($E$1*$I$1))*(H702-1)","=$J$3*EXP(-$E$1*B702*86.4/$G$1)","=J701-J702"
1,"=B702+A703","=$C$3+($G$1/($E$1*86.4))*SINH($E$1*B703*86.4/$G$1)","=C703-$C$3-B703","=$E$1*B703*86.4","=$G$1*G703","=TANH($E$1*B703*86.4/$G$1)","=COSH($E$1*B703*86.4/$G$1)","=(($G$1^2*1000)/($E$1*$I$1))*(H703-1)","=$J$3*EXP(-$E$1*B703*86.4/$G$1)","=J702-J703"
1,"=B703+A704","=$C$3+($G$1/($E$1*86.4))*SINH($E$1*B704*86.4/$G$1)","=C704-$C$3-B704","=$E$1*B704*86.4","=$G$1*G704","=TANH($E$1*B704*86.4/$G$1)","=COSH($E$1*B704*86.4/$G$1)","=(($G$1^2*1000)/($E$1*$I$1))*(H704-1)","=$J$3*EXP(-$E$1*B704*86.4/$G$1)","=J703-J704"
1,"=B704+A705","=$C$3+($G$1/($E$1*86.4))*SINH($E$1*B705*86.4/$G$1)","=C705-$C$3-B705","=$E$1*B705*86.4","=$G$1*G705","=TANH($E$1*B705*86.4/$G$1)","=COSH($E$1*B705*86.4/$G$1)","=(($G$1^2*1000)/($E$1*$I$1))*(H705-1)","=$J$3*EXP(-$E$1*B705*86.4/$G$1)","=J704-J705"
1,"=B705+A706","=$C$3+($G$1/($E$1*86.4))*SINH($E$1*B706*86.4/$G$1)","=C706-$C$3-B706","=$E$1*B706*86.4","=$G$1*G706","=TANH($E$1*B706*86.4/$G$1)","=COSH($E$1*B706*86.4/$G$1)","=(($G$1^2*1000)/($E$1*$I$1))*(H706-1)","=$J$3*EXP(-$E$1*B706*86.4/$G$1)","=J705-J706"
1,"=B706+A707","=$C$3+($G$1/($E$1*86.4))*SINH($E$1*B707*86.4/$G$1)","=C707-$C$3-B707","=$E$1*B707*86.4","=$G$1*G707","=TANH($E$1*B707*86.4/$G$1)","=COSH($E$1*B707*86.4/$G$1)","=(($G$1^2*1000)/($E$1*$I$1))*(H707-1)","=$J$3*EXP(-$E$1*B707*86.4/$G$1)","=J706-J707"
1,"=B707+A708","=$C$3+($G$1/($E$1*86.4))*SINH($E$1*B708*86.4/$G$1)","=C708-$C$3-B708","=$E$1*B708*86.4","=$G$1*G708","=TANH($E$1*B708*86.4/$G$1)","=COSH($E$1*B708*86.4/$G$1)","=(($G$1^2*1000)/($E$1*$I$1))*(H708-1)","=$J$3*EXP(-$E$1*B708*86.4/$G$1)","=J707-J708"
1,"=B708+A709","=$C$3+($G$1/($E$1*86.4))*SINH($E$1*B709*86.4/$G$1)","=C709-$C$3-B709","=$E$1*B709*86.4","=$G$1*G709","=TANH($E$1*B709*86.4/$G$1)","=COSH($E$1*B709*86.4/$G$1)","=(($G$1^2*1000)/($E$1*$I$1))*(H709-1)","=$J$3*EXP(-$E$1*B709*86.4/$G$1)","=J708-J709"
1,"=B709+A710","=$C$3+($G$1/($E$1*86.4))*SINH($E$1*B710*86.4/$G$1)","=C710-$C$3-B710","=$E$1*B710*86.4","=$G$1*G710","=TANH($E$1*B710*86.4/$G$1)","=COSH($E$1*B710*86.4/$G$1)","=(($G$1^2*1000)/($E$1*$I$1))*(H710-1)","=$J$3*EXP(-$E$1*B710*86.4/$G$1)","=J709-J710"
1,"=B710+A711","=$C$3+($G$1/($E$1*86.4))*SINH($E$1*B711*86.4/$G$1)","=C711-$C$3-B711","=$E$1*B711*86.4","=$G$1*G711","=TANH($E$1*B711*86.4/$G$1)","=COSH($E$1*B711*86.4/$G$1)","=(($G$1^2*1000)/($E$1*$I$1))*(H711-1)","=$J$3*EXP(-$E$1*B711*86.4/$G$1)","=J710-J711"
1,"=B711+A712","=$C$3+($G$1/($E$1*86.4))*SINH($E$1*B712*86.4/$G$1)","=C712-$C$3-B712","=$E$1*B712*86.4","=$G$1*G712","=TANH($E$1*B712*86.4/$G$1)","=COSH($E$1*B712*86.4/$G$1)","=(($G$1^2*1000)/($E$1*$I$1))*(H712-1)","=$J$3*EXP(-$E$1*B712*86.4/$G$1)","=J711-J712"
1,"=B712+A713","=$C$3+($G$1/($E$1*86.4))*SINH($E$1*B713*86.4/$G$1)","=C713-$C$3-B713","=$E$1*B713*86.4","=$G$1*G713","=TANH($E$1*B713*86.4/$G$1)","=COSH($E$1*B713*86.4/$G$1)","=(($G$1^2*1000)/($E$1*$I$1))*(H713-1)","=$J$3*EXP(-$E$1*B713*86.4/$G$1)","=J712-J713"
1,"=B713+A714","=$C$3+($G$1/($E$1*86.4))*SINH($E$1*B714*86.4/$G$1)","=C714-$C$3-B714","=$E$1*B714*86.4","=$G$1*G714","=TANH($E$1*B714*86.4/$G$1)","=COSH($E$1*B714*86.4/$G$1)","=(($G$1^2*1000)/($E$1*$I$1))*(H714-1)","=$J$3*EXP(-$E$1*B714*86.4/$G$1)","=J713-J714"
1,"=B714+A715","=$C$3+($G$1/($E$1*86.4))*SINH($E$1*B715*86.4/$G$1)","=C715-$C$3-B715","=$E$1*B715*86.4","=$G$1*G715","=TANH($E$1*B715*86.4/$G$1)","=COSH($E$1*B715*86.4/$G$1)","=(($G$1^2*1000)/($E$1*$I$1))*(H715-1)","=$J$3*EXP(-$E$1*B715*86.4/$G$1)","=J714-J715"
1,"=B715+A716","=$C$3+($G$1/($E$1*86.4))*SINH($E$1*B716*86.4/$G$1)","=C716-$C$3-B716","=$E$1*B716*86.4","=$G$1*G716","=TANH($E$1*B716*86.4/$G$1)","=COSH($E$1*B716*86.4/$G$1)","=(($G$1^2*1000)/($E$1*$I$1))*(H716-1)","=$J$3*EXP(-$E$1*B716*86.4/$G$1)","=J715-J716"
1,"=B716+A717","=$C$3+($G$1/($E$1*86.4))*SINH($E$1*B717*86.4/$G$1)","=C717-$C$3-B717","=$E$1*B717*86.4","=$G$1*G717","=TANH($E$1*B717*86.4/$G$1)","=COSH($E$1*B717*86.4/$G$1)","=(($G$1^2*1000)/($E$1*$I$1))*(H717-1)","=$J$3*EXP(-$E$1*B717*86.4/$G$1)","=J716-J717"
1,"=B717+A718","=$C$3+($G$1/($E$1*86.4))*SINH($E$1*B718*86.4/$G$1)","=C718-$C$3-B718","=$E$1*B718*86.4","=$G$1*G718","=TANH($E$1*B718*86.4/$G$1)","=COSH($E$1*B718*86.4/$G$1)","=(($G$1^2*1000)/($E$1*$I$1))*(H718-1)","=$J$3*EXP(-$E$1*B718*86.4/$G$1)","=J717-J718"
1,"=B718+A719","=$C$3+($G$1/($E$1*86.4))*SINH($E$1*B719*86.4/$G$1)","=C719-$C$3-B719","=$E$1*B719*86.4","=$G$1*G719","=TANH($E$1*B719*86.4/$G$1)","=COSH($E$1*B719*86.4/$G$1)","=(($G$1^2*1000)/($E$1*$I$1))*(H719-1)","=$J$3*EXP(-$E$1*B719*86.4/$G$1)","=J718-J719"
1,"=B719+A720","=$C$3+($G$1/($E$1*86.4))*SINH($E$1*B720*86.4/$G$1)","=C720-$C$3-B720","=$E$1*B720*86.4","=$G$1*G720","=TANH($E$1*B720*86.4/$G$1)","=COSH($E$1*B720*86.4/$G$1)","=(($G$1^2*1000)/($E$1*$I$1))*(H720-1)","=$J$3*EXP(-$E$1*B720*86.4/$G$1)","=J719-J720"
1,"=B720+A721","=$C$3+($G$1/($E$1*86.4))*SINH($E$1*B721*86.4/$G$1)","=C721-$C$3-B721","=$E$1*B721*86.4","=$G$1*G721","=TANH($E$1*B721*86.4/$G$1)","=COSH($E$1*B721*86.4/$G$1)","=(($G$1^2*1000)/($E$1*$I$1))*(H721-1)","=$J$3*EXP(-$E$1*B721*86.4/$G$1)","=J720-J721"
1,"=B721+A722","=$C$3+($G$1/($E$1*86.4))*SINH($E$1*B722*86.4/$G$1)","=C722-$C$3-B722","=$E$1*B722*86.4","=$G$1*G722","=TANH($E$1*B722*86.4/$G$1)","=COSH($E$1*B722*86.4/$G$1)","=(($G$1^2*1000)/($E$1*$I$1))*(H722-1)","=$J$3*EXP(-$E$1*B722*86.4/$G$1)","=J721-J722"
1,"=B722+A723","=$C$3+($G$1/($E$1*86.4))*SINH($E$1*B723*86.4/$G$1)","=C723-$C$3-B723","=$E$1*B723*86.4","=$G$1*G723","=TANH($E$1*B723*86.4/$G$1)","=COSH($E$1*B723*86.4/$G$1)","=(($G$1^2*1000)/($E$1*$I$1))*(H723-1)","=$J$3*EXP(-$E$1*B723*86.4/$G$1)","=J722-J723"
1,"=B723+A724","=$C$3+($G$1/($E$1*86.4))*SINH($E$1*B724*86.4/$G$1)","=C724-$C$3-B724","=$E$1*B724*86.4","=$G$1*G724","=TANH($E$1*B724*86.4/$G$1)","=COSH($E$1*B724*86.4/$G$1)","=(($G$1^2*1000)/($E$1*$I$1))*(H724-1)","=$J$3*EXP(-$E$1*B724*86.4/$G$1)","=J723-J724"
1,"=B724+A725","=$C$3+($G$1/($E$1*86.4))*SINH($E$1*B725*86.4/$G$1)","=C725-$C$3-B725","=$E$1*B725*86.4","=$G$1*G725","=TANH($E$1*B725*86.4/$G$1)","=COSH($E$1*B725*86.4/$G$1)","=(($G$1^2*1000)/($E$1*$I$1))*(H725-1)","=$J$3*EXP(-$E$1*B725*86.4/$G$1)","=J724-J725"
1,"=B725+A726","=$C$3+($G$1/($E$1*86.4))*SINH($E$1*B726*86.4/$G$1)","=C726-$C$3-B726","=$E$1*B726*86.4","=$G$1*G726","=TANH($E$1*B726*86.4/$G$1)","=COSH($E$1*B726*86.4/$G$1)","=(($G$1^2*1000)/($E$1*$I$1))*(H726-1)","=$J$3*EXP(-$E$1*B726*86.4/$G$1)","=J725-J726"
1,"=B726+A727","=$C$3+($G$1/($E$1*86.4))*SINH($E$1*B727*86.4/$G$1)","=C727-$C$3-B727","=$E$1*B727*86.4","=$G$1*G727","=TANH($E$1*B727*86.4/$G$1)","=COSH($E$1*B727*86.4/$G$1)","=(($G$1^2*1000)/($E$1*$I$1))*(H727-1)","=$J$3*EXP(-$E$1*B727*86.4/$G$1)","=J726-J727"
1,"=B727+A728","=$C$3+($G$1/($E$1*86.4))*SINH($E$1*B728*86.4/$G$1)","=C728-$C$3-B728","=$E$1*B728*86.4","=$G$1*G728","=TANH($E$1*B728*86.4/$G$1)","=COSH($E$1*B728*86.4/$G$1)","=(($G$1^2*1000)/($E$1*$I$1))*(H728-1)","=$J$3*EXP(-$E$1*B728*86.4/$G$1)","=J727-J728"
1,"=B728+A729","=$C$3+($G$1/($E$1*86.4))*SINH($E$1*B729*86.4/$G$1)","=C729-$C$3-B729","=$E$1*B729*86.4","=$G$1*G729","=TANH($E$1*B729*86.4/$G$1)","=COSH($E$1*B729*86.4/$G$1)","=(($G$1^2*1000)/($E$1*$I$1))*(H729-1)","=$J$3*EXP(-$E$1*B729*86.4/$G$1)","=J728-J729"
1,"=B729+A730","=$C$3+($G$1/($E$1*86.4))*SINH($E$1*B730*86.4/$G$1)","=C730-$C$3-B730","=$E$1*B730*86.4","=$G$1*G730","=TANH($E$1*B730*86.4/$G$1)","=COSH($E$1*B730*86.4/$G$1)","=(($G$1^2*1000)/($E$1*$I$1))*(H730-1)","=$J$3*EXP(-$E$1*B730*86.4/$G$1)","=J729-J730"
1,"=B730+A731","=$C$3+($G$1/($E$1*86.4))*SINH($E$1*B731*86.4/$G$1)","=C731-$C$3-B731","=$E$1*B731*86.4","=$G$1*G731","=TANH($E$1*B731*86.4/$G$1)","=COSH($E$1*B731*86.4/$G$1)","=(($G$1^2*1000)/($E$1*$I$1))*(H731-1)","=$J$3*EXP(-$E$1*B731*86.4/$G$1)","=J730-J731"
1,"=B731+A732","=$C$3+($G$1/($E$1*86.4))*SINH($E$1*B732*86.4/$G$1)","=C732-$C$3-B732","=$E$1*B732*86.4","=$G$1*G732","=TANH($E$1*B732*86.4/$G$1)","=COSH($E$1*B732*86.4/$G$1)","=(($G$1^2*1000)/($E$1*$I$1))*(H732-1)","=$J$3*EXP(-$E$1*B732*86.4/$G$1)","=J731-J732"
1,"=B732+A733","=$C$3+($G$1/($E$1*86.4))*SINH($E$1*B733*86.4/$G$1)","=C733-$C$3-B733","=$E$1*B733*86.4","=$G$1*G733","=TANH($E$1*B733*86.4/$G$1)","=COSH($E$1*B733*86.4/$G$1)","=(($G$1^2*1000)/($E$1*$I$1))*(H733-1)","=$J$3*EXP(-$E$1*B733*86.4/$G$1)","=J732-J733"
1,"=B733+A734","=$C$3+($G$1/($E$1*86.4))*SINH($E$1*B734*86.4/$G$1)","=C734-$C$3-B734","=$E$1*B734*86.4","=$G$1*G734","=TANH($E$1*B734*86.4/$G$1)","=COSH($E$1*B734*86.4/$G$1)","=(($G$1^2*1000)/($E$1*$I$1))*(H734-1)","=$J$3*EXP(-$E$1*B734*86.4/$G$1)","=J733-J734"
1,"=B734+A735","=$C$3+($G$1/($E$1*86.4))*SINH($E$1*B735*86.4/$G$1)","=C735-$C$3-B735","=$E$1*B735*86.4","=$G$1*G735","=TANH($E$1*B735*86.4/$G$1)","=COSH($E$1*B735*86.4/$G$1)","=(($G$1^2*1000)/($E$1*$I$1))*(H735-1)","=$J$3*EXP(-$E$1*B735*86.4/$G$1)","=J734-J735"
1,"=B735+A736","=$C$3+($G$1/($E$1*86.4))*SINH($E$1*B736*86.4/$G$1)","=C736-$C$3-B736","=$E$1*B736*86.4","=$G$1*G736","=TANH($E$1*B736*86.4/$G$1)","=COSH($E$1*B736*86.4/$G$1)","=(($G$1^2*1000)/($E$1*$I$1))*(H736-1)","=$J$3*EXP(-$E$1*B736*86.4/$G$1)","=J735-J736"
1,"=B736+A737","=$C$3+($G$1/($E$1*86.4))*SINH($E$1*B737*86.4/$G$1)","=C737-$C$3-B737","=$E$1*B737*86.4","=$G$1*G737","=TANH($E$1*B737*86.4/$G$1)","=COSH($E$1*B737*86.4/$G$1)","=(($G$1^2*1000)/($E$1*$I$1))*(H737-1)","=$J$3*EXP(-$E$1*B737*86.4/$G$1)","=J736-J737"
1,"=B737+A738","=$C$3+($G$1/($E$1*86.4))*SINH($E$1*B738*86.4/$G$1)","=C738-$C$3-B738","=$E$1*B738*86.4","=$G$1*G738","=TANH($E$1*B738*86.4/$G$1)","=COSH($E$1*B738*86.4/$G$1)","=(($G$1^2*1000)/($E$1*$I$1))*(H738-1)","=$J$3*EXP(-$E$1*B738*86.4/$G$1)","=J737-J738"
1,"=B738+A739","=$C$3+($G$1/($E$1*86.4))*SINH($E$1*B739*86.4/$G$1)","=C739-$C$3-B739","=$E$1*B739*86.4","=$G$1*G739","=TANH($E$1*B739*86.4/$G$1)","=COSH($E$1*B739*86.4/$G$1)","=(($G$1^2*1000)/($E$1*$I$1))*(H739-1)","=$J$3*EXP(-$E$1*B739*86.4/$G$1)","=J738-J739"
1,"=B739+A740","=$C$3+($G$1/($E$1*86.4))*SINH($E$1*B740*86.4/$G$1)","=C740-$C$3-B740","=$E$1*B740*86.4","=$G$1*G740","=TANH($E$1*B740*86.4/$G$1)","=COSH($E$1*B740*86.4/$G$1)","=(($G$1^2*1000)/($E$1*$I$1))*(H740-1)","=$J$3*EXP(-$E$1*B740*86.4/$G$1)","=J739-J740"
1,"=B740+A741","=$C$3+($G$1/($E$1*86.4))*SINH($E$1*B741*86.4/$G$1)","=C741-$C$3-B741","=$E$1*B741*86.4","=$G$1*G741","=TANH($E$1*B741*86.4/$G$1)","=COSH($E$1*B741*86.4/$G$1)","=(($G$1^2*1000)/($E$1*$I$1))*(H741-1)","=$J$3*EXP(-$E$1*B741*86.4/$G$1)","=J740-J741"
1,"=B741+A742","=$C$3+($G$1/($E$1*86.4))*SINH($E$1*B742*86.4/$G$1)","=C742-$C$3-B742","=$E$1*B742*86.4","=$G$1*G742","=TANH($E$1*B742*86.4/$G$1)","=COSH($E$1*B742*86.4/$G$1)","=(($G$1^2*1000)/($E$1*$I$1))*(H742-1)","=$J$3*EXP(-$E$1*B742*86.4/$G$1)","=J741-J742"
1,"=B742+A743","=$C$3+($G$1/($E$1*86.4))*SINH($E$1*B743*86.4/$G$1)","=C743-$C$3-B743","=$E$1*B743*86.4","=$G$1*G743","=TANH($E$1*B743*86.4/$G$1)","=COSH($E$1*B743*86.4/$G$1)","=(($G$1^2*1000)/($E$1*$I$1))*(H743-1)","=$J$3*EXP(-$E$1*B743*86.4/$G$1)","=J742-J743"
1,"=B743+A744","=$C$3+($G$1/($E$1*86.4))*SINH($E$1*B744*86.4/$G$1)","=C744-$C$3-B744","=$E$1*B744*86.4","=$G$1*G744","=TANH($E$1*B744*86.4/$G$1)","=COSH($E$1*B744*86.4/$G$1)","=(($G$1^2*1000)/($E$1*$I$1))*(H744-1)","=$J$3*EXP(-$E$1*B744*86.4/$G$1)","=J743-J744"
1,"=B744+A745","=$C$3+($G$1/($E$1*86.4))*SINH($E$1*B745*86.4/$G$1)","=C745-$C$3-B745","=$E$1*B745*86.4","=$G$1*G745","=TANH($E$1*B745*86.4/$G$1)","=COSH($E$1*B745*86.4/$G$1)","=(($G$1^2*1000)/($E$1*$I$1))*(H745-1)","=$J$3*EXP(-$E$1*B745*86.4/$G$1)","=J744-J745"
1,"=B745+A746","=$C$3+($G$1/($E$1*86.4))*SINH($E$1*B746*86.4/$G$1)","=C746-$C$3-B746","=$E$1*B746*86.4","=$G$1*G746","=TANH($E$1*B746*86.4/$G$1)","=COSH($E$1*B746*86.4/$G$1)","=(($G$1^2*1000)/($E$1*$I$1))*(H746-1)","=$J$3*EXP(-$E$1*B746*86.4/$G$1)","=J745-J746"
1,"=B746+A747","=$C$3+($G$1/($E$1*86.4))*SINH($E$1*B747*86.4/$G$1)","=C747-$C$3-B747","=$E$1*B747*86.4","=$G$1*G747","=TANH($E$1*B747*86.4/$G$1)","=COSH($E$1*B747*86.4/$G$1)","=(($G$1^2*1000)/($E$1*$I$1))*(H747-1)","=$J$3*EXP(-$E$1*B747*86.4/$G$1)","=J746-J747"
1,"=B747+A748","=$C$3+($G$1/($E$1*86.4))*SINH($E$1*B748*86.4/$G$1)","=C748-$C$3-B748","=$E$1*B748*86.4","=$G$1*G748","=TANH($E$1*B748*86.4/$G$1)","=COSH($E$1*B748*86.4/$G$1)","=(($G$1^2*1000)/($E$1*$I$1))*(H748-1)","=$J$3*EXP(-$E$1*B748*86.4/$G$1)","=J747-J748"
1,"=B748+A749","=$C$3+($G$1/($E$1*86.4))*SINH($E$1*B749*86.4/$G$1)","=C749-$C$3-B749","=$E$1*B749*86.4","=$G$1*G749","=TANH($E$1*B749*86.4/$G$1)","=COSH($E$1*B749*86.4/$G$1)","=(($G$1^2*1000)/($E$1*$I$1))*(H749-1)","=$J$3*EXP(-$E$1*B749*86.4/$G$1)","=J748-J749"
1,"=B749+A750","=$C$3+($G$1/($E$1*86.4))*SINH($E$1*B750*86.4/$G$1)","=C750-$C$3-B750","=$E$1*B750*86.4","=$G$1*G750","=TANH($E$1*B750*86.4/$G$1)","=COSH($E$1*B750*86.4/$G$1)","=(($G$1^2*1000)/($E$1*$I$1))*(H750-1)","=$J$3*EXP(-$E$1*B750*86.4/$G$1)","=J749-J750"
1,"=B750+A751","=$C$3+($G$1/($E$1*86.4))*SINH($E$1*B751*86.4/$G$1)","=C751-$C$3-B751","=$E$1*B751*86.4","=$G$1*G751","=TANH($E$1*B751*86.4/$G$1)","=COSH($E$1*B751*86.4/$G$1)","=(($G$1^2*1000)/($E$1*$I$1))*(H751-1)","=$J$3*EXP(-$E$1*B751*86.4/$G$1)","=J750-J751"
1,"=B751+A752","=$C$3+($G$1/($E$1*86.4))*SINH($E$1*B752*86.4/$G$1)","=C752-$C$3-B752","=$E$1*B752*86.4","=$G$1*G752","=TANH($E$1*B752*86.4/$G$1)","=COSH($E$1*B752*86.4/$G$1)","=(($G$1^2*1000)/($E$1*$I$1))*(H752-1)","=$J$3*EXP(-$E$1*B752*86.4/$G$1)","=J751-J752"
1,"=B752+A753","=$C$3+($G$1/($E$1*86.4))*SINH($E$1*B753*86.4/$G$1)","=C753-$C$3-B753","=$E$1*B753*86.4","=$G$1*G753","=TANH($E$1*B753*86.4/$G$1)","=COSH($E$1*B753*86.4/$G$1)","=(($G$1^2*1000)/($E$1*$I$1))*(H753-1)","=$J$3*EXP(-$E$1*B753*86.4/$G$1)","=J752-J753"
1,"=B753+A754","=$C$3+($G$1/($E$1*86.4))*SINH($E$1*B754*86.4/$G$1)","=C754-$C$3-B754","=$E$1*B754*86.4","=$G$1*G754","=TANH($E$1*B754*86.4/$G$1)","=COSH($E$1*B754*86.4/$G$1)","=(($G$1^2*1000)/($E$1*$I$1))*(H754-1)","=$J$3*EXP(-$E$1*B754*86.4/$G$1)","=J753-J754"
1,"=B754+A755","=$C$3+($G$1/($E$1*86.4))*SINH($E$1*B755*86.4/$G$1)","=C755-$C$3-B755","=$E$1*B755*86.4","=$G$1*G755","=TANH($E$1*B755*86.4/$G$1)","=COSH($E$1*B755*86.4/$G$1)","=(($G$1^2*1000)/($E$1*$I$1))*(H755-1)","=$J$3*EXP(-$E$1*B755*86.4/$G$1)","=J754-J755"
1,"=B755+A756","=$C$3+($G$1/($E$1*86.4))*SINH($E$1*B756*86.4/$G$1)","=C756-$C$3-B756","=$E$1*B756*86.4","=$G$1*G756","=TANH($E$1*B756*86.4/$G$1)","=COSH($E$1*B756*86.4/$G$1)","=(($G$1^2*1000)/($E$1*$I$1))*(H756-1)","=$J$3*EXP(-$E$1*B756*86.4/$G$1)","=J755-J756"
1,"=B756+A757","=$C$3+($G$1/($E$1*86.4))*SINH($E$1*B757*86.4/$G$1)","=C757-$C$3-B757","=$E$1*B757*86.4","=$G$1*G757","=TANH($E$1*B757*86.4/$G$1)","=COSH($E$1*B757*86.4/$G$1)","=(($G$1^2*1000)/($E$1*$I$1))*(H757-1)","=$J$3*EXP(-$E$1*B757*86.4/$G$1)","=J756-J757"
1,"=B757+A758","=$C$3+($G$1/($E$1*86.4))*SINH($E$1*B758*86.4/$G$1)","=C758-$C$3-B758","=$E$1*B758*86.4","=$G$1*G758","=TANH($E$1*B758*86.4/$G$1)","=COSH($E$1*B758*86.4/$G$1)","=(($G$1^2*1000)/($E$1*$I$1))*(H758-1)","=$J$3*EXP(-$E$1*B758*86.4/$G$1)","=J757-J758"
1,"=B758+A759","=$C$3+($G$1/($E$1*86.4))*SINH($E$1*B759*86.4/$G$1)","=C759-$C$3-B759","=$E$1*B759*86.4","=$G$1*G759","=TANH($E$1*B759*86.4/$G$1)","=COSH($E$1*B759*86.4/$G$1)","=(($G$1^2*1000)/($E$1*$I$1))*(H759-1)","=$J$3*EXP(-$E$1*B759*86.4/$G$1)","=J758-J759"
1,"=B759+A760","=$C$3+($G$1/($E$1*86.4))*SINH($E$1*B760*86.4/$G$1)","=C760-$C$3-B760","=$E$1*B760*86.4","=$G$1*G760","=TANH($E$1*B760*86.4/$G$1)","=COSH($E$1*B760*86.4/$G$1)","=(($G$1^2*1000)/($E$1*$I$1))*(H760-1)","=$J$3*EXP(-$E$1*B760*86.4/$G$1)","=J759-J760"
1,"=B760+A761","=$C$3+($G$1/($E$1*86.4))*SINH($E$1*B761*86.4/$G$1)","=C761-$C$3-B761","=$E$1*B761*86.4","=$G$1*G761","=TANH($E$1*B761*86.4/$G$1)","=COSH($E$1*B761*86.4/$G$1)","=(($G$1^2*1000)/($E$1*$I$1))*(H761-1)","=$J$3*EXP(-$E$1*B761*86.4/$G$1)","=J760-J761"
1,"=B761+A762","=$C$3+($G$1/($E$1*86.4))*SINH($E$1*B762*86.4/$G$1)","=C762-$C$3-B762","=$E$1*B762*86.4","=$G$1*G762","=TANH($E$1*B762*86.4/$G$1)","=COSH($E$1*B762*86.4/$G$1)","=(($G$1^2*1000)/($E$1*$I$1))*(H762-1)","=$J$3*EXP(-$E$1*B762*86.4/$G$1)","=J761-J762"
1,"=B762+A763","=$C$3+($G$1/($E$1*86.4))*SINH($E$1*B763*86.4/$G$1)","=C763-$C$3-B763","=$E$1*B763*86.4","=$G$1*G763","=TANH($E$1*B763*86.4/$G$1)","=COSH($E$1*B763*86.4/$G$1)","=(($G$1^2*1000)/($E$1*$I$1))*(H763-1)","=$J$3*EXP(-$E$1*B763*86.4/$G$1)","=J762-J763"
1,"=B763+A764","=$C$3+($G$1/($E$1*86.4))*SINH($E$1*B764*86.4/$G$1)","=C764-$C$3-B764","=$E$1*B764*86.4","=$G$1*G764","=TANH($E$1*B764*86.4/$G$1)","=COSH($E$1*B764*86.4/$G$1)","=(($G$1^2*1000)/($E$1*$I$1))*(H764-1)","=$J$3*EXP(-$E$1*B764*86.4/$G$1)","=J763-J764"
1,"=B764+A765","=$C$3+($G$1/($E$1*86.4))*SINH($E$1*B765*86.4/$G$1)","=C765-$C$3-B765","=$E$1*B765*86.4","=$G$1*G765","=TANH($E$1*B765*86.4/$G$1)","=COSH($E$1*B765*86.4/$G$1)","=(($G$1^2*1000)/($E$1*$I$1))*(H765-1)","=$J$3*EXP(-$E$1*B765*86.4/$G$1)","=J764-J765"
1,"=B765+A766","=$C$3+($G$1/($E$1*86.4))*SINH($E$1*B766*86.4/$G$1)","=C766-$C$3-B766","=$E$1*B766*86.4","=$G$1*G766","=TANH($E$1*B766*86.4/$G$1)","=COSH($E$1*B766*86.4/$G$1)","=(($G$1^2*1000)/($E$1*$I$1))*(H766-1)","=$J$3*EXP(-$E$1*B766*86.4/$G$1)","=J765-J766"
1,"=B766+A767","=$C$3+($G$1/($E$1*86.4))*SINH($E$1*B767*86.4/$G$1)","=C767-$C$3-B767","=$E$1*B767*86.4","=$G$1*G767","=TANH($E$1*B767*86.4/$G$1)","=COSH($E$1*B767*86.4/$G$1)","=(($G$1^2*1000)/($E$1*$I$1))*(H767-1)","=$J$3*EXP(-$E$1*B767*86.4/$G$1)","=J766-J767"
1,"=B767+A768","=$C$3+($G$1/($E$1*86.4))*SINH($E$1*B768*86.4/$G$1)","=C768-$C$3-B768","=$E$1*B768*86.4","=$G$1*G768","=TANH($E$1*B768*86.4/$G$1)","=COSH($E$1*B768*86.4/$G$1)","=(($G$1^2*1000)/($E$1*$I$1))*(H768-1)","=$J$3*EXP(-$E$1*B768*86.4/$G$1)","=J767-J768"
1,"=B768+A769","=$C$3+($G$1/($E$1*86.4))*SINH($E$1*B769*86.4/$G$1)","=C769-$C$3-B769","=$E$1*B769*86.4","=$G$1*G769","=TANH($E$1*B769*86.4/$G$1)","=COSH($E$1*B769*86.4/$G$1)","=(($G$1^2*1000)/($E$1*$I$1))*(H769-1)","=$J$3*EXP(-$E$1*B769*86.4/$G$1)","=J768-J769"
1,"=B769+A770","=$C$3+($G$1/($E$1*86.4))*SINH($E$1*B770*86.4/$G$1)","=C770-$C$3-B770","=$E$1*B770*86.4","=$G$1*G770","=TANH($E$1*B770*86.4/$G$1)","=COSH($E$1*B770*86.4/$G$1)","=(($G$1^2*1000)/($E$1*$I$1))*(H770-1)","=$J$3*EXP(-$E$1*B770*86.4/$G$1)","=J769-J770"
1,"=B770+A771","=$C$3+($G$1/($E$1*86.4))*SINH($E$1*B771*86.4/$G$1)","=C771-$C$3-B771","=$E$1*B771*86.4","=$G$1*G771","=TANH($E$1*B771*86.4/$G$1)","=COSH($E$1*B771*86.4/$G$1)","=(($G$1^2*1000)/($E$1*$I$1))*(H771-1)","=$J$3*EXP(-$E$1*B771*86.4/$G$1)","=J770-J771"
1,"=B771+A772","=$C$3+($G$1/($E$1*86.4))*SINH($E$1*B772*86.4/$G$1)","=C772-$C$3-B772","=$E$1*B772*86.4","=$G$1*G772","=TANH($E$1*B772*86.4/$G$1)","=COSH($E$1*B772*86.4/$G$1)","=(($G$1^2*1000)/($E$1*$I$1))*(H772-1)","=$J$3*EXP(-$E$1*B772*86.4/$G$1)","=J771-J772"
1,"=B772+A773","=$C$3+($G$1/($E$1*86.4))*SINH($E$1*B773*86.4/$G$1)","=C773-$C$3-B773","=$E$1*B773*86.4","=$G$1*G773","=TANH($E$1*B773*86.4/$G$1)","=COSH($E$1*B773*86.4/$G$1)","=(($G$1^2*1000)/($E$1*$I$1))*(H773-1)","=$J$3*EXP(-$E$1*B773*86.4/$G$1)","=J772-J773"
1,"=B773+A774","=$C$3+($G$1/($E$1*86.4))*SINH($E$1*B774*86.4/$G$1)","=C774-$C$3-B774","=$E$1*B774*86.4","=$G$1*G774","=TANH($E$1*B774*86.4/$G$1)","=COSH($E$1*B774*86.4/$G$1)","=(($G$1^2*1000)/($E$1*$I$1))*(H774-1)","=$J$3*EXP(-$E$1*B774*86.4/$G$1)","=J773-J774"
1,"=B774+A775","=$C$3+($G$1/($E$1*86.4))*SINH($E$1*B775*86.4/$G$1)","=C775-$C$3-B775","=$E$1*B775*86.4","=$G$1*G775","=TANH($E$1*B775*86.4/$G$1)","=COSH($E$1*B775*86.4/$G$1)","=(($G$1^2*1000)/($E$1*$I$1))*(H775-1)","=$J$3*EXP(-$E$1*B775*86.4/$G$1)","=J774-J775"
1,"=B775+A776","=$C$3+($G$1/($E$1*86.4))*SINH($E$1*B776*86.4/$G$1)","=C776-$C$3-B776","=$E$1*B776*86.4","=$G$1*G776","=TANH($E$1*B776*86.4/$G$1)","=COSH($E$1*B776*86.4/$G$1)","=(($G$1^2*1000)/($E$1*$I$1))*(H776-1)","=$J$3*EXP(-$E$1*B776*86.4/$G$1)","=J775-J776"
1,"=B776+A777","=$C$3+($G$1/($E$1*86.4))*SINH($E$1*B777*86.4/$G$1)","=C777-$C$3-B777","=$E$1*B777*86.4","=$G$1*G777","=TANH($E$1*B777*86.4/$G$1)","=COSH($E$1*B777*86.4/$G$1)","=(($G$1^2*1000)/($E$1*$I$1))*(H777-1)","=$J$3*EXP(-$E$1*B777*86.4/$G$1)","=J776-J777"
1,"=B777+A778","=$C$3+($G$1/($E$1*86.4))*SINH($E$1*B778*86.4/$G$1)","=C778-$C$3-B778","=$E$1*B778*86.4","=$G$1*G778","=TANH($E$1*B778*86.4/$G$1)","=COSH($E$1*B778*86.4/$G$1)","=(($G$1^2*1000)/($E$1*$I$1))*(H778-1)","=$J$3*EXP(-$E$1*B778*86.4/$G$1)","=J777-J778"
1,"=B778+A779","=$C$3+($G$1/($E$1*86.4))*SINH($E$1*B779*86.4/$G$1)","=C779-$C$3-B779","=$E$1*B779*86.4","=$G$1*G779","=TANH($E$1*B779*86.4/$G$1)","=COSH($E$1*B779*86.4/$G$1)","=(($G$1^2*1000)/($E$1*$I$1))*(H779-1)","=$J$3*EXP(-$E$1*B779*86.4/$G$1)","=J778-J779"
1,"=B779+A780","=$C$3+($G$1/($E$1*86.4))*SINH($E$1*B780*86.4/$G$1)","=C780-$C$3-B780","=$E$1*B780*86.4","=$G$1*G780","=TANH($E$1*B780*86.4/$G$1)","=COSH($E$1*B780*86.4/$G$1)","=(($G$1^2*1000)/($E$1*$I$1))*(H780-1)","=$J$3*EXP(-$E$1*B780*86.4/$G$1)","=J779-J780"
1,"=B780+A781","=$C$3+($G$1/($E$1*86.4))*SINH($E$1*B781*86.4/$G$1)","=C781-$C$3-B781","=$E$1*B781*86.4","=$G$1*G781","=TANH($E$1*B781*86.4/$G$1)","=COSH($E$1*B781*86.4/$G$1)","=(($G$1^2*1000)/($E$1*$I$1))*(H781-1)","=$J$3*EXP(-$E$1*B781*86.4/$G$1)","=J780-J781"
1,"=B781+A782","=$C$3+($G$1/($E$1*86.4))*SINH($E$1*B782*86.4/$G$1)","=C782-$C$3-B782","=$E$1*B782*86.4","=$G$1*G782","=TANH($E$1*B782*86.4/$G$1)","=COSH($E$1*B782*86.4/$G$1)","=(($G$1^2*1000)/($E$1*$I$1))*(H782-1)","=$J$3*EXP(-$E$1*B782*86.4/$G$1)","=J781-J782"
1,"=B782+A783","=$C$3+($G$1/($E$1*86.4))*SINH($E$1*B783*86.4/$G$1)","=C783-$C$3-B783","=$E$1*B783*86.4","=$G$1*G783","=TANH($E$1*B783*86.4/$G$1)","=COSH($E$1*B783*86.4/$G$1)","=(($G$1^2*1000)/($E$1*$I$1))*(H783-1)","=$J$3*EXP(-$E$1*B783*86.4/$G$1)","=J782-J783"
1,"=B783+A784","=$C$3+($G$1/($E$1*86.4))*SINH($E$1*B784*86.4/$G$1)","=C784-$C$3-B784","=$E$1*B784*86.4","=$G$1*G784","=TANH($E$1*B784*86.4/$G$1)","=COSH($E$1*B784*86.4/$G$1)","=(($G$1^2*1000)/($E$1*$I$1))*(H784-1)","=$J$3*EXP(-$E$1*B784*86.4/$G$1)","=J783-J784"
1,"=B784+A785","=$C$3+($G$1/($E$1*86.4))*SINH($E$1*B785*86.4/$G$1)","=C785-$C$3-B785","=$E$1*B785*86.4","=$G$1*G785","=TANH($E$1*B785*86.4/$G$1)","=COSH($E$1*B785*86.4/$G$1)","=(($G$1^2*1000)/($E$1*$I$1))*(H785-1)","=$J$3*EXP(-$E$1*B785*86.4/$G$1)","=J784-J785"
1,"=B785+A786","=$C$3+($G$1/($E$1*86.4))*SINH($E$1*B786*86.4/$G$1)","=C786-$C$3-B786","=$E$1*B786*86.4","=$G$1*G786","=TANH($E$1*B786*86.4/$G$1)","=COSH($E$1*B786*86.4/$G$1)","=(($G$1^2*1000)/($E$1*$I$1))*(H786-1)","=$J$3*EXP(-$E$1*B786*86.4/$G$1)","=J785-J786"
1,"=B786+A787","=$C$3+($G$1/($E$1*86.4))*SINH($E$1*B787*86.4/$G$1)","=C787-$C$3-B787","=$E$1*B787*86.4","=$G$1*G787","=TANH($E$1*B787*86.4/$G$1)","=COSH($E$1*B787*86.4/$G$1)","=(($G$1^2*1000)/($E$1*$I$1))*(H787-1)","=$J$3*EXP(-$E$1*B787*86.4/$G$1)","=J786-J787"
1,"=B787+A788","=$C$3+($G$1/($E$1*86.4))*SINH($E$1*B788*86.4/$G$1)","=C788-$C$3-B788","=$E$1*B788*86.4","=$G$1*G788","=TANH($E$1*B788*86.4/$G$1)","=COSH($E$1*B788*86.4/$G$1)","=(($G$1^2*1000)/($E$1*$I$1))*(H788-1)","=$J$3*EXP(-$E$1*B788*86.4/$G$1)","=J787-J788"
1,"=B788+A789","=$C$3+($G$1/($E$1*86.4))*SINH($E$1*B789*86.4/$G$1)","=C789-$C$3-B789","=$E$1*B789*86.4","=$G$1*G789","=TANH($E$1*B789*86.4/$G$1)","=COSH($E$1*B789*86.4/$G$1)","=(($G$1^2*1000)/($E$1*$I$1))*(H789-1)","=$J$3*EXP(-$E$1*B789*86.4/$G$1)","=J788-J789"
1,"=B789+A790","=$C$3+($G$1/($E$1*86.4))*SINH($E$1*B790*86.4/$G$1)","=C790-$C$3-B790","=$E$1*B790*86.4","=$G$1*G790","=TANH($E$1*B790*86.4/$G$1)","=COSH($E$1*B790*86.4/$G$1)","=(($G$1^2*1000)/($E$1*$I$1))*(H790-1)","=$J$3*EXP(-$E$1*B790*86.4/$G$1)","=J789-J790"
1,"=B790+A791","=$C$3+($G$1/($E$1*86.4))*SINH($E$1*B791*86.4/$G$1)","=C791-$C$3-B791","=$E$1*B791*86.4","=$G$1*G791","=TANH($E$1*B791*86.4/$G$1)","=COSH($E$1*B791*86.4/$G$1)","=(($G$1^2*1000)/($E$1*$I$1))*(H791-1)","=$J$3*EXP(-$E$1*B791*86.4/$G$1)","=J790-J791"
1,"=B791+A792","=$C$3+($G$1/($E$1*86.4))*SINH($E$1*B792*86.4/$G$1)","=C792-$C$3-B792","=$E$1*B792*86.4","=$G$1*G792","=TANH($E$1*B792*86.4/$G$1)","=COSH($E$1*B792*86.4/$G$1)","=(($G$1^2*1000)/($E$1*$I$1))*(H792-1)","=$J$3*EXP(-$E$1*B792*86.4/$G$1)","=J791-J792"
1,"=B792+A793","=$C$3+($G$1/($E$1*86.4))*SINH($E$1*B793*86.4/$G$1)","=C793-$C$3-B793","=$E$1*B793*86.4","=$G$1*G793","=TANH($E$1*B793*86.4/$G$1)","=COSH($E$1*B793*86.4/$G$1)","=(($G$1^2*1000)/($E$1*$I$1))*(H793-1)","=$J$3*EXP(-$E$1*B793*86.4/$G$1)","=J792-J793"
1,"=B793+A794","=$C$3+($G$1/($E$1*86.4))*SINH($E$1*B794*86.4/$G$1)","=C794-$C$3-B794","=$E$1*B794*86.4","=$G$1*G794","=TANH($E$1*B794*86.4/$G$1)","=COSH($E$1*B794*86.4/$G$1)","=(($G$1^2*1000)/($E$1*$I$1))*(H794-1)","=$J$3*EXP(-$E$1*B794*86.4/$G$1)","=J793-J794"
1,"=B794+A795","=$C$3+($G$1/($E$1*86.4))*SINH($E$1*B795*86.4/$G$1)","=C795-$C$3-B795","=$E$1*B795*86.4","=$G$1*G795","=TANH($E$1*B795*86.4/$G$1)","=COSH($E$1*B795*86.4/$G$1)","=(($G$1^2*1000)/($E$1*$I$1))*(H795-1)","=$J$3*EXP(-$E$1*B795*86.4/$G$1)","=J794-J795"
1,"=B795+A796","=$C$3+($G$1/($E$1*86.4))*SINH($E$1*B796*86.4/$G$1)","=C796-$C$3-B796","=$E$1*B796*86.4","=$G$1*G796","=TANH($E$1*B796*86.4/$G$1)","=COSH($E$1*B796*86.4/$G$1)","=(($G$1^2*1000)/($E$1*$I$1))*(H796-1)","=$J$3*EXP(-$E$1*B796*86.4/$G$1)","=J795-J796"
1,"=B796+A797","=$C$3+($G$1/($E$1*86.4))*SINH($E$1*B797*86.4/$G$1)","=C797-$C$3-B797","=$E$1*B797*86.4","=$G$1*G797","=TANH($E$1*B797*86.4/$G$1)","=COSH($E$1*B797*86.4/$G$1)","=(($G$1^2*1000)/($E$1*$I$1))*(H797-1)","=$J$3*EXP(-$E$1*B797*86.4/$G$1)","=J796-J797"
1,"=B797+A798","=$C$3+($G$1/($E$1*86.4))*SINH($E$1*B798*86.4/$G$1)","=C798-$C$3-B798","=$E$1*B798*86.4","=$G$1*G798","=TANH($E$1*B798*86.4/$G$1)","=COSH($E$1*B798*86.4/$G$1)","=(($G$1^2*1000)/($E$1*$I$1))*(H798-1)","=$J$3*EXP(-$E$1*B798*86.4/$G$1)","=J797-J798"
1,"=B798+A799","=$C$3+($G$1/($E$1*86.4))*SINH($E$1*B799*86.4/$G$1)","=C799-$C$3-B799","=$E$1*B799*86.4","=$G$1*G799","=TANH($E$1*B799*86.4/$G$1)","=COSH($E$1*B799*86.4/$G$1)","=(($G$1^2*1000)/($E$1*$I$1))*(H799-1)","=$J$3*EXP(-$E$1*B799*86.4/$G$1)","=J798-J799"
1,"=B799+A800","=$C$3+($G$1/($E$1*86.4))*SINH($E$1*B800*86.4/$G$1)","=C800-$C$3-B800","=$E$1*B800*86.4","=$G$1*G800","=TANH($E$1*B800*86.4/$G$1)","=COSH($E$1*B800*86.4/$G$1)","=(($G$1^2*1000)/($E$1*$I$1))*(H800-1)","=$J$3*EXP(-$E$1*B800*86.4/$G$1)","=J799-J800"
1,"=B800+A801","=$C$3+($G$1/($E$1*86.4))*SINH($E$1*B801*86.4/$G$1)","=C801-$C$3-B801","=$E$1*B801*86.4","=$G$1*G801","=TANH($E$1*B801*86.4/$G$1)","=COSH($E$1*B801*86.4/$G$1)","=(($G$1^2*1000)/($E$1*$I$1))*(H801-1)","=$J$3*EXP(-$E$1*B801*86.4/$G$1)","=J800-J801"
1,"=B801+A802","=$C$3+($G$1/($E$1*86.4))*SINH($E$1*B802*86.4/$G$1)","=C802-$C$3-B802","=$E$1*B802*86.4","=$G$1*G802","=TANH($E$1*B802*86.4/$G$1)","=COSH($E$1*B802*86.4/$G$1)","=(($G$1^2*1000)/($E$1*$I$1))*(H802-1)","=$J$3*EXP(-$E$1*B802*86.4/$G$1)","=J801-J802"
1,"=B802+A803","=$C$3+($G$1/($E$1*86.4))*SINH($E$1*B803*86.4/$G$1)","=C803-$C$3-B803","=$E$1*B803*86.4","=$G$1*G803","=TANH($E$1*B803*86.4/$G$1)","=COSH($E$1*B803*86.4/$G$1)","=(($G$1^2*1000)/($E$1*$I$1))*(H803-1)","=$J$3*EXP(-$E$1*B803*86.4/$G$1)","=J802-J803"
1,"=B803+A804","=$C$3+($G$1/($E$1*86.4))*SINH($E$1*B804*86.4/$G$1)","=C804-$C$3-B804","=$E$1*B804*86.4","=$G$1*G804","=TANH($E$1*B804*86.4/$G$1)","=COSH($E$1*B804*86.4/$G$1)","=(($G$1^2*1000)/($E$1*$I$1))*(H804-1)","=$J$3*EXP(-$E$1*B804*86.4/$G$1)","=J803-J804"
1,"=B804+A805","=$C$3+($G$1/($E$1*86.4))*SINH($E$1*B805*86.4/$G$1)","=C805-$C$3-B805","=$E$1*B805*86.4","=$G$1*G805","=TANH($E$1*B805*86.4/$G$1)","=COSH($E$1*B805*86.4/$G$1)","=(($G$1^2*1000)/($E$1*$I$1))*(H805-1)","=$J$3*EXP(-$E$1*B805*86.4/$G$1)","=J804-J805"
1,"=B805+A806","=$C$3+($G$1/($E$1*86.4))*SINH($E$1*B806*86.4/$G$1)","=C806-$C$3-B806","=$E$1*B806*86.4","=$G$1*G806","=TANH($E$1*B806*86.4/$G$1)","=COSH($E$1*B806*86.4/$G$1)","=(($G$1^2*1000)/($E$1*$I$1))*(H806-1)","=$J$3*EXP(-$E$1*B806*86.4/$G$1)","=J805-J806"
1,"=B806+A807","=$C$3+($G$1/($E$1*86.4))*SINH($E$1*B807*86.4/$G$1)","=C807-$C$3-B807","=$E$1*B807*86.4","=$G$1*G807","=TANH($E$1*B807*86.4/$G$1)","=COSH($E$1*B807*86.4/$G$1)","=(($G$1^2*1000)/($E$1*$I$1))*(H807-1)","=$J$3*EXP(-$E$1*B807*86.4/$G$1)","=J806-J807"
1,"=B807+A808","=$C$3+($G$1/($E$1*86.4))*SINH($E$1*B808*86.4/$G$1)","=C808-$C$3-B808","=$E$1*B808*86.4","=$G$1*G808","=TANH($E$1*B808*86.4/$G$1)","=COSH($E$1*B808*86.4/$G$1)","=(($G$1^2*1000)/($E$1*$I$1))*(H808-1)","=$J$3*EXP(-$E$1*B808*86.4/$G$1)","=J807-J808"
1,"=B808+A809","=$C$3+($G$1/($E$1*86.4))*SINH($E$1*B809*86.4/$G$1)","=C809-$C$3-B809","=$E$1*B809*86.4","=$G$1*G809","=TANH($E$1*B809*86.4/$G$1)","=COSH($E$1*B809*86.4/$G$1)","=(($G$1^2*1000)/($E$1*$I$1))*(H809-1)","=$J$3*EXP(-$E$1*B809*86.4/$G$1)","=J808-J809"
1,"=B809+A810","=$C$3+($G$1/($E$1*86.4))*SINH($E$1*B810*86.4/$G$1)","=C810-$C$3-B810","=$E$1*B810*86.4","=$G$1*G810","=TANH($E$1*B810*86.4/$G$1)","=COSH($E$1*B810*86.4/$G$1)","=(($G$1^2*1000)/($E$1*$I$1))*(H810-1)","=$J$3*EXP(-$E$1*B810*86.4/$G$1)","=J809-J810"
1,"=B810+A811","=$C$3+($G$1/($E$1*86.4))*SINH($E$1*B811*86.4/$G$1)","=C811-$C$3-B811","=$E$1*B811*86.4","=$G$1*G811","=TANH($E$1*B811*86.4/$G$1)","=COSH($E$1*B811*86.4/$G$1)","=(($G$1^2*1000)/($E$1*$I$1))*(H811-1)","=$J$3*EXP(-$E$1*B811*86.4/$G$1)","=J810-J811"
1,"=B811+A812","=$C$3+($G$1/($E$1*86.4))*SINH($E$1*B812*86.4/$G$1)","=C812-$C$3-B812","=$E$1*B812*86.4","=$G$1*G812","=TANH($E$1*B812*86.4/$G$1)","=COSH($E$1*B812*86.4/$G$1)","=(($G$1^2*1000)/($E$1*$I$1))*(H812-1)","=$J$3*EXP(-$E$1*B812*86.4/$G$1)","=J811-J812"
1,"=B812+A813","=$C$3+($G$1/($E$1*86.4))*SINH($E$1*B813*86.4/$G$1)","=C813-$C$3-B813","=$E$1*B813*86.4","=$G$1*G813","=TANH($E$1*B813*86.4/$G$1)","=COSH($E$1*B813*86.4/$G$1)","=(($G$1^2*1000)/($E$1*$I$1))*(H813-1)","=$J$3*EXP(-$E$1*B813*86.4/$G$1)","=J812-J813"
1,"=B813+A814","=$C$3+($G$1/($E$1*86.4))*SINH($E$1*B814*86.4/$G$1)","=C814-$C$3-B814","=$E$1*B814*86.4","=$G$1*G814","=TANH($E$1*B814*86.4/$G$1)","=COSH($E$1*B814*86.4/$G$1)","=(($G$1^2*1000)/($E$1*$I$1))*(H814-1)","=$J$3*EXP(-$E$1*B814*86.4/$G$1)","=J813-J814"
1,"=B814+A815","=$C$3+($G$1/($E$1*86.4))*SINH($E$1*B815*86.4/$G$1)","=C815-$C$3-B815","=$E$1*B815*86.4","=$G$1*G815","=TANH($E$1*B815*86.4/$G$1)","=COSH($E$1*B815*86.4/$G$1)","=(($G$1^2*1000)/($E$1*$I$1))*(H815-1)","=$J$3*EXP(-$E$1*B815*86.4/$G$1)","=J814-J815"
1,"=B815+A816","=$C$3+($G$1/($E$1*86.4))*SINH($E$1*B816*86.4/$G$1)","=C816-$C$3-B816","=$E$1*B816*86.4","=$G$1*G816","=TANH($E$1*B816*86.4/$G$1)","=COSH($E$1*B816*86.4/$G$1)","=(($G$1^2*1000)/($E$1*$I$1))*(H816-1)","=$J$3*EXP(-$E$1*B816*86.4/$G$1)","=J815-J816"
1,"=B816+A817","=$C$3+($G$1/($E$1*86.4))*SINH($E$1*B817*86.4/$G$1)","=C817-$C$3-B817","=$E$1*B817*86.4","=$G$1*G817","=TANH($E$1*B817*86.4/$G$1)","=COSH($E$1*B817*86.4/$G$1)","=(($G$1^2*1000)/($E$1*$I$1))*(H817-1)","=$J$3*EXP(-$E$1*B817*86.4/$G$1)","=J816-J817"
1,"=B817+A818","=$C$3+($G$1/($E$1*86.4))*SINH($E$1*B818*86.4/$G$1)","=C818-$C$3-B818","=$E$1*B818*86.4","=$G$1*G818","=TANH($E$1*B818*86.4/$G$1)","=COSH($E$1*B818*86.4/$G$1)","=(($G$1^2*1000)/($E$1*$I$1))*(H818-1)","=$J$3*EXP(-$E$1*B818*86.4/$G$1)","=J817-J818"
1,"=B818+A819","=$C$3+($G$1/($E$1*86.4))*SINH($E$1*B819*86.4/$G$1)","=C819-$C$3-B819","=$E$1*B819*86.4","=$G$1*G819","=TANH($E$1*B819*86.4/$G$1)","=COSH($E$1*B819*86.4/$G$1)","=(($G$1^2*1000)/($E$1*$I$1))*(H819-1)","=$J$3*EXP(-$E$1*B819*86.4/$G$1)","=J818-J819"
1,"=B819+A820","=$C$3+($G$1/($E$1*86.4))*SINH($E$1*B820*86.4/$G$1)","=C820-$C$3-B820","=$E$1*B820*86.4","=$G$1*G820","=TANH($E$1*B820*86.4/$G$1)","=COSH($E$1*B820*86.4/$G$1)","=(($G$1^2*1000)/($E$1*$I$1))*(H820-1)","=$J$3*EXP(-$E$1*B820*86.4/$G$1)","=J819-J820"
1,"=B820+A821","=$C$3+($G$1/($E$1*86.4))*SINH($E$1*B821*86.4/$G$1)","=C821-$C$3-B821","=$E$1*B821*86.4","=$G$1*G821","=TANH($E$1*B821*86.4/$G$1)","=COSH($E$1*B821*86.4/$G$1)","=(($G$1^2*1000)/($E$1*$I$1))*(H821-1)","=$J$3*EXP(-$E$1*B821*86.4/$G$1)","=J820-J821"
1,"=B821+A822","=$C$3+($G$1/($E$1*86.4))*SINH($E$1*B822*86.4/$G$1)","=C822-$C$3-B822","=$E$1*B822*86.4","=$G$1*G822","=TANH($E$1*B822*86.4/$G$1)","=COSH($E$1*B822*86.4/$G$1)","=(($G$1^2*1000)/($E$1*$I$1))*(H822-1)","=$J$3*EXP(-$E$1*B822*86.4/$G$1)","=J821-J822"
1,"=B822+A823","=$C$3+($G$1/($E$1*86.4))*SINH($E$1*B823*86.4/$G$1)","=C823-$C$3-B823","=$E$1*B823*86.4","=$G$1*G823","=TANH($E$1*B823*86.4/$G$1)","=COSH($E$1*B823*86.4/$G$1)","=(($G$1^2*1000)/($E$1*$I$1))*(H823-1)","=$J$3*EXP(-$E$1*B823*86.4/$G$1)","=J822-J823"
1,"=B823+A824","=$C$3+($G$1/($E$1*86.4))*SINH($E$1*B824*86.4/$G$1)","=C824-$C$3-B824","=$E$1*B824*86.4","=$G$1*G824","=TANH($E$1*B824*86.4/$G$1)","=COSH($E$1*B824*86.4/$G$1)","=(($G$1^2*1000)/($E$1*$I$1))*(H824-1)","=$J$3*EXP(-$E$1*B824*86.4/$G$1)","=J823-J824"
1,"=B824+A825","=$C$3+($G$1/($E$1*86.4))*SINH($E$1*B825*86.4/$G$1)","=C825-$C$3-B825","=$E$1*B825*86.4","=$G$1*G825","=TANH($E$1*B825*86.4/$G$1)","=COSH($E$1*B825*86.4/$G$1)","=(($G$1^2*1000)/($E$1*$I$1))*(H825-1)","=$J$3*EXP(-$E$1*B825*86.4/$G$1)","=J824-J825"
1,"=B825+A826","=$C$3+($G$1/($E$1*86.4))*SINH($E$1*B826*86.4/$G$1)","=C826-$C$3-B826","=$E$1*B826*86.4","=$G$1*G826","=TANH($E$1*B826*86.4/$G$1)","=COSH($E$1*B826*86.4/$G$1)","=(($G$1^2*1000)/($E$1*$I$1))*(H826-1)","=$J$3*EXP(-$E$1*B826*86.4/$G$1)","=J825-J826"
1,"=B826+A827","=$C$3+($G$1/($E$1*86.4))*SINH($E$1*B827*86.4/$G$1)","=C827-$C$3-B827","=$E$1*B827*86.4","=$G$1*G827","=TANH($E$1*B827*86.4/$G$1)","=COSH($E$1*B827*86.4/$G$1)","=(($G$1^2*1000)/($E$1*$I$1))*(H827-1)","=$J$3*EXP(-$E$1*B827*86.4/$G$1)","=J826-J827"
1,"=B827+A828","=$C$3+($G$1/($E$1*86.4))*SINH($E$1*B828*86.4/$G$1)","=C828-$C$3-B828","=$E$1*B828*86.4","=$G$1*G828","=TANH($E$1*B828*86.4/$G$1)","=COSH($E$1*B828*86.4/$G$1)","=(($G$1^2*1000)/($E$1*$I$1))*(H828-1)","=$J$3*EXP(-$E$1*B828*86.4/$G$1)","=J827-J828"
1,"=B828+A829","=$C$3+($G$1/($E$1*86.4))*SINH($E$1*B829*86.4/$G$1)","=C829-$C$3-B829","=$E$1*B829*86.4","=$G$1*G829","=TANH($E$1*B829*86.4/$G$1)","=COSH($E$1*B829*86.4/$G$1)","=(($G$1^2*1000)/($E$1*$I$1))*(H829-1)","=$J$3*EXP(-$E$1*B829*86.4/$G$1)","=J828-J829"
1,"=B829+A830","=$C$3+($G$1/($E$1*86.4))*SINH($E$1*B830*86.4/$G$1)","=C830-$C$3-B830","=$E$1*B830*86.4","=$G$1*G830","=TANH($E$1*B830*86.4/$G$1)","=COSH($E$1*B830*86.4/$G$1)","=(($G$1^2*1000)/($E$1*$I$1))*(H830-1)","=$J$3*EXP(-$E$1*B830*86.4/$G$1)","=J829-J830"
1,"=B830+A831","=$C$3+($G$1/($E$1*86.4))*SINH($E$1*B831*86.4/$G$1)","=C831-$C$3-B831","=$E$1*B831*86.4","=$G$1*G831","=TANH($E$1*B831*86.4/$G$1)","=COSH($E$1*B831*86.4/$G$1)","=(($G$1^2*1000)/($E$1*$I$1))*(H831-1)","=$J$3*EXP(-$E$1*B831*86.4/$G$1)","=J830-J831"
1,"=B831+A832","=$C$3+($G$1/($E$1*86.4))*SINH($E$1*B832*86.4/$G$1)","=C832-$C$3-B832","=$E$1*B832*86.4","=$G$1*G832","=TANH($E$1*B832*86.4/$G$1)","=COSH($E$1*B832*86.4/$G$1)","=(($G$1^2*1000)/($E$1*$I$1))*(H832-1)","=$J$3*EXP(-$E$1*B832*86.4/$G$1)","=J831-J832"
1,"=B832+A833","=$C$3+($G$1/($E$1*86.4))*SINH($E$1*B833*86.4/$G$1)","=C833-$C$3-B833","=$E$1*B833*86.4","=$G$1*G833","=TANH($E$1*B833*86.4/$G$1)","=COSH($E$1*B833*86.4/$G$1)","=(($G$1^2*1000)/($E$1*$I$1))*(H833-1)","=$J$3*EXP(-$E$1*B833*86.4/$G$1)","=J832-J833"
1,"=B833+A834","=$C$3+($G$1/($E$1*86.4))*SINH($E$1*B834*86.4/$G$1)","=C834-$C$3-B834","=$E$1*B834*86.4","=$G$1*G834","=TANH($E$1*B834*86.4/$G$1)","=COSH($E$1*B834*86.4/$G$1)","=(($G$1^2*1000)/($E$1*$I$1))*(H834-1)","=$J$3*EXP(-$E$1*B834*86.4/$G$1)","=J833-J834"
1,"=B834+A835","=$C$3+($G$1/($E$1*86.4))*SINH($E$1*B835*86.4/$G$1)","=C835-$C$3-B835","=$E$1*B835*86.4","=$G$1*G835","=TANH($E$1*B835*86.4/$G$1)","=COSH($E$1*B835*86.4/$G$1)","=(($G$1^2*1000)/($E$1*$I$1))*(H835-1)","=$J$3*EXP(-$E$1*B835*86.4/$G$1)","=J834-J835"
1,"=B835+A836","=$C$3+($G$1/($E$1*86.4))*SINH($E$1*B836*86.4/$G$1)","=C836-$C$3-B836","=$E$1*B836*86.4","=$G$1*G836","=TANH($E$1*B836*86.4/$G$1)","=COSH($E$1*B836*86.4/$G$1)","=(($G$1^2*1000)/($E$1*$I$1))*(H836-1)","=$J$3*EXP(-$E$1*B836*86.4/$G$1)","=J835-J836"
1,"=B836+A837","=$C$3+($G$1/($E$1*86.4))*SINH($E$1*B837*86.4/$G$1)","=C837-$C$3-B837","=$E$1*B837*86.4","=$G$1*G837","=TANH($E$1*B837*86.4/$G$1)","=COSH($E$1*B837*86.4/$G$1)","=(($G$1^2*1000)/($E$1*$I$1))*(H837-1)","=$J$3*EXP(-$E$1*B837*86.4/$G$1)","=J836-J837"
1,"=B837+A838","=$C$3+($G$1/($E$1*86.4))*SINH($E$1*B838*86.4/$G$1)","=C838-$C$3-B838","=$E$1*B838*86.4","=$G$1*G838","=TANH($E$1*B838*86.4/$G$1)","=COSH($E$1*B838*86.4/$G$1)","=(($G$1^2*1000)/($E$1*$I$1))*(H838-1)","=$J$3*EXP(-$E$1*B838*86.4/$G$1)","=J837-J838"
1,"=B838+A839","=$C$3+($G$1/($E$1*86.4))*SINH($E$1*B839*86.4/$G$1)","=C839-$C$3-B839","=$E$1*B839*86.4","=$G$1*G839","=TANH($E$1*B839*86.4/$G$1)","=COSH($E$1*B839*86.4/$G$1)","=(($G$1^2*1000)/($E$1*$I$1))*(H839-1)","=$J$3*EXP(-$E$1*B839*86.4/$G$1)","=J838-J839"
1,"=B839+A840","=$C$3+($G$1/($E$1*86.4))*SINH($E$1*B840*86.4/$G$1)","=C840-$C$3-B840","=$E$1*B840*86.4","=$G$1*G840","=TANH($E$1*B840*86.4/$G$1)","=COSH($E$1*B840*86.4/$G$1)","=(($G$1^2*1000)/($E$1*$I$1))*(H840-1)","=$J$3*EXP(-$E$1*B840*86.4/$G$1)","=J839-J840"
1,"=B840+A841","=$C$3+($G$1/($E$1*86.4))*SINH($E$1*B841*86.4/$G$1)","=C841-$C$3-B841","=$E$1*B841*86.4","=$G$1*G841","=TANH($E$1*B841*86.4/$G$1)","=COSH($E$1*B841*86.4/$G$1)","=(($G$1^2*1000)/($E$1*$I$1))*(H841-1)","=$J$3*EXP(-$E$1*B841*86.4/$G$1)","=J840-J841"
1,"=B841+A842","=$C$3+($G$1/($E$1*86.4))*SINH($E$1*B842*86.4/$G$1)","=C842-$C$3-B842","=$E$1*B842*86.4","=$G$1*G842","=TANH($E$1*B842*86.4/$G$1)","=COSH($E$1*B842*86.4/$G$1)","=(($G$1^2*1000)/($E$1*$I$1))*(H842-1)","=$J$3*EXP(-$E$1*B842*86.4/$G$1)","=J841-J842"
1,"=B842+A843","=$C$3+($G$1/($E$1*86.4))*SINH($E$1*B843*86.4/$G$1)","=C843-$C$3-B843","=$E$1*B843*86.4","=$G$1*G843","=TANH($E$1*B843*86.4/$G$1)","=COSH($E$1*B843*86.4/$G$1)","=(($G$1^2*1000)/($E$1*$I$1))*(H843-1)","=$J$3*EXP(-$E$1*B843*86.4/$G$1)","=J842-J843"
1,"=B843+A844","=$C$3+($G$1/($E$1*86.4))*SINH($E$1*B844*86.4/$G$1)","=C844-$C$3-B844","=$E$1*B844*86.4","=$G$1*G844","=TANH($E$1*B844*86.4/$G$1)","=COSH($E$1*B844*86.4/$G$1)","=(($G$1^2*1000)/($E$1*$I$1))*(H844-1)","=$J$3*EXP(-$E$1*B844*86.4/$G$1)","=J843-J844"
1,"=B844+A845","=$C$3+($G$1/($E$1*86.4))*SINH($E$1*B845*86.4/$G$1)","=C845-$C$3-B845","=$E$1*B845*86.4","=$G$1*G845","=TANH($E$1*B845*86.4/$G$1)","=COSH($E$1*B845*86.4/$G$1)","=(($G$1^2*1000)/($E$1*$I$1))*(H845-1)","=$J$3*EXP(-$E$1*B845*86.4/$G$1)","=J844-J845"
1,"=B845+A846","=$C$3+($G$1/($E$1*86.4))*SINH($E$1*B846*86.4/$G$1)","=C846-$C$3-B846","=$E$1*B846*86.4","=$G$1*G846","=TANH($E$1*B846*86.4/$G$1)","=COSH($E$1*B846*86.4/$G$1)","=(($G$1^2*1000)/($E$1*$I$1))*(H846-1)","=$J$3*EXP(-$E$1*B846*86.4/$G$1)","=J845-J846"
1,"=B846+A847","=$C$3+($G$1/($E$1*86.4))*SINH($E$1*B847*86.4/$G$1)","=C847-$C$3-B847","=$E$1*B847*86.4","=$G$1*G847","=TANH($E$1*B847*86.4/$G$1)","=COSH($E$1*B847*86.4/$G$1)","=(($G$1^2*1000)/($E$1*$I$1))*(H847-1)","=$J$3*EXP(-$E$1*B847*86.4/$G$1)","=J846-J847"
1,"=B847+A848","=$C$3+($G$1/($E$1*86.4))*SINH($E$1*B848*86.4/$G$1)","=C848-$C$3-B848","=$E$1*B848*86.4","=$G$1*G848","=TANH($E$1*B848*86.4/$G$1)","=COSH($E$1*B848*86.4/$G$1)","=(($G$1^2*1000)/($E$1*$I$1))*(H848-1)","=$J$3*EXP(-$E$1*B848*86.4/$G$1)","=J847-J848"
1,"=B848+A849","=$C$3+($G$1/($E$1*86.4))*SINH($E$1*B849*86.4/$G$1)","=C849-$C$3-B849","=$E$1*B849*86.4","=$G$1*G849","=TANH($E$1*B849*86.4/$G$1)","=COSH($E$1*B849*86.4/$G$1)","=(($G$1^2*1000)/($E$1*$I$1))*(H849-1)","=$J$3*EXP(-$E$1*B849*86.4/$G$1)","=J848-J849"
1,"=B849+A850","=$C$3+($G$1/($E$1*86.4))*SINH($E$1*B850*86.4/$G$1)","=C850-$C$3-B850","=$E$1*B850*86.4","=$G$1*G850","=TANH($E$1*B850*86.4/$G$1)","=COSH($E$1*B850*86.4/$G$1)","=(($G$1^2*1000)/($E$1*$I$1))*(H850-1)","=$J$3*EXP(-$E$1*B850*86.4/$G$1)","=J849-J850"
1,"=B850+A851","=$C$3+($G$1/($E$1*86.4))*SINH($E$1*B851*86.4/$G$1)","=C851-$C$3-B851","=$E$1*B851*86.4","=$G$1*G851","=TANH($E$1*B851*86.4/$G$1)","=COSH($E$1*B851*86.4/$G$1)","=(($G$1^2*1000)/($E$1*$I$1))*(H851-1)","=$J$3*EXP(-$E$1*B851*86.4/$G$1)","=J850-J851"
1,"=B851+A852","=$C$3+($G$1/($E$1*86.4))*SINH($E$1*B852*86.4/$G$1)","=C852-$C$3-B852","=$E$1*B852*86.4","=$G$1*G852","=TANH($E$1*B852*86.4/$G$1)","=COSH($E$1*B852*86.4/$G$1)","=(($G$1^2*1000)/($E$1*$I$1))*(H852-1)","=$J$3*EXP(-$E$1*B852*86.4/$G$1)","=J851-J852"
1,"=B852+A853","=$C$3+($G$1/($E$1*86.4))*SINH($E$1*B853*86.4/$G$1)","=C853-$C$3-B853","=$E$1*B853*86.4","=$G$1*G853","=TANH($E$1*B853*86.4/$G$1)","=COSH($E$1*B853*86.4/$G$1)","=(($G$1^2*1000)/($E$1*$I$1))*(H853-1)","=$J$3*EXP(-$E$1*B853*86.4/$G$1)","=J852-J853"
1,"=B853+A854","=$C$3+($G$1/($E$1*86.4))*SINH($E$1*B854*86.4/$G$1)","=C854-$C$3-B854","=$E$1*B854*86.4","=$G$1*G854","=TANH($E$1*B854*86.4/$G$1)","=COSH($E$1*B854*86.4/$G$1)","=(($G$1^2*1000)/($E$1*$I$1))*(H854-1)","=$J$3*EXP(-$E$1*B854*86.4/$G$1)","=J853-J854"
1,"=B854+A855","=$C$3+($G$1/($E$1*86.4))*SINH($E$1*B855*86.4/$G$1)","=C855-$C$3-B855","=$E$1*B855*86.4","=$G$1*G855","=TANH($E$1*B855*86.4/$G$1)","=COSH($E$1*B855*86.4/$G$1)","=(($G$1^2*1000)/($E$1*$I$1))*(H855-1)","=$J$3*EXP(-$E$1*B855*86.4/$G$1)","=J854-J855"
1,"=B855+A856","=$C$3+($G$1/($E$1*86.4))*SINH($E$1*B856*86.4/$G$1)","=C856-$C$3-B856","=$E$1*B856*86.4","=$G$1*G856","=TANH($E$1*B856*86.4/$G$1)","=COSH($E$1*B856*86.4/$G$1)","=(($G$1^2*1000)/($E$1*$I$1))*(H856-1)","=$J$3*EXP(-$E$1*B856*86.4/$G$1)","=J855-J856"
1,"=B856+A857","=$C$3+($G$1/($E$1*86.4))*SINH($E$1*B857*86.4/$G$1)","=C857-$C$3-B857","=$E$1*B857*86.4","=$G$1*G857","=TANH($E$1*B857*86.4/$G$1)","=COSH($E$1*B857*86.4/$G$1)","=(($G$1^2*1000)/($E$1*$I$1))*(H857-1)","=$J$3*EXP(-$E$1*B857*86.4/$G$1)","=J856-J857"
1,"=B857+A858","=$C$3+($G$1/($E$1*86.4))*SINH($E$1*B858*86.4/$G$1)","=C858-$C$3-B858","=$E$1*B858*86.4","=$G$1*G858","=TANH($E$1*B858*86.4/$G$1)","=COSH($E$1*B858*86.4/$G$1)","=(($G$1^2*1000)/($E$1*$I$1))*(H858-1)","=$J$3*EXP(-$E$1*B858*86.4/$G$1)","=J857-J858"
1,"=B858+A859","=$C$3+($G$1/($E$1*86.4))*SINH($E$1*B859*86.4/$G$1)","=C859-$C$3-B859","=$E$1*B859*86.4","=$G$1*G859","=TANH($E$1*B859*86.4/$G$1)","=COSH($E$1*B859*86.4/$G$1)","=(($G$1^2*1000)/($E$1*$I$1))*(H859-1)","=$J$3*EXP(-$E$1*B859*86.4/$G$1)","=J858-J859"
1,"=B859+A860","=$C$3+($G$1/($E$1*86.4))*SINH($E$1*B860*86.4/$G$1)","=C860-$C$3-B860","=$E$1*B860*86.4","=$G$1*G860","=TANH($E$1*B860*86.4/$G$1)","=COSH($E$1*B860*86.4/$G$1)","=(($G$1^2*1000)/($E$1*$I$1))*(H860-1)","=$J$3*EXP(-$E$1*B860*86.4/$G$1)","=J859-J860"
1,"=B860+A861","=$C$3+($G$1/($E$1*86.4))*SINH($E$1*B861*86.4/$G$1)","=C861-$C$3-B861","=$E$1*B861*86.4","=$G$1*G861","=TANH($E$1*B861*86.4/$G$1)","=COSH($E$1*B861*86.4/$G$1)","=(($G$1^2*1000)/($E$1*$I$1))*(H861-1)","=$J$3*EXP(-$E$1*B861*86.4/$G$1)","=J860-J861"
1,"=B861+A862","=$C$3+($G$1/($E$1*86.4))*SINH($E$1*B862*86.4/$G$1)","=C862-$C$3-B862","=$E$1*B862*86.4","=$G$1*G862","=TANH($E$1*B862*86.4/$G$1)","=COSH($E$1*B862*86.4/$G$1)","=(($G$1^2*1000)/($E$1*$I$1))*(H862-1)","=$J$3*EXP(-$E$1*B862*86.4/$G$1)","=J861-J862"
1,"=B862+A863","=$C$3+($G$1/($E$1*86.4))*SINH($E$1*B863*86.4/$G$1)","=C863-$C$3-B863","=$E$1*B863*86.4","=$G$1*G863","=TANH($E$1*B863*86.4/$G$1)","=COSH($E$1*B863*86.4/$G$1)","=(($G$1^2*1000)/($E$1*$I$1))*(H863-1)","=$J$3*EXP(-$E$1*B863*86.4/$G$1)","=J862-J863"
1,"=B863+A864","=$C$3+($G$1/($E$1*86.4))*SINH($E$1*B864*86.4/$G$1)","=C864-$C$3-B864","=$E$1*B864*86.4","=$G$1*G864","=TANH($E$1*B864*86.4/$G$1)","=COSH($E$1*B864*86.4/$G$1)","=(($G$1^2*1000)/($E$1*$I$1))*(H864-1)","=$J$3*EXP(-$E$1*B864*86.4/$G$1)","=J863-J864"
1,"=B864+A865","=$C$3+($G$1/($E$1*86.4))*SINH($E$1*B865*86.4/$G$1)","=C865-$C$3-B865","=$E$1*B865*86.4","=$G$1*G865","=TANH($E$1*B865*86.4/$G$1)","=COSH($E$1*B865*86.4/$G$1)","=(($G$1^2*1000)/($E$1*$I$1))*(H865-1)","=$J$3*EXP(-$E$1*B865*86.4/$G$1)","=J864-J865"
1,"=B865+A866","=$C$3+($G$1/($E$1*86.4))*SINH($E$1*B866*86.4/$G$1)","=C866-$C$3-B866","=$E$1*B866*86.4","=$G$1*G866","=TANH($E$1*B866*86.4/$G$1)","=COSH($E$1*B866*86.4/$G$1)","=(($G$1^2*1000)/($E$1*$I$1))*(H866-1)","=$J$3*EXP(-$E$1*B866*86.4/$G$1)","=J865-J866"
1,"=B866+A867","=$C$3+($G$1/($E$1*86.4))*SINH($E$1*B867*86.4/$G$1)","=C867-$C$3-B867","=$E$1*B867*86.4","=$G$1*G867","=TANH($E$1*B867*86.4/$G$1)","=COSH($E$1*B867*86.4/$G$1)","=(($G$1^2*1000)/($E$1*$I$1))*(H867-1)","=$J$3*EXP(-$E$1*B867*86.4/$G$1)","=J866-J867"
1,"=B867+A868","=$C$3+($G$1/($E$1*86.4))*SINH($E$1*B868*86.4/$G$1)","=C868-$C$3-B868","=$E$1*B868*86.4","=$G$1*G868","=TANH($E$1*B868*86.4/$G$1)","=COSH($E$1*B868*86.4/$G$1)","=(($G$1^2*1000)/($E$1*$I$1))*(H868-1)","=$J$3*EXP(-$E$1*B868*86.4/$G$1)","=J867-J868"
1,"=B868+A869","=$C$3+($G$1/($E$1*86.4))*SINH($E$1*B869*86.4/$G$1)","=C869-$C$3-B869","=$E$1*B869*86.4","=$G$1*G869","=TANH($E$1*B869*86.4/$G$1)","=COSH($E$1*B869*86.4/$G$1)","=(($G$1^2*1000)/($E$1*$I$1))*(H869-1)","=$J$3*EXP(-$E$1*B869*86.4/$G$1)","=J868-J869"
1,"=B869+A870","=$C$3+($G$1/($E$1*86.4))*SINH($E$1*B870*86.4/$G$1)","=C870-$C$3-B870","=$E$1*B870*86.4","=$G$1*G870","=TANH($E$1*B870*86.4/$G$1)","=COSH($E$1*B870*86.4/$G$1)","=(($G$1^2*1000)/($E$1*$I$1))*(H870-1)","=$J$3*EXP(-$E$1*B870*86.4/$G$1)","=J869-J870"
1,"=B870+A871","=$C$3+($G$1/($E$1*86.4))*SINH($E$1*B871*86.4/$G$1)","=C871-$C$3-B871","=$E$1*B871*86.4","=$G$1*G871","=TANH($E$1*B871*86.4/$G$1)","=COSH($E$1*B871*86.4/$G$1)","=(($G$1^2*1000)/($E$1*$I$1))*(H871-1)","=$J$3*EXP(-$E$1*B871*86.4/$G$1)","=J870-J871"
1,"=B871+A872","=$C$3+($G$1/($E$1*86.4))*SINH($E$1*B872*86.4/$G$1)","=C872-$C$3-B872","=$E$1*B872*86.4","=$G$1*G872","=TANH($E$1*B872*86.4/$G$1)","=COSH($E$1*B872*86.4/$G$1)","=(($G$1^2*1000)/($E$1*$I$1))*(H872-1)","=$J$3*EXP(-$E$1*B872*86.4/$G$1)","=J871-J872"
1,"=B872+A873","=$C$3+($G$1/($E$1*86.4))*SINH($E$1*B873*86.4/$G$1)","=C873-$C$3-B873","=$E$1*B873*86.4","=$G$1*G873","=TANH($E$1*B873*86.4/$G$1)","=COSH($E$1*B873*86.4/$G$1)","=(($G$1^2*1000)/($E$1*$I$1))*(H873-1)","=$J$3*EXP(-$E$1*B873*86.4/$G$1)","=J872-J873"
1,"=B873+A874","=$C$3+($G$1/($E$1*86.4))*SINH($E$1*B874*86.4/$G$1)","=C874-$C$3-B874","=$E$1*B874*86.4","=$G$1*G874","=TANH($E$1*B874*86.4/$G$1)","=COSH($E$1*B874*86.4/$G$1)","=(($G$1^2*1000)/($E$1*$I$1))*(H874-1)","=$J$3*EXP(-$E$1*B874*86.4/$G$1)","=J873-J874"
1,"=B874+A875","=$C$3+($G$1/($E$1*86.4))*SINH($E$1*B875*86.4/$G$1)","=C875-$C$3-B875","=$E$1*B875*86.4","=$G$1*G875","=TANH($E$1*B875*86.4/$G$1)","=COSH($E$1*B875*86.4/$G$1)","=(($G$1^2*1000)/($E$1*$I$1))*(H875-1)","=$J$3*EXP(-$E$1*B875*86.4/$G$1)","=J874-J875"
1,"=B875+A876","=$C$3+($G$1/($E$1*86.4))*SINH($E$1*B876*86.4/$G$1)","=C876-$C$3-B876","=$E$1*B876*86.4","=$G$1*G876","=TANH($E$1*B876*86.4/$G$1)","=COSH($E$1*B876*86.4/$G$1)","=(($G$1^2*1000)/($E$1*$I$1))*(H876-1)","=$J$3*EXP(-$E$1*B876*86.4/$G$1)","=J875-J876"
1,"=B876+A877","=$C$3+($G$1/($E$1*86.4))*SINH($E$1*B877*86.4/$G$1)","=C877-$C$3-B877","=$E$1*B877*86.4","=$G$1*G877","=TANH($E$1*B877*86.4/$G$1)","=COSH($E$1*B877*86.4/$G$1)","=(($G$1^2*1000)/($E$1*$I$1))*(H877-1)","=$J$3*EXP(-$E$1*B877*86.4/$G$1)","=J876-J877"
1,"=B877+A878","=$C$3+($G$1/($E$1*86.4))*SINH($E$1*B878*86.4/$G$1)","=C878-$C$3-B878","=$E$1*B878*86.4","=$G$1*G878","=TANH($E$1*B878*86.4/$G$1)","=COSH($E$1*B878*86.4/$G$1)","=(($G$1^2*1000)/($E$1*$I$1))*(H878-1)","=$J$3*EXP(-$E$1*B878*86.4/$G$1)","=J877-J878"
1,"=B878+A879","=$C$3+($G$1/($E$1*86.4))*SINH($E$1*B879*86.4/$G$1)","=C879-$C$3-B879","=$E$1*B879*86.4","=$G$1*G879","=TANH($E$1*B879*86.4/$G$1)","=COSH($E$1*B879*86.4/$G$1)","=(($G$1^2*1000)/($E$1*$I$1))*(H879-1)","=$J$3*EXP(-$E$1*B879*86.4/$G$1)","=J878-J879"
1,"=B879+A880","=$C$3+($G$1/($E$1*86.4))*SINH($E$1*B880*86.4/$G$1)","=C880-$C$3-B880","=$E$1*B880*86.4","=$G$1*G880","=TANH($E$1*B880*86.4/$G$1)","=COSH($E$1*B880*86.4/$G$1)","=(($G$1^2*1000)/($E$1*$I$1))*(H880-1)","=$J$3*EXP(-$E$1*B880*86.4/$G$1)","=J879-J880"
1,"=B880+A881","=$C$3+($G$1/($E$1*86.4))*SINH($E$1*B881*86.4/$G$1)","=C881-$C$3-B881","=$E$1*B881*86.4","=$G$1*G881","=TANH($E$1*B881*86.4/$G$1)","=COSH($E$1*B881*86.4/$G$1)","=(($G$1^2*1000)/($E$1*$I$1))*(H881-1)","=$J$3*EXP(-$E$1*B881*86.4/$G$1)","=J880-J881"
1,"=B881+A882","=$C$3+($G$1/($E$1*86.4))*SINH($E$1*B882*86.4/$G$1)","=C882-$C$3-B882","=$E$1*B882*86.4","=$G$1*G882","=TANH($E$1*B882*86.4/$G$1)","=COSH($E$1*B882*86.4/$G$1)","=(($G$1^2*1000)/($E$1*$I$1))*(H882-1)","=$J$3*EXP(-$E$1*B882*86.4/$G$1)","=J881-J882"
1,"=B882+A883","=$C$3+($G$1/($E$1*86.4))*SINH($E$1*B883*86.4/$G$1)","=C883-$C$3-B883","=$E$1*B883*86.4","=$G$1*G883","=TANH($E$1*B883*86.4/$G$1)","=COSH($E$1*B883*86.4/$G$1)","=(($G$1^2*1000)/($E$1*$I$1))*(H883-1)","=$J$3*EXP(-$E$1*B883*86.4/$G$1)","=J882-J883"
1,"=B883+A884","=$C$3+($G$1/($E$1*86.4))*SINH($E$1*B884*86.4/$G$1)","=C884-$C$3-B884","=$E$1*B884*86.4","=$G$1*G884","=TANH($E$1*B884*86.4/$G$1)","=COSH($E$1*B884*86.4/$G$1)","=(($G$1^2*1000)/($E$1*$I$1))*(H884-1)","=$J$3*EXP(-$E$1*B884*86.4/$G$1)","=J883-J884"
1,"=B884+A885","=$C$3+($G$1/($E$1*86.4))*SINH($E$1*B885*86.4/$G$1)","=C885-$C$3-B885","=$E$1*B885*86.4","=$G$1*G885","=TANH($E$1*B885*86.4/$G$1)","=COSH($E$1*B885*86.4/$G$1)","=(($G$1^2*1000)/($E$1*$I$1))*(H885-1)","=$J$3*EXP(-$E$1*B885*86.4/$G$1)","=J884-J885"
1,"=B885+A886","=$C$3+($G$1/($E$1*86.4))*SINH($E$1*B886*86.4/$G$1)","=C886-$C$3-B886","=$E$1*B886*86.4","=$G$1*G886","=TANH($E$1*B886*86.4/$G$1)","=COSH($E$1*B886*86.4/$G$1)","=(($G$1^2*1000)/($E$1*$I$1))*(H886-1)","=$J$3*EXP(-$E$1*B886*86.4/$G$1)","=J885-J886"
1,"=B886+A887","=$C$3+($G$1/($E$1*86.4))*SINH($E$1*B887*86.4/$G$1)","=C887-$C$3-B887","=$E$1*B887*86.4","=$G$1*G887","=TANH($E$1*B887*86.4/$G$1)","=COSH($E$1*B887*86.4/$G$1)","=(($G$1^2*1000)/($E$1*$I$1))*(H887-1)","=$J$3*EXP(-$E$1*B887*86.4/$G$1)","=J886-J887"
1,"=B887+A888","=$C$3+($G$1/($E$1*86.4))*SINH($E$1*B888*86.4/$G$1)","=C888-$C$3-B888","=$E$1*B888*86.4","=$G$1*G888","=TANH($E$1*B888*86.4/$G$1)","=COSH($E$1*B888*86.4/$G$1)","=(($G$1^2*1000)/($E$1*$I$1))*(H888-1)","=$J$3*EXP(-$E$1*B888*86.4/$G$1)","=J887-J888"
1,"=B888+A889","=$C$3+($G$1/($E$1*86.4))*SINH($E$1*B889*86.4/$G$1)","=C889-$C$3-B889","=$E$1*B889*86.4","=$G$1*G889","=TANH($E$1*B889*86.4/$G$1)","=COSH($E$1*B889*86.4/$G$1)","=(($G$1^2*1000)/($E$1*$I$1))*(H889-1)","=$J$3*EXP(-$E$1*B889*86.4/$G$1)","=J888-J889"
1,"=B889+A890","=$C$3+($G$1/($E$1*86.4))*SINH($E$1*B890*86.4/$G$1)","=C890-$C$3-B890","=$E$1*B890*86.4","=$G$1*G890","=TANH($E$1*B890*86.4/$G$1)","=COSH($E$1*B890*86.4/$G$1)","=(($G$1^2*1000)/($E$1*$I$1))*(H890-1)","=$J$3*EXP(-$E$1*B890*86.4/$G$1)","=J889-J890"
1,"=B890+A891","=$C$3+($G$1/($E$1*86.4))*SINH($E$1*B891*86.4/$G$1)","=C891-$C$3-B891","=$E$1*B891*86.4","=$G$1*G891","=TANH($E$1*B891*86.4/$G$1)","=COSH($E$1*B891*86.4/$G$1)","=(($G$1^2*1000)/($E$1*$I$1))*(H891-1)","=$J$3*EXP(-$E$1*B891*86.4/$G$1)","=J890-J891"
1,"=B891+A892","=$C$3+($G$1/($E$1*86.4))*SINH($E$1*B892*86.4/$G$1)","=C892-$C$3-B892","=$E$1*B892*86.4","=$G$1*G892","=TANH($E$1*B892*86.4/$G$1)","=COSH($E$1*B892*86.4/$G$1)","=(($G$1^2*1000)/($E$1*$I$1))*(H892-1)","=$J$3*EXP(-$E$1*B892*86.4/$G$1)","=J891-J892"
1,"=B892+A893","=$C$3+($G$1/($E$1*86.4))*SINH($E$1*B893*86.4/$G$1)","=C893-$C$3-B893","=$E$1*B893*86.4","=$G$1*G893","=TANH($E$1*B893*86.4/$G$1)","=COSH($E$1*B893*86.4/$G$1)","=(($G$1^2*1000)/($E$1*$I$1))*(H893-1)","=$J$3*EXP(-$E$1*B893*86.4/$G$1)","=J892-J893"
1,"=B893+A894","=$C$3+($G$1/($E$1*86.4))*SINH($E$1*B894*86.4/$G$1)","=C894-$C$3-B894","=$E$1*B894*86.4","=$G$1*G894","=TANH($E$1*B894*86.4/$G$1)","=COSH($E$1*B894*86.4/$G$1)","=(($G$1^2*1000)/($E$1*$I$1))*(H894-1)","=$J$3*EXP(-$E$1*B894*86.4/$G$1)","=J893-J894"
1,"=B894+A895","=$C$3+($G$1/($E$1*86.4))*SINH($E$1*B895*86.4/$G$1)","=C895-$C$3-B895","=$E$1*B895*86.4","=$G$1*G895","=TANH($E$1*B895*86.4/$G$1)","=COSH($E$1*B895*86.4/$G$1)","=(($G$1^2*1000)/($E$1*$I$1))*(H895-1)","=$J$3*EXP(-$E$1*B895*86.4/$G$1)","=J894-J895"
1,"=B895+A896","=$C$3+($G$1/($E$1*86.4))*SINH($E$1*B896*86.4/$G$1)","=C896-$C$3-B896","=$E$1*B896*86.4","=$G$1*G896","=TANH($E$1*B896*86.4/$G$1)","=COSH($E$1*B896*86.4/$G$1)","=(($G$1^2*1000)/($E$1*$I$1))*(H896-1)","=$J$3*EXP(-$E$1*B896*86.4/$G$1)","=J895-J896"
1,"=B896+A897","=$C$3+($G$1/($E$1*86.4))*SINH($E$1*B897*86.4/$G$1)","=C897-$C$3-B897","=$E$1*B897*86.4","=$G$1*G897","=TANH($E$1*B897*86.4/$G$1)","=COSH($E$1*B897*86.4/$G$1)","=(($G$1^2*1000)/($E$1*$I$1))*(H897-1)","=$J$3*EXP(-$E$1*B897*86.4/$G$1)","=J896-J897"
1,"=B897+A898","=$C$3+($G$1/($E$1*86.4))*SINH($E$1*B898*86.4/$G$1)","=C898-$C$3-B898","=$E$1*B898*86.4","=$G$1*G898","=TANH($E$1*B898*86.4/$G$1)","=COSH($E$1*B898*86.4/$G$1)","=(($G$1^2*1000)/($E$1*$I$1))*(H898-1)","=$J$3*EXP(-$E$1*B898*86.4/$G$1)","=J897-J898"
1,"=B898+A899","=$C$3+($G$1/($E$1*86.4))*SINH($E$1*B899*86.4/$G$1)","=C899-$C$3-B899","=$E$1*B899*86.4","=$G$1*G899","=TANH($E$1*B899*86.4/$G$1)","=COSH($E$1*B899*86.4/$G$1)","=(($G$1^2*1000)/($E$1*$I$1))*(H899-1)","=$J$3*EXP(-$E$1*B899*86.4/$G$1)","=J898-J899"
1,"=B899+A900","=$C$3+($G$1/($E$1*86.4))*SINH($E$1*B900*86.4/$G$1)","=C900-$C$3-B900","=$E$1*B900*86.4","=$G$1*G900","=TANH($E$1*B900*86.4/$G$1)","=COSH($E$1*B900*86.4/$G$1)","=(($G$1^2*1000)/($E$1*$I$1))*(H900-1)","=$J$3*EXP(-$E$1*B900*86.4/$G$1)","=J899-J900"
1,"=B900+A901","=$C$3+($G$1/($E$1*86.4))*SINH($E$1*B901*86.4/$G$1)","=C901-$C$3-B901","=$E$1*B901*86.4","=$G$1*G901","=TANH($E$1*B901*86.4/$G$1)","=COSH($E$1*B901*86.4/$G$1)","=(($G$1^2*1000)/($E$1*$I$1))*(H901-1)","=$J$3*EXP(-$E$1*B901*86.4/$G$1)","=J900-J901"
1,"=B901+A902","=$C$3+($G$1/($E$1*86.4))*SINH($E$1*B902*86.4/$G$1)","=C902-$C$3-B902","=$E$1*B902*86.4","=$G$1*G902","=TANH($E$1*B902*86.4/$G$1)","=COSH($E$1*B902*86.4/$G$1)","=(($G$1^2*1000)/($E$1*$I$1))*(H902-1)","=$J$3*EXP(-$E$1*B902*86.4/$G$1)","=J901-J902"
1,"=B902+A903","=$C$3+($G$1/($E$1*86.4))*SINH($E$1*B903*86.4/$G$1)","=C903-$C$3-B903","=$E$1*B903*86.4","=$G$1*G903","=TANH($E$1*B903*86.4/$G$1)","=COSH($E$1*B903*86.4/$G$1)","=(($G$1^2*1000)/($E$1*$I$1))*(H903-1)","=$J$3*EXP(-$E$1*B903*86.4/$G$1)","=J902-J903"
1,"=B903+A904","=$C$3+($G$1/($E$1*86.4))*SINH($E$1*B904*86.4/$G$1)","=C904-$C$3-B904","=$E$1*B904*86.4","=$G$1*G904","=TANH($E$1*B904*86.4/$G$1)","=COSH($E$1*B904*86.4/$G$1)","=(($G$1^2*1000)/($E$1*$I$1))*(H904-1)","=$J$3*EXP(-$E$1*B904*86.4/$G$1)","=J903-J904"
1,"=B904+A905","=$C$3+($G$1/($E$1*86.4))*SINH($E$1*B905*86.4/$G$1)","=C905-$C$3-B905","=$E$1*B905*86.4","=$G$1*G905","=TANH($E$1*B905*86.4/$G$1)","=COSH($E$1*B905*86.4/$G$1)","=(($G$1^2*1000)/($E$1*$I$1))*(H905-1)","=$J$3*EXP(-$E$1*B905*86.4/$G$1)","=J904-J905"
1,"=B905+A906","=$C$3+($G$1/($E$1*86.4))*SINH($E$1*B906*86.4/$G$1)","=C906-$C$3-B906","=$E$1*B906*86.4","=$G$1*G906","=TANH($E$1*B906*86.4/$G$1)","=COSH($E$1*B906*86.4/$G$1)","=(($G$1^2*1000)/($E$1*$I$1))*(H906-1)","=$J$3*EXP(-$E$1*B906*86.4/$G$1)","=J905-J906"
1,"=B906+A907","=$C$3+($G$1/($E$1*86.4))*SINH($E$1*B907*86.4/$G$1)","=C907-$C$3-B907","=$E$1*B907*86.4","=$G$1*G907","=TANH($E$1*B907*86.4/$G$1)","=COSH($E$1*B907*86.4/$G$1)","=(($G$1^2*1000)/($E$1*$I$1))*(H907-1)","=$J$3*EXP(-$E$1*B907*86.4/$G$1)","=J906-J907"
1,"=B907+A908","=$C$3+($G$1/($E$1*86.4))*SINH($E$1*B908*86.4/$G$1)","=C908-$C$3-B908","=$E$1*B908*86.4","=$G$1*G908","=TANH($E$1*B908*86.4/$G$1)","=COSH($E$1*B908*86.4/$G$1)","=(($G$1^2*1000)/($E$1*$I$1))*(H908-1)","=$J$3*EXP(-$E$1*B908*86.4/$G$1)","=J907-J908"
1,"=B908+A909","=$C$3+($G$1/($E$1*86.4))*SINH($E$1*B909*86.4/$G$1)","=C909-$C$3-B909","=$E$1*B909*86.4","=$G$1*G909","=TANH($E$1*B909*86.4/$G$1)","=COSH($E$1*B909*86.4/$G$1)","=(($G$1^2*1000)/($E$1*$I$1))*(H909-1)","=$J$3*EXP(-$E$1*B909*86.4/$G$1)","=J908-J909"
1,"=B909+A910","=$C$3+($G$1/($E$1*86.4))*SINH($E$1*B910*86.4/$G$1)","=C910-$C$3-B910","=$E$1*B910*86.4","=$G$1*G910","=TANH($E$1*B910*86.4/$G$1)","=COSH($E$1*B910*86.4/$G$1)","=(($G$1^2*1000)/($E$1*$I$1))*(H910-1)","=$J$3*EXP(-$E$1*B910*86.4/$G$1)","=J909-J910"
1,"=B910+A911","=$C$3+($G$1/($E$1*86.4))*SINH($E$1*B911*86.4/$G$1)","=C911-$C$3-B911","=$E$1*B911*86.4","=$G$1*G911","=TANH($E$1*B911*86.4/$G$1)","=COSH($E$1*B911*86.4/$G$1)","=(($G$1^2*1000)/($E$1*$I$1))*(H911-1)","=$J$3*EXP(-$E$1*B911*86.4/$G$1)","=J910-J911"
1,"=B911+A912","=$C$3+($G$1/($E$1*86.4))*SINH($E$1*B912*86.4/$G$1)","=C912-$C$3-B912","=$E$1*B912*86.4","=$G$1*G912","=TANH($E$1*B912*86.4/$G$1)","=COSH($E$1*B912*86.4/$G$1)","=(($G$1^2*1000)/($E$1*$I$1))*(H912-1)","=$J$3*EXP(-$E$1*B912*86.4/$G$1)","=J911-J912"
1,"=B912+A913","=$C$3+($G$1/($E$1*86.4))*SINH($E$1*B913*86.4/$G$1)","=C913-$C$3-B913","=$E$1*B913*86.4","=$G$1*G913","=TANH($E$1*B913*86.4/$G$1)","=COSH($E$1*B913*86.4/$G$1)","=(($G$1^2*1000)/($E$1*$I$1))*(H913-1)","=$J$3*EXP(-$E$1*B913*86.4/$G$1)","=J912-J913"
1,"=B913+A914","=$C$3+($G$1/($E$1*86.4))*SINH($E$1*B914*86.4/$G$1)","=C914-$C$3-B914","=$E$1*B914*86.4","=$G$1*G914","=TANH($E$1*B914*86.4/$G$1)","=COSH($E$1*B914*86.4/$G$1)","=(($G$1^2*1000)/($E$1*$I$1))*(H914-1)","=$J$3*EXP(-$E$1*B914*86.4/$G$1)","=J913-J914"
1,"=B914+A915","=$C$3+($G$1/($E$1*86.4))*SINH($E$1*B915*86.4/$G$1)","=C915-$C$3-B915","=$E$1*B915*86.4","=$G$1*G915","=TANH($E$1*B915*86.4/$G$1)","=COSH($E$1*B915*86.4/$G$1)","=(($G$1^2*1000)/($E$1*$I$1))*(H915-1)","=$J$3*EXP(-$E$1*B915*86.4/$G$1)","=J914-J915"
1,"=B915+A916","=$C$3+($G$1/($E$1*86.4))*SINH($E$1*B916*86.4/$G$1)","=C916-$C$3-B916","=$E$1*B916*86.4","=$G$1*G916","=TANH($E$1*B916*86.4/$G$1)","=COSH($E$1*B916*86.4/$G$1)","=(($G$1^2*1000)/($E$1*$I$1))*(H916-1)","=$J$3*EXP(-$E$1*B916*86.4/$G$1)","=J915-J916"
1,"=B916+A917","=$C$3+($G$1/($E$1*86.4))*SINH($E$1*B917*86.4/$G$1)","=C917-$C$3-B917","=$E$1*B917*86.4","=$G$1*G917","=TANH($E$1*B917*86.4/$G$1)","=COSH($E$1*B917*86.4/$G$1)","=(($G$1^2*1000)/($E$1*$I$1))*(H917-1)","=$J$3*EXP(-$E$1*B917*86.4/$G$1)","=J916-J917"
1,"=B917+A918","=$C$3+($G$1/($E$1*86.4))*SINH($E$1*B918*86.4/$G$1)","=C918-$C$3-B918","=$E$1*B918*86.4","=$G$1*G918","=TANH($E$1*B918*86.4/$G$1)","=COSH($E$1*B918*86.4/$G$1)","=(($G$1^2*1000)/($E$1*$I$1))*(H918-1)","=$J$3*EXP(-$E$1*B918*86.4/$G$1)","=J917-J918"
1,"=B918+A919","=$C$3+($G$1/($E$1*86.4))*SINH($E$1*B919*86.4/$G$1)","=C919-$C$3-B919","=$E$1*B919*86.4","=$G$1*G919","=TANH($E$1*B919*86.4/$G$1)","=COSH($E$1*B919*86.4/$G$1)","=(($G$1^2*1000)/($E$1*$I$1))*(H919-1)","=$J$3*EXP(-$E$1*B919*86.4/$G$1)","=J918-J919"
1,"=B919+A920","=$C$3+($G$1/($E$1*86.4))*SINH($E$1*B920*86.4/$G$1)","=C920-$C$3-B920","=$E$1*B920*86.4","=$G$1*G920","=TANH($E$1*B920*86.4/$G$1)","=COSH($E$1*B920*86.4/$G$1)","=(($G$1^2*1000)/($E$1*$I$1))*(H920-1)","=$J$3*EXP(-$E$1*B920*86.4/$G$1)","=J919-J920"
1,"=B920+A921","=$C$3+($G$1/($E$1*86.4))*SINH($E$1*B921*86.4/$G$1)","=C921-$C$3-B921","=$E$1*B921*86.4","=$G$1*G921","=TANH($E$1*B921*86.4/$G$1)","=COSH($E$1*B921*86.4/$G$1)","=(($G$1^2*1000)/($E$1*$I$1))*(H921-1)","=$J$3*EXP(-$E$1*B921*86.4/$G$1)","=J920-J921"
1,"=B921+A922","=$C$3+($G$1/($E$1*86.4))*SINH($E$1*B922*86.4/$G$1)","=C922-$C$3-B922","=$E$1*B922*86.4","=$G$1*G922","=TANH($E$1*B922*86.4/$G$1)","=COSH($E$1*B922*86.4/$G$1)","=(($G$1^2*1000)/($E$1*$I$1))*(H922-1)","=$J$3*EXP(-$E$1*B922*86.4/$G$1)","=J921-J922"
1,"=B922+A923","=$C$3+($G$1/($E$1*86.4))*SINH($E$1*B923*86.4/$G$1)","=C923-$C$3-B923","=$E$1*B923*86.4","=$G$1*G923","=TANH($E$1*B923*86.4/$G$1)","=COSH($E$1*B923*86.4/$G$1)","=(($G$1^2*1000)/($E$1*$I$1))*(H923-1)","=$J$3*EXP(-$E$1*B923*86.4/$G$1)","=J922-J923"
1,"=B923+A924","=$C$3+($G$1/($E$1*86.4))*SINH($E$1*B924*86.4/$G$1)","=C924-$C$3-B924","=$E$1*B924*86.4","=$G$1*G924","=TANH($E$1*B924*86.4/$G$1)","=COSH($E$1*B924*86.4/$G$1)","=(($G$1^2*1000)/($E$1*$I$1))*(H924-1)","=$J$3*EXP(-$E$1*B924*86.4/$G$1)","=J923-J924"
1,"=B924+A925","=$C$3+($G$1/($E$1*86.4))*SINH($E$1*B925*86.4/$G$1)","=C925-$C$3-B925","=$E$1*B925*86.4","=$G$1*G925","=TANH($E$1*B925*86.4/$G$1)","=COSH($E$1*B925*86.4/$G$1)","=(($G$1^2*1000)/($E$1*$I$1))*(H925-1)","=$J$3*EXP(-$E$1*B925*86.4/$G$1)","=J924-J925"
1,"=B925+A926","=$C$3+($G$1/($E$1*86.4))*SINH($E$1*B926*86.4/$G$1)","=C926-$C$3-B926","=$E$1*B926*86.4","=$G$1*G926","=TANH($E$1*B926*86.4/$G$1)","=COSH($E$1*B926*86.4/$G$1)","=(($G$1^2*1000)/($E$1*$I$1))*(H926-1)","=$J$3*EXP(-$E$1*B926*86.4/$G$1)","=J925-J926"
1,"=B926+A927","=$C$3+($G$1/($E$1*86.4))*SINH($E$1*B927*86.4/$G$1)","=C927-$C$3-B927","=$E$1*B927*86.4","=$G$1*G927","=TANH($E$1*B927*86.4/$G$1)","=COSH($E$1*B927*86.4/$G$1)","=(($G$1^2*1000)/($E$1*$I$1))*(H927-1)","=$J$3*EXP(-$E$1*B927*86.4/$G$1)","=J926-J927"
1,"=B927+A928","=$C$3+($G$1/($E$1*86.4))*SINH($E$1*B928*86.4/$G$1)","=C928-$C$3-B928","=$E$1*B928*86.4","=$G$1*G928","=TANH($E$1*B928*86.4/$G$1)","=COSH($E$1*B928*86.4/$G$1)","=(($G$1^2*1000)/($E$1*$I$1))*(H928-1)","=$J$3*EXP(-$E$1*B928*86.4/$G$1)","=J927-J928"
1,"=B928+A929","=$C$3+($G$1/($E$1*86.4))*SINH($E$1*B929*86.4/$G$1)","=C929-$C$3-B929","=$E$1*B929*86.4","=$G$1*G929","=TANH($E$1*B929*86.4/$G$1)","=COSH($E$1*B929*86.4/$G$1)","=(($G$1^2*1000)/($E$1*$I$1))*(H929-1)","=$J$3*EXP(-$E$1*B929*86.4/$G$1)","=J928-J929"
1,"=B929+A930","=$C$3+($G$1/($E$1*86.4))*SINH($E$1*B930*86.4/$G$1)","=C930-$C$3-B930","=$E$1*B930*86.4","=$G$1*G930","=TANH($E$1*B930*86.4/$G$1)","=COSH($E$1*B930*86.4/$G$1)","=(($G$1^2*1000)/($E$1*$I$1))*(H930-1)","=$J$3*EXP(-$E$1*B930*86.4/$G$1)","=J929-J930"
1,"=B930+A931","=$C$3+($G$1/($E$1*86.4))*SINH($E$1*B931*86.4/$G$1)","=C931-$C$3-B931","=$E$1*B931*86.4","=$G$1*G931","=TANH($E$1*B931*86.4/$G$1)","=COSH($E$1*B931*86.4/$G$1)","=(($G$1^2*1000)/($E$1*$I$1))*(H931-1)","=$J$3*EXP(-$E$1*B931*86.4/$G$1)","=J930-J931"
1,"=B931+A932","=$C$3+($G$1/($E$1*86.4))*SINH($E$1*B932*86.4/$G$1)","=C932-$C$3-B932","=$E$1*B932*86.4","=$G$1*G932","=TANH($E$1*B932*86.4/$G$1)","=COSH($E$1*B932*86.4/$G$1)","=(($G$1^2*1000)/($E$1*$I$1))*(H932-1)","=$J$3*EXP(-$E$1*B932*86.4/$G$1)","=J931-J932"
1,"=B932+A933","=$C$3+($G$1/($E$1*86.4))*SINH($E$1*B933*86.4/$G$1)","=C933-$C$3-B933","=$E$1*B933*86.4","=$G$1*G933","=TANH($E$1*B933*86.4/$G$1)","=COSH($E$1*B933*86.4/$G$1)","=(($G$1^2*1000)/($E$1*$I$1))*(H933-1)","=$J$3*EXP(-$E$1*B933*86.4/$G$1)","=J932-J933"
1,"=B933+A934","=$C$3+($G$1/($E$1*86.4))*SINH($E$1*B934*86.4/$G$1)","=C934-$C$3-B934","=$E$1*B934*86.4","=$G$1*G934","=TANH($E$1*B934*86.4/$G$1)","=COSH($E$1*B934*86.4/$G$1)","=(($G$1^2*1000)/($E$1*$I$1))*(H934-1)","=$J$3*EXP(-$E$1*B934*86.4/$G$1)","=J933-J934"
1,"=B934+A935","=$C$3+($G$1/($E$1*86.4))*SINH($E$1*B935*86.4/$G$1)","=C935-$C$3-B935","=$E$1*B935*86.4","=$G$1*G935","=TANH($E$1*B935*86.4/$G$1)","=COSH($E$1*B935*86.4/$G$1)","=(($G$1^2*1000)/($E$1*$I$1))*(H935-1)","=$J$3*EXP(-$E$1*B935*86.4/$G$1)","=J934-J935"
1,"=B935+A936","=$C$3+($G$1/($E$1*86.4))*SINH($E$1*B936*86.4/$G$1)","=C936-$C$3-B936","=$E$1*B936*86.4","=$G$1*G936","=TANH($E$1*B936*86.4/$G$1)","=COSH($E$1*B936*86.4/$G$1)","=(($G$1^2*1000)/($E$1*$I$1))*(H936-1)","=$J$3*EXP(-$E$1*B936*86.4/$G$1)","=J935-J936"
1,"=B936+A937","=$C$3+($G$1/($E$1*86.4))*SINH($E$1*B937*86.4/$G$1)","=C937-$C$3-B937","=$E$1*B937*86.4","=$G$1*G937","=TANH($E$1*B937*86.4/$G$1)","=COSH($E$1*B937*86.4/$G$1)","=(($G$1^2*1000)/($E$1*$I$1))*(H937-1)","=$J$3*EXP(-$E$1*B937*86.4/$G$1)","=J936-J937"
1,"=B937+A938","=$C$3+($G$1/($E$1*86.4))*SINH($E$1*B938*86.4/$G$1)","=C938-$C$3-B938","=$E$1*B938*86.4","=$G$1*G938","=TANH($E$1*B938*86.4/$G$1)","=COSH($E$1*B938*86.4/$G$1)","=(($G$1^2*1000)/($E$1*$I$1))*(H938-1)","=$J$3*EXP(-$E$1*B938*86.4/$G$1)","=J937-J938"
1,"=B938+A939","=$C$3+($G$1/($E$1*86.4))*SINH($E$1*B939*86.4/$G$1)","=C939-$C$3-B939","=$E$1*B939*86.4","=$G$1*G939","=TANH($E$1*B939*86.4/$G$1)","=COSH($E$1*B939*86.4/$G$1)","=(($G$1^2*1000)/($E$1*$I$1))*(H939-1)","=$J$3*EXP(-$E$1*B939*86.4/$G$1)","=J938-J939"
1,"=B939+A940","=$C$3+($G$1/($E$1*86.4))*SINH($E$1*B940*86.4/$G$1)","=C940-$C$3-B940","=$E$1*B940*86.4","=$G$1*G940","=TANH($E$1*B940*86.4/$G$1)","=COSH($E$1*B940*86.4/$G$1)","=(($G$1^2*1000)/($E$1*$I$1))*(H940-1)","=$J$3*EXP(-$E$1*B940*86.4/$G$1)","=J939-J940"
1,"=B940+A941","=$C$3+($G$1/($E$1*86.4))*SINH($E$1*B941*86.4/$G$1)","=C941-$C$3-B941","=$E$1*B941*86.4","=$G$1*G941","=TANH($E$1*B941*86.4/$G$1)","=COSH($E$1*B941*86.4/$G$1)","=(($G$1^2*1000)/($E$1*$I$1))*(H941-1)","=$J$3*EXP(-$E$1*B941*86.4/$G$1)","=J940-J941"
1,"=B941+A942","=$C$3+($G$1/($E$1*86.4))*SINH($E$1*B942*86.4/$G$1)","=C942-$C$3-B942","=$E$1*B942*86.4","=$G$1*G942","=TANH($E$1*B942*86.4/$G$1)","=COSH($E$1*B942*86.4/$G$1)","=(($G$1^2*1000)/($E$1*$I$1))*(H942-1)","=$J$3*EXP(-$E$1*B942*86.4/$G$1)","=J941-J942"
1,"=B942+A943","=$C$3+($G$1/($E$1*86.4))*SINH($E$1*B943*86.4/$G$1)","=C943-$C$3-B943","=$E$1*B943*86.4","=$G$1*G943","=TANH($E$1*B943*86.4/$G$1)","=COSH($E$1*B943*86.4/$G$1)","=(($G$1^2*1000)/($E$1*$I$1))*(H943-1)","=$J$3*EXP(-$E$1*B943*86.4/$G$1)","=J942-J943"
1,"=B943+A944","=$C$3+($G$1/($E$1*86.4))*SINH($E$1*B944*86.4/$G$1)","=C944-$C$3-B944","=$E$1*B944*86.4","=$G$1*G944","=TANH($E$1*B944*86.4/$G$1)","=COSH($E$1*B944*86.4/$G$1)","=(($G$1^2*1000)/($E$1*$I$1))*(H944-1)","=$J$3*EXP(-$E$1*B944*86.4/$G$1)","=J943-J944"
1,"=B944+A945","=$C$3+($G$1/($E$1*86.4))*SINH($E$1*B945*86.4/$G$1)","=C945-$C$3-B945","=$E$1*B945*86.4","=$G$1*G945","=TANH($E$1*B945*86.4/$G$1)","=COSH($E$1*B945*86.4/$G$1)","=(($G$1^2*1000)/($E$1*$I$1))*(H945-1)","=$J$3*EXP(-$E$1*B945*86.4/$G$1)","=J944-J945"
1,"=B945+A946","=$C$3+($G$1/($E$1*86.4))*SINH($E$1*B946*86.4/$G$1)","=C946-$C$3-B946","=$E$1*B946*86.4","=$G$1*G946","=TANH($E$1*B946*86.4/$G$1)","=COSH($E$1*B946*86.4/$G$1)","=(($G$1^2*1000)/($E$1*$I$1))*(H946-1)","=$J$3*EXP(-$E$1*B946*86.4/$G$1)","=J945-J946"
1,"=B946+A947","=$C$3+($G$1/($E$1*86.4))*SINH($E$1*B947*86.4/$G$1)","=C947-$C$3-B947","=$E$1*B947*86.4","=$G$1*G947","=TANH($E$1*B947*86.4/$G$1)","=COSH($E$1*B947*86.4/$G$1)","=(($G$1^2*1000)/($E$1*$I$1))*(H947-1)","=$J$3*EXP(-$E$1*B947*86.4/$G$1)","=J946-J947"
1,"=B947+A948","=$C$3+($G$1/($E$1*86.4))*SINH($E$1*B948*86.4/$G$1)","=C948-$C$3-B948","=$E$1*B948*86.4","=$G$1*G948","=TANH($E$1*B948*86.4/$G$1)","=COSH($E$1*B948*86.4/$G$1)","=(($G$1^2*1000)/($E$1*$I$1))*(H948-1)","=$J$3*EXP(-$E$1*B948*86.4/$G$1)","=J947-J948"
1,"=B948+A949","=$C$3+($G$1/($E$1*86.4))*SINH($E$1*B949*86.4/$G$1)","=C949-$C$3-B949","=$E$1*B949*86.4","=$G$1*G949","=TANH($E$1*B949*86.4/$G$1)","=COSH($E$1*B949*86.4/$G$1)","=(($G$1^2*1000)/($E$1*$I$1))*(H949-1)","=$J$3*EXP(-$E$1*B949*86.4/$G$1)","=J948-J949"
1,"=B949+A950","=$C$3+($G$1/($E$1*86.4))*SINH($E$1*B950*86.4/$G$1)","=C950-$C$3-B950","=$E$1*B950*86.4","=$G$1*G950","=TANH($E$1*B950*86.4/$G$1)","=COSH($E$1*B950*86.4/$G$1)","=(($G$1^2*1000)/($E$1*$I$1))*(H950-1)","=$J$3*EXP(-$E$1*B950*86.4/$G$1)","=J949-J950"
1,"=B950+A951","=$C$3+($G$1/($E$1*86.4))*SINH($E$1*B951*86.4/$G$1)","=C951-$C$3-B951","=$E$1*B951*86.4","=$G$1*G951","=TANH($E$1*B951*86.4/$G$1)","=COSH($E$1*B951*86.4/$G$1)","=(($G$1^2*1000)/($E$1*$I$1))*(H951-1)","=$J$3*EXP(-$E$1*B951*86.4/$G$1)","=J950-J951"
1,"=B951+A952","=$C$3+($G$1/($E$1*86.4))*SINH($E$1*B952*86.4/$G$1)","=C952-$C$3-B952","=$E$1*B952*86.4","=$G$1*G952","=TANH($E$1*B952*86.4/$G$1)","=COSH($E$1*B952*86.4/$G$1)","=(($G$1^2*1000)/($E$1*$I$1))*(H952-1)","=$J$3*EXP(-$E$1*B952*86.4/$G$1)","=J951-J952"
1,"=B952+A953","=$C$3+($G$1/($E$1*86.4))*SINH($E$1*B953*86.4/$G$1)","=C953-$C$3-B953","=$E$1*B953*86.4","=$G$1*G953","=TANH($E$1*B953*86.4/$G$1)","=COSH($E$1*B953*86.4/$G$1)","=(($G$1^2*1000)/($E$1*$I$1))*(H953-1)","=$J$3*EXP(-$E$1*B953*86.4/$G$1)","=J952-J953"
1,"=B953+A954","=$C$3+($G$1/($E$1*86.4))*SINH($E$1*B954*86.4/$G$1)","=C954-$C$3-B954","=$E$1*B954*86.4","=$G$1*G954","=TANH($E$1*B954*86.4/$G$1)","=COSH($E$1*B954*86.4/$G$1)","=(($G$1^2*1000)/($E$1*$I$1))*(H954-1)","=$J$3*EXP(-$E$1*B954*86.4/$G$1)","=J953-J954"
1,"=B954+A955","=$C$3+($G$1/($E$1*86.4))*SINH($E$1*B955*86.4/$G$1)","=C955-$C$3-B955","=$E$1*B955*86.4","=$G$1*G955","=TANH($E$1*B955*86.4/$G$1)","=COSH($E$1*B955*86.4/$G$1)","=(($G$1^2*1000)/($E$1*$I$1))*(H955-1)","=$J$3*EXP(-$E$1*B955*86.4/$G$1)","=J954-J955"
1,"=B955+A956","=$C$3+($G$1/($E$1*86.4))*SINH($E$1*B956*86.4/$G$1)","=C956-$C$3-B956","=$E$1*B956*86.4","=$G$1*G956","=TANH($E$1*B956*86.4/$G$1)","=COSH($E$1*B956*86.4/$G$1)","=(($G$1^2*1000)/($E$1*$I$1))*(H956-1)","=$J$3*EXP(-$E$1*B956*86.4/$G$1)","=J955-J956"
1,"=B956+A957","=$C$3+($G$1/($E$1*86.4))*SINH($E$1*B957*86.4/$G$1)","=C957-$C$3-B957","=$E$1*B957*86.4","=$G$1*G957","=TANH($E$1*B957*86.4/$G$1)","=COSH($E$1*B957*86.4/$G$1)","=(($G$1^2*1000)/($E$1*$I$1))*(H957-1)","=$J$3*EXP(-$E$1*B957*86.4/$G$1)","=J956-J957"
1,"=B957+A958","=$C$3+($G$1/($E$1*86.4))*SINH($E$1*B958*86.4/$G$1)","=C958-$C$3-B958","=$E$1*B958*86.4","=$G$1*G958","=TANH($E$1*B958*86.4/$G$1)","=COSH($E$1*B958*86.4/$G$1)","=(($G$1^2*1000)/($E$1*$I$1))*(H958-1)","=$J$3*EXP(-$E$1*B958*86.4/$G$1)","=J957-J958"
1,"=B958+A959","=$C$3+($G$1/($E$1*86.4))*SINH($E$1*B959*86.4/$G$1)","=C959-$C$3-B959","=$E$1*B959*86.4","=$G$1*G959","=TANH($E$1*B959*86.4/$G$1)","=COSH($E$1*B959*86.4/$G$1)","=(($G$1^2*1000)/($E$1*$I$1))*(H959-1)","=$J$3*EXP(-$E$1*B959*86.4/$G$1)","=J958-J959"
1,"=B959+A960","=$C$3+($G$1/($E$1*86.4))*SINH($E$1*B960*86.4/$G$1)","=C960-$C$3-B960","=$E$1*B960*86.4","=$G$1*G960","=TANH($E$1*B960*86.4/$G$1)","=COSH($E$1*B960*86.4/$G$1)","=(($G$1^2*1000)/($E$1*$I$1))*(H960-1)","=$J$3*EXP(-$E$1*B960*86.4/$G$1)","=J959-J960"
1,"=B960+A961","=$C$3+($G$1/($E$1*86.4))*SINH($E$1*B961*86.4/$G$1)","=C961-$C$3-B961","=$E$1*B961*86.4","=$G$1*G961","=TANH($E$1*B961*86.4/$G$1)","=COSH($E$1*B961*86.4/$G$1)","=(($G$1^2*1000)/($E$1*$I$1))*(H961-1)","=$J$3*EXP(-$E$1*B961*86.4/$G$1)","=J960-J961"
1,"=B961+A962","=$C$3+($G$1/($E$1*86.4))*SINH($E$1*B962*86.4/$G$1)","=C962-$C$3-B962","=$E$1*B962*86.4","=$G$1*G962","=TANH($E$1*B962*86.4/$G$1)","=COSH($E$1*B962*86.4/$G$1)","=(($G$1^2*1000)/($E$1*$I$1))*(H962-1)","=$J$3*EXP(-$E$1*B962*86.4/$G$1)","=J961-J962"
1,"=B962+A963","=$C$3+($G$1/($E$1*86.4))*SINH($E$1*B963*86.4/$G$1)","=C963-$C$3-B963","=$E$1*B963*86.4","=$G$1*G963","=TANH($E$1*B963*86.4/$G$1)","=COSH($E$1*B963*86.4/$G$1)","=(($G$1^2*1000)/($E$1*$I$1))*(H963-1)","=$J$3*EXP(-$E$1*B963*86.4/$G$1)","=J962-J963"
1,"=B963+A964","=$C$3+($G$1/($E$1*86.4))*SINH($E$1*B964*86.4/$G$1)","=C964-$C$3-B964","=$E$1*B964*86.4","=$G$1*G964","=TANH($E$1*B964*86.4/$G$1)","=COSH($E$1*B964*86.4/$G$1)","=(($G$1^2*1000)/($E$1*$I$1))*(H964-1)","=$J$3*EXP(-$E$1*B964*86.4/$G$1)","=J963-J964"
1,"=B964+A965","=$C$3+($G$1/($E$1*86.4))*SINH($E$1*B965*86.4/$G$1)","=C965-$C$3-B965","=$E$1*B965*86.4","=$G$1*G965","=TANH($E$1*B965*86.4/$G$1)","=COSH($E$1*B965*86.4/$G$1)","=(($G$1^2*1000)/($E$1*$I$1))*(H965-1)","=$J$3*EXP(-$E$1*B965*86.4/$G$1)","=J964-J965"
1,"=B965+A966","=$C$3+($G$1/($E$1*86.4))*SINH($E$1*B966*86.4/$G$1)","=C966-$C$3-B966","=$E$1*B966*86.4","=$G$1*G966","=TANH($E$1*B966*86.4/$G$1)","=COSH($E$1*B966*86.4/$G$1)","=(($G$1^2*1000)/($E$1*$I$1))*(H966-1)","=$J$3*EXP(-$E$1*B966*86.4/$G$1)","=J965-J966"
1,"=B966+A967","=$C$3+($G$1/($E$1*86.4))*SINH($E$1*B967*86.4/$G$1)","=C967-$C$3-B967","=$E$1*B967*86.4","=$G$1*G967","=TANH($E$1*B967*86.4/$G$1)","=COSH($E$1*B967*86.4/$G$1)","=(($G$1^2*1000)/($E$1*$I$1))*(H967-1)","=$J$3*EXP(-$E$1*B967*86.4/$G$1)","=J966-J967"
1,"=B967+A968","=$C$3+($G$1/($E$1*86.4))*SINH($E$1*B968*86.4/$G$1)","=C968-$C$3-B968","=$E$1*B968*86.4","=$G$1*G968","=TANH($E$1*B968*86.4/$G$1)","=COSH($E$1*B968*86.4/$G$1)","=(($G$1^2*1000)/($E$1*$I$1))*(H968-1)","=$J$3*EXP(-$E$1*B968*86.4/$G$1)","=J967-J968"
1,"=B968+A969","=$C$3+($G$1/($E$1*86.4))*SINH($E$1*B969*86.4/$G$1)","=C969-$C$3-B969","=$E$1*B969*86.4","=$G$1*G969","=TANH($E$1*B969*86.4/$G$1)","=COSH($E$1*B969*86.4/$G$1)","=(($G$1^2*1000)/($E$1*$I$1))*(H969-1)","=$J$3*EXP(-$E$1*B969*86.4/$G$1)","=J968-J969"
1,"=B969+A970","=$C$3+($G$1/($E$1*86.4))*SINH($E$1*B970*86.4/$G$1)","=C970-$C$3-B970","=$E$1*B970*86.4","=$G$1*G970","=TANH($E$1*B970*86.4/$G$1)","=COSH($E$1*B970*86.4/$G$1)","=(($G$1^2*1000)/($E$1*$I$1))*(H970-1)","=$J$3*EXP(-$E$1*B970*86.4/$G$1)","=J969-J970"
1,"=B970+A971","=$C$3+($G$1/($E$1*86.4))*SINH($E$1*B971*86.4/$G$1)","=C971-$C$3-B971","=$E$1*B971*86.4","=$G$1*G971","=TANH($E$1*B971*86.4/$G$1)","=COSH($E$1*B971*86.4/$G$1)","=(($G$1^2*1000)/($E$1*$I$1))*(H971-1)","=$J$3*EXP(-$E$1*B971*86.4/$G$1)","=J970-J971"
1,"=B971+A972","=$C$3+($G$1/($E$1*86.4))*SINH($E$1*B972*86.4/$G$1)","=C972-$C$3-B972","=$E$1*B972*86.4","=$G$1*G972","=TANH($E$1*B972*86.4/$G$1)","=COSH($E$1*B972*86.4/$G$1)","=(($G$1^2*1000)/($E$1*$I$1))*(H972-1)","=$J$3*EXP(-$E$1*B972*86.4/$G$1)","=J971-J972"
1,"=B972+A973","=$C$3+($G$1/($E$1*86.4))*SINH($E$1*B973*86.4/$G$1)","=C973-$C$3-B973","=$E$1*B973*86.4","=$G$1*G973","=TANH($E$1*B973*86.4/$G$1)","=COSH($E$1*B973*86.4/$G$1)","=(($G$1^2*1000)/($E$1*$I$1))*(H973-1)","=$J$3*EXP(-$E$1*B973*86.4/$G$1)","=J972-J973"
1,"=B973+A974","=$C$3+($G$1/($E$1*86.4))*SINH($E$1*B974*86.4/$G$1)","=C974-$C$3-B974","=$E$1*B974*86.4","=$G$1*G974","=TANH($E$1*B974*86.4/$G$1)","=COSH($E$1*B974*86.4/$G$1)","=(($G$1^2*1000)/($E$1*$I$1))*(H974-1)","=$J$3*EXP(-$E$1*B974*86.4/$G$1)","=J973-J974"
1,"=B974+A975","=$C$3+($G$1/($E$1*86.4))*SINH($E$1*B975*86.4/$G$1)","=C975-$C$3-B975","=$E$1*B975*86.4","=$G$1*G975","=TANH($E$1*B975*86.4/$G$1)","=COSH($E$1*B975*86.4/$G$1)","=(($G$1^2*1000)/($E$1*$I$1))*(H975-1)","=$J$3*EXP(-$E$1*B975*86.4/$G$1)","=J974-J975"
1,"=B975+A976","=$C$3+($G$1/($E$1*86.4))*SINH($E$1*B976*86.4/$G$1)","=C976-$C$3-B976","=$E$1*B976*86.4","=$G$1*G976","=TANH($E$1*B976*86.4/$G$1)","=COSH($E$1*B976*86.4/$G$1)","=(($G$1^2*1000)/($E$1*$I$1))*(H976-1)","=$J$3*EXP(-$E$1*B976*86.4/$G$1)","=J975-J976"
1,"=B976+A977","=$C$3+($G$1/($E$1*86.4))*SINH($E$1*B977*86.4/$G$1)","=C977-$C$3-B977","=$E$1*B977*86.4","=$G$1*G977","=TANH($E$1*B977*86.4/$G$1)","=COSH($E$1*B977*86.4/$G$1)","=(($G$1^2*1000)/($E$1*$I$1))*(H977-1)","=$J$3*EXP(-$E$1*B977*86.4/$G$1)","=J976-J977"
1,"=B977+A978","=$C$3+($G$1/($E$1*86.4))*SINH($E$1*B978*86.4/$G$1)","=C978-$C$3-B978","=$E$1*B978*86.4","=$G$1*G978","=TANH($E$1*B978*86.4/$G$1)","=COSH($E$1*B978*86.4/$G$1)","=(($G$1^2*1000)/($E$1*$I$1))*(H978-1)","=$J$3*EXP(-$E$1*B978*86.4/$G$1)","=J977-J978"
1,"=B978+A979","=$C$3+($G$1/($E$1*86.4))*SINH($E$1*B979*86.4/$G$1)","=C979-$C$3-B979","=$E$1*B979*86.4","=$G$1*G979","=TANH($E$1*B979*86.4/$G$1)","=COSH($E$1*B979*86.4/$G$1)","=(($G$1^2*1000)/($E$1*$I$1))*(H979-1)","=$J$3*EXP(-$E$1*B979*86.4/$G$1)","=J978-J979"
1,"=B979+A980","=$C$3+($G$1/($E$1*86.4))*SINH($E$1*B980*86.4/$G$1)","=C980-$C$3-B980","=$E$1*B980*86.4","=$G$1*G980","=TANH($E$1*B980*86.4/$G$1)","=COSH($E$1*B980*86.4/$G$1)","=(($G$1^2*1000)/($E$1*$I$1))*(H980-1)","=$J$3*EXP(-$E$1*B980*86.4/$G$1)","=J979-J980"
1,"=B980+A981","=$C$3+($G$1/($E$1*86.4))*SINH($E$1*B981*86.4/$G$1)","=C981-$C$3-B981","=$E$1*B981*86.4","=$G$1*G981","=TANH($E$1*B981*86.4/$G$1)","=COSH($E$1*B981*86.4/$G$1)","=(($G$1^2*1000)/($E$1*$I$1))*(H981-1)","=$J$3*EXP(-$E$1*B981*86.4/$G$1)","=J980-J981"
1,"=B981+A982","=$C$3+($G$1/($E$1*86.4))*SINH($E$1*B982*86.4/$G$1)","=C982-$C$3-B982","=$E$1*B982*86.4","=$G$1*G982","=TANH($E$1*B982*86.4/$G$1)","=COSH($E$1*B982*86.4/$G$1)","=(($G$1^2*1000)/($E$1*$I$1))*(H982-1)","=$J$3*EXP(-$E$1*B982*86.4/$G$1)","=J981-J982"
1,"=B982+A983","=$C$3+($G$1/($E$1*86.4))*SINH($E$1*B983*86.4/$G$1)","=C983-$C$3-B983","=$E$1*B983*86.4","=$G$1*G983","=TANH($E$1*B983*86.4/$G$1)","=COSH($E$1*B983*86.4/$G$1)","=(($G$1^2*1000)/($E$1*$I$1))*(H983-1)","=$J$3*EXP(-$E$1*B983*86.4/$G$1)","=J982-J983"
1,"=B983+A984","=$C$3+($G$1/($E$1*86.4))*SINH($E$1*B984*86.4/$G$1)","=C984-$C$3-B984","=$E$1*B984*86.4","=$G$1*G984","=TANH($E$1*B984*86.4/$G$1)","=COSH($E$1*B984*86.4/$G$1)","=(($G$1^2*1000)/($E$1*$I$1))*(H984-1)","=$J$3*EXP(-$E$1*B984*86.4/$G$1)","=J983-J984"
1,"=B984+A985","=$C$3+($G$1/($E$1*86.4))*SINH($E$1*B985*86.4/$G$1)","=C985-$C$3-B985","=$E$1*B985*86.4","=$G$1*G985","=TANH($E$1*B985*86.4/$G$1)","=COSH($E$1*B985*86.4/$G$1)","=(($G$1^2*1000)/($E$1*$I$1))*(H985-1)","=$J$3*EXP(-$E$1*B985*86.4/$G$1)","=J984-J985"
1,"=B985+A986","=$C$3+($G$1/($E$1*86.4))*SINH($E$1*B986*86.4/$G$1)","=C986-$C$3-B986","=$E$1*B986*86.4","=$G$1*G986","=TANH($E$1*B986*86.4/$G$1)","=COSH($E$1*B986*86.4/$G$1)","=(($G$1^2*1000)/($E$1*$I$1))*(H986-1)","=$J$3*EXP(-$E$1*B986*86.4/$G$1)","=J985-J986"
1,"=B986+A987","=$C$3+($G$1/($E$1*86.4))*SINH($E$1*B987*86.4/$G$1)","=C987-$C$3-B987","=$E$1*B987*86.4","=$G$1*G987","=TANH($E$1*B987*86.4/$G$1)","=COSH($E$1*B987*86.4/$G$1)","=(($G$1^2*1000)/($E$1*$I$1))*(H987-1)","=$J$3*EXP(-$E$1*B987*86.4/$G$1)","=J986-J987"
1,"=B987+A988","=$C$3+($G$1/($E$1*86.4))*SINH($E$1*B988*86.4/$G$1)","=C988-$C$3-B988","=$E$1*B988*86.4","=$G$1*G988","=TANH($E$1*B988*86.4/$G$1)","=COSH($E$1*B988*86.4/$G$1)","=(($G$1^2*1000)/($E$1*$I$1))*(H988-1)","=$J$3*EXP(-$E$1*B988*86.4/$G$1)","=J987-J988"
1,"=B988+A989","=$C$3+($G$1/($E$1*86.4))*SINH($E$1*B989*86.4/$G$1)","=C989-$C$3-B989","=$E$1*B989*86.4","=$G$1*G989","=TANH($E$1*B989*86.4/$G$1)","=COSH($E$1*B989*86.4/$G$1)","=(($G$1^2*1000)/($E$1*$I$1))*(H989-1)","=$J$3*EXP(-$E$1*B989*86.4/$G$1)","=J988-J989"
1,"=B989+A990","=$C$3+($G$1/($E$1*86.4))*SINH($E$1*B990*86.4/$G$1)","=C990-$C$3-B990","=$E$1*B990*86.4","=$G$1*G990","=TANH($E$1*B990*86.4/$G$1)","=COSH($E$1*B990*86.4/$G$1)","=(($G$1^2*1000)/($E$1*$I$1))*(H990-1)","=$J$3*EXP(-$E$1*B990*86.4/$G$1)","=J989-J990"
1,"=B990+A991","=$C$3+($G$1/($E$1*86.4))*SINH($E$1*B991*86.4/$G$1)","=C991-$C$3-B991","=$E$1*B991*86.4","=$G$1*G991","=TANH($E$1*B991*86.4/$G$1)","=COSH($E$1*B991*86.4/$G$1)","=(($G$1^2*1000)/($E$1*$I$1))*(H991-1)","=$J$3*EXP(-$E$1*B991*86.4/$G$1)","=J990-J991"
1,"=B991+A992","=$C$3+($G$1/($E$1*86.4))*SINH($E$1*B992*86.4/$G$1)","=C992-$C$3-B992","=$E$1*B992*86.4","=$G$1*G992","=TANH($E$1*B992*86.4/$G$1)","=COSH($E$1*B992*86.4/$G$1)","=(($G$1^2*1000)/($E$1*$I$1))*(H992-1)","=$J$3*EXP(-$E$1*B992*86.4/$G$1)","=J991-J992"
1,"=B992+A993","=$C$3+($G$1/($E$1*86.4))*SINH($E$1*B993*86.4/$G$1)","=C993-$C$3-B993","=$E$1*B993*86.4","=$G$1*G993","=TANH($E$1*B993*86.4/$G$1)","=COSH($E$1*B993*86.4/$G$1)","=(($G$1^2*1000)/($E$1*$I$1))*(H993-1)","=$J$3*EXP(-$E$1*B993*86.4/$G$1)","=J992-J993"
1,"=B993+A994","=$C$3+($G$1/($E$1*86.4))*SINH($E$1*B994*86.4/$G$1)","=C994-$C$3-B994","=$E$1*B994*86.4","=$G$1*G994","=TANH($E$1*B994*86.4/$G$1)","=COSH($E$1*B994*86.4/$G$1)","=(($G$1^2*1000)/($E$1*$I$1))*(H994-1)","=$J$3*EXP(-$E$1*B994*86.4/$G$1)","=J993-J994"
1,"=B994+A995","=$C$3+($G$1/($E$1*86.4))*SINH($E$1*B995*86.4/$G$1)","=C995-$C$3-B995","=$E$1*B995*86.4","=$G$1*G995","=TANH($E$1*B995*86.4/$G$1)","=COSH($E$1*B995*86.4/$G$1)","=(($G$1^2*1000)/($E$1*$I$1))*(H995-1)","=$J$3*EXP(-$E$1*B995*86.4/$G$1)","=J994-J995"
1,"=B995+A996","=$C$3+($G$1/($E$1*86.4))*SINH($E$1*B996*86.4/$G$1)","=C996-$C$3-B996","=$E$1*B996*86.4","=$G$1*G996","=TANH($E$1*B996*86.4/$G$1)","=COSH($E$1*B996*86.4/$G$1)","=(($G$1^2*1000)/($E$1*$I$1))*(H996-1)","=$J$3*EXP(-$E$1*B996*86.4/$G$1)","=J995-J996"
1,"=B996+A997","=$C$3+($G$1/($E$1*86.4))*SINH($E$1*B997*86.4/$G$1)","=C997-$C$3-B997","=$E$1*B997*86.4","=$G$1*G997","=TANH($E$1*B997*86.4/$G$1)","=COSH($E$1*B997*86.4/$G$1)","=(($G$1^2*1000)/($E$1*$I$1))*(H997-1)","=$J$3*EXP(-$E$1*B997*86.4/$G$1)","=J996-J997"
1,"=B997+A998","=$C$3+($G$1/($E$1*86.4))*SINH($E$1*B998*86.4/$G$1)","=C998-$C$3-B998","=$E$1*B998*86.4","=$G$1*G998","=TANH($E$1*B998*86.4/$G$1)","=COSH($E$1*B998*86.4/$G$1)","=(($G$1^2*1000)/($E$1*$I$1))*(H998-1)","=$J$3*EXP(-$E$1*B998*86.4/$G$1)","=J997-J998"
1,"=B998+A999","=$C$3+($G$1/($E$1*86.4))*SINH($E$1*B999*86.4/$G$1)","=C999-$C$3-B999","=$E$1*B999*86.4","=$G$1*G999","=TANH($E$1*B999*86.4/$G$1)","=COSH($E$1*B999*86.4/$G$1)","=(($G$1^2*1000)/($E$1*$I$1))*(H999-1)","=$J$3*EXP(-$E$1*B999*86.4/$G$1)","=J998-J999"
1,"=B999+A1000","=$C$3+($G$1/($E$1*86.4))*SINH($E$1*B1000*86.4/$G$1)","=C1000-$C$3-B1000","=$E$1*B1000*86.4","=$G$1*G1000","=TANH($E$1*B1000*86.4/$G$1)","=COSH($E$1*B1000*86.4/$G$1)","=(($G$1^2*1000)/($E$1*$I$1))*(H1000-1)","=$J$3*EXP(-$E$1*B1000*86.4/$G$1)","=J999-J1000"
1,"=B1000+A1001","=$C$3+($G$1/($E$1*86.4))*SINH($E$1*B1001*86.4/$G$1)","=C1001-$C$3-B1001","=$E$1*B1001*86.4","=$G$1*G1001","=TANH($E$1*B1001*86.4/$G$1)","=COSH($E$1*B1001*86.4/$G$1)","=(($G$1^2*1000)/($E$1*$I$1))*(H1001-1)","=$J$3*EXP(-$E$1*B1001*86.4/$G$1)","=J1000-J1001"
1,"=B1001+A1002","=$C$3+($G$1/($E$1*86.4))*SINH($E$1*B1002*86.4/$G$1)","=C1002-$C$3-B1002","=$E$1*B1002*86.4","=$G$1*G1002","=TANH($E$1*B1002*86.4/$G$1)","=COSH($E$1*B1002*86.4/$G$1)","=(($G$1^2*1000)/($E$1*$I$1))*(H1002-1)","=$J$3*EXP(-$E$1*B1002*86.4/$G$1)","=J1001-J1002"
1,"=B1002+A1003","=$C$3+($G$1/($E$1*86.4))*SINH($E$1*B1003*86.4/$G$1)","=C1003-$C$3-B1003","=$E$1*B1003*86.4","=$G$1*G1003","=TANH($E$1*B1003*86.4/$G$1)","=COSH($E$1*B1003*86.4/$G$1)","=(($G$1^2*1000)/($E$1*$I$1))*(H1003-1)","=$J$3*EXP(-$E$1*B1003*86.4/$G$1)","=J1002-J1003"
1,"=B1003+A1004","=$C$3+($G$1/($E$1*86.4))*SINH($E$1*B1004*86.4/$G$1)","=C1004-$C$3-B1004","=$E$1*B1004*86.4","=$G$1*G1004","=TANH($E$1*B1004*86.4/$G$1)","=COSH($E$1*B1004*86.4/$G$1)","=(($G$1^2*1000)/($E$1*$I$1))*(H1004-1)","=$J$3*EXP(-$E$1*B1004*86.4/$G$1)","=J1003-J1004"
1,"=B1004+A1005","=$C$3+($G$1/($E$1*86.4))*SINH($E$1*B1005*86.4/$G$1)","=C1005-$C$3-B1005","=$E$1*B1005*86.4","=$G$1*G1005","=TANH($E$1*B1005*86.4/$G$1)","=COSH($E$1*B1005*86.4/$G$1)","=(($G$1^2*1000)/($E$1*$I$1))*(H1005-1)","=$J$3*EXP(-$E$1*B1005*86.4/$G$1)","=J1004-J1005"
1,"=B1005+A1006","=$C$3+($G$1/($E$1*86.4))*SINH($E$1*B1006*86.4/$G$1)","=C1006-$C$3-B1006","=$E$1*B1006*86.4","=$G$1*G1006","=TANH($E$1*B1006*86.4/$G$1)","=COSH($E$1*B1006*86.4/$G$1)","=(($G$1^2*1000)/($E$1*$I$1))*(H1006-1)","=$J$3*EXP(-$E$1*B1006*86.4/$G$1)","=J1005-J1006"
1,"=B1006+A1007","=$C$3+($G$1/($E$1*86.4))*SINH($E$1*B1007*86.4/$G$1)","=C1007-$C$3-B1007","=$E$1*B1007*86.4","=$G$1*G1007","=TANH($E$1*B1007*86.4/$G$1)","=COSH($E$1*B1007*86.4/$G$1)","=(($G$1^2*1000)/($E$1*$I$1))*(H1007-1)","=$J$3*EXP(-$E$1*B1007*86.4/$G$1)","=J1006-J1007"
1,"=B1007+A1008","=$C$3+($G$1/($E$1*86.4))*SINH($E$1*B1008*86.4/$G$1)","=C1008-$C$3-B1008","=$E$1*B1008*86.4","=$G$1*G1008","=TANH($E$1*B1008*86.4/$G$1)","=COSH($E$1*B1008*86.4/$G$1)","=(($G$1^2*1000)/($E$1*$I$1))*(H1008-1)","=$J$3*EXP(-$E$1*B1008*86.4/$G$1)","=J1007-J1008"
1,"=B1008+A1009","=$C$3+($G$1/($E$1*86.4))*SINH($E$1*B1009*86.4/$G$1)","=C1009-$C$3-B1009","=$E$1*B1009*86.4","=$G$1*G1009","=TANH($E$1*B1009*86.4/$G$1)","=COSH($E$1*B1009*86.4/$G$1)","=(($G$1^2*1000)/($E$1*$I$1))*(H1009-1)","=$J$3*EXP(-$E$1*B1009*86.4/$G$1)","=J1008-J1009"
1,"=B1009+A1010","=$C$3+($G$1/($E$1*86.4))*SINH($E$1*B1010*86.4/$G$1)","=C1010-$C$3-B1010","=$E$1*B1010*86.4","=$G$1*G1010","=TANH($E$1*B1010*86.4/$G$1)","=COSH($E$1*B1010*86.4/$G$1)","=(($G$1^2*1000)/($E$1*$I$1))*(H1010-1)","=$J$3*EXP(-$E$1*B1010*86.4/$G$1)","=J1009-J1010"
1,"=B1010+A1011","=$C$3+($G$1/($E$1*86.4))*SINH($E$1*B1011*86.4/$G$1)","=C1011-$C$3-B1011","=$E$1*B1011*86.4","=$G$1*G1011","=TANH($E$1*B1011*86.4/$G$1)","=COSH($E$1*B1011*86.4/$G$1)","=(($G$1^2*1000)/($E$1*$I$1))*(H1011-1)","=$J$3*EXP(-$E$1*B1011*86.4/$G$1)","=J1010-J1011"
1,"=B1011+A1012","=$C$3+($G$1/($E$1*86.4))*SINH($E$1*B1012*86.4/$G$1)","=C1012-$C$3-B1012","=$E$1*B1012*86.4","=$G$1*G1012","=TANH($E$1*B1012*86.4/$G$1)","=COSH($E$1*B1012*86.4/$G$1)","=(($G$1^2*1000)/($E$1*$I$1))*(H1012-1)","=$J$3*EXP(-$E$1*B1012*86.4/$G$1)","=J1011-J1012"
1,"=B1012+A1013","=$C$3+($G$1/($E$1*86.4))*SINH($E$1*B1013*86.4/$G$1)","=C1013-$C$3-B1013","=$E$1*B1013*86.4","=$G$1*G1013","=TANH($E$1*B1013*86.4/$G$1)","=COSH($E$1*B1013*86.4/$G$1)","=(($G$1^2*1000)/($E$1*$I$1))*(H1013-1)","=$J$3*EXP(-$E$1*B1013*86.4/$G$1)","=J1012-J1013"
1,"=B1013+A1014","=$C$3+($G$1/($E$1*86.4))*SINH($E$1*B1014*86.4/$G$1)","=C1014-$C$3-B1014","=$E$1*B1014*86.4","=$G$1*G1014","=TANH($E$1*B1014*86.4/$G$1)","=COSH($E$1*B1014*86.4/$G$1)","=(($G$1^2*1000)/($E$1*$I$1))*(H1014-1)","=$J$3*EXP(-$E$1*B1014*86.4/$G$1)","=J1013-J1014"
1,"=B1014+A1015","=$C$3+($G$1/($E$1*86.4))*SINH($E$1*B1015*86.4/$G$1)","=C1015-$C$3-B1015","=$E$1*B1015*86.4","=$G$1*G1015","=TANH($E$1*B1015*86.4/$G$1)","=COSH($E$1*B1015*86.4/$G$1)","=(($G$1^2*1000)/($E$1*$I$1))*(H1015-1)","=$J$3*EXP(-$E$1*B1015*86.4/$G$1)","=J1014-J1015"
1,"=B1015+A1016","=$C$3+($G$1/($E$1*86.4))*SINH($E$1*B1016*86.4/$G$1)","=C1016-$C$3-B1016","=$E$1*B1016*86.4","=$G$1*G1016","=TANH($E$1*B1016*86.4/$G$1)","=COSH($E$1*B1016*86.4/$G$1)","=(($G$1^2*1000)/($E$1*$I$1))*(H1016-1)","=$J$3*EXP(-$E$1*B1016*86.4/$G$1)","=J1015-J1016"
1,"=B1016+A1017","=$C$3+($G$1/($E$1*86.4))*SINH($E$1*B1017*86.4/$G$1)","=C1017-$C$3-B1017","=$E$1*B1017*86.4","=$G$1*G1017","=TANH($E$1*B1017*86.4/$G$1)","=COSH($E$1*B1017*86.4/$G$1)","=(($G$1^2*1000)/($E$1*$I$1))*(H1017-1)","=$J$3*EXP(-$E$1*B1017*86.4/$G$1)","=J1016-J1017"
1,"=B1017+A1018","=$C$3+($G$1/($E$1*86.4))*SINH($E$1*B1018*86.4/$G$1)","=C1018-$C$3-B1018","=$E$1*B1018*86.4","=$G$1*G1018","=TANH($E$1*B1018*86.4/$G$1)","=COSH($E$1*B1018*86.4/$G$1)","=(($G$1^2*1000)/($E$1*$I$1))*(H1018-1)","=$J$3*EXP(-$E$1*B1018*86.4/$G$1)","=J1017-J1018"
1,"=B1018+A1019","=$C$3+($G$1/($E$1*86.4))*SINH($E$1*B1019*86.4/$G$1)","=C1019-$C$3-B1019","=$E$1*B1019*86.4","=$G$1*G1019","=TANH($E$1*B1019*86.4/$G$1)","=COSH($E$1*B1019*86.4/$G$1)","=(($G$1^2*1000)/($E$1*$I$1))*(H1019-1)","=$J$3*EXP(-$E$1*B1019*86.4/$G$1)","=J1018-J1019"
1,"=B1019+A1020","=$C$3+($G$1/($E$1*86.4))*SINH($E$1*B1020*86.4/$G$1)","=C1020-$C$3-B1020","=$E$1*B1020*86.4","=$G$1*G1020","=TANH($E$1*B1020*86.4/$G$1)","=COSH($E$1*B1020*86.4/$G$1)","=(($G$1^2*1000)/($E$1*$I$1))*(H1020-1)","=$J$3*EXP(-$E$1*B1020*86.4/$G$1)","=J1019-J1020"
1,"=B1020+A1021","=$C$3+($G$1/($E$1*86.4))*SINH($E$1*B1021*86.4/$G$1)","=C1021-$C$3-B1021","=$E$1*B1021*86.4","=$G$1*G1021","=TANH($E$1*B1021*86.4/$G$1)","=COSH($E$1*B1021*86.4/$G$1)","=(($G$1^2*1000)/($E$1*$I$1))*(H1021-1)","=$J$3*EXP(-$E$1*B1021*86.4/$G$1)","=J1020-J1021"
1,"=B1021+A1022","=$C$3+($G$1/($E$1*86.4))*SINH($E$1*B1022*86.4/$G$1)","=C1022-$C$3-B1022","=$E$1*B1022*86.4","=$G$1*G1022","=TANH($E$1*B1022*86.4/$G$1)","=COSH($E$1*B1022*86.4/$G$1)","=(($G$1^2*1000)/($E$1*$I$1))*(H1022-1)","=$J$3*EXP(-$E$1*B1022*86.4/$G$1)","=J1021-J1022"
1,"=B1022+A1023","=$C$3+($G$1/($E$1*86.4))*SINH($E$1*B1023*86.4/$G$1)","=C1023-$C$3-B1023","=$E$1*B1023*86.4","=$G$1*G1023","=TANH($E$1*B1023*86.4/$G$1)","=COSH($E$1*B1023*86.4/$G$1)","=(($G$1^2*1000)/($E$1*$I$1))*(H1023-1)","=$J$3*EXP(-$E$1*B1023*86.4/$G$1)","=J1022-J1023"
1,"=B1023+A1024","=$C$3+($G$1/($E$1*86.4))*SINH($E$1*B1024*86.4/$G$1)","=C1024-$C$3-B1024","=$E$1*B1024*86.4","=$G$1*G1024","=TANH($E$1*B1024*86.4/$G$1)","=COSH($E$1*B1024*86.4/$G$1)","=(($G$1^2*1000)/($E$1*$I$1))*(H1024-1)","=$J$3*EXP(-$E$1*B1024*86.4/$G$1)","=J1023-J1024"
1,"=B1024+A1025","=$C$3+($G$1/($E$1*86.4))*SINH($E$1*B1025*86.4/$G$1)","=C1025-$C$3-B1025","=$E$1*B1025*86.4","=$G$1*G1025","=TANH($E$1*B1025*86.4/$G$1)","=COSH($E$1*B1025*86.4/$G$1)","=(($G$1^2*1000)/($E$1*$I$1))*(H1025-1)","=$J$3*EXP(-$E$1*B1025*86.4/$G$1)","=J1024-J1025"
1,"=B1025+A1026","=$C$3+($G$1/($E$1*86.4))*SINH($E$1*B1026*86.4/$G$1)","=C1026-$C$3-B1026","=$E$1*B1026*86.4","=$G$1*G1026","=TANH($E$1*B1026*86.4/$G$1)","=COSH($E$1*B1026*86.4/$G$1)","=(($G$1^2*1000)/($E$1*$I$1))*(H1026-1)","=$J$3*EXP(-$E$1*B1026*86.4/$G$1)","=J1025-J1026"
1,"=B1026+A1027","=$C$3+($G$1/($E$1*86.4))*SINH($E$1*B1027*86.4/$G$1)","=C1027-$C$3-B1027","=$E$1*B1027*86.4","=$G$1*G1027","=TANH($E$1*B1027*86.4/$G$1)","=COSH($E$1*B1027*86.4/$G$1)","=(($G$1^2*1000)/($E$1*$I$1))*(H1027-1)","=$J$3*EXP(-$E$1*B1027*86.4/$G$1)","=J1026-J1027"
1,"=B1027+A1028","=$C$3+($G$1/($E$1*86.4))*SINH($E$1*B1028*86.4/$G$1)","=C1028-$C$3-B1028","=$E$1*B1028*86.4","=$G$1*G1028","=TANH($E$1*B1028*86.4/$G$1)","=COSH($E$1*B1028*86.4/$G$1)","=(($G$1^2*1000)/($E$1*$I$1))*(H1028-1)","=$J$3*EXP(-$E$1*B1028*86.4/$G$1)","=J1027-J1028"
1,"=B1028+A1029","=$C$3+($G$1/($E$1*86.4))*SINH($E$1*B1029*86.4/$G$1)","=C1029-$C$3-B1029","=$E$1*B1029*86.4","=$G$1*G1029","=TANH($E$1*B1029*86.4/$G$1)","=COSH($E$1*B1029*86.4/$G$1)","=(($G$1^2*1000)/($E$1*$I$1))*(H1029-1)","=$J$3*EXP(-$E$1*B1029*86.4/$G$1)","=J1028-J1029"
1,"=B1029+A1030","=$C$3+($G$1/($E$1*86.4))*SINH($E$1*B1030*86.4/$G$1)","=C1030-$C$3-B1030","=$E$1*B1030*86.4","=$G$1*G1030","=TANH($E$1*B1030*86.4/$G$1)","=COSH($E$1*B1030*86.4/$G$1)","=(($G$1^2*1000)/($E$1*$I$1))*(H1030-1)","=$J$3*EXP(-$E$1*B1030*86.4/$G$1)","=J1029-J1030"
1,"=B1030+A1031","=$C$3+($G$1/($E$1*86.4))*SINH($E$1*B1031*86.4/$G$1)","=C1031-$C$3-B1031","=$E$1*B1031*86.4","=$G$1*G1031","=TANH($E$1*B1031*86.4/$G$1)","=COSH($E$1*B1031*86.4/$G$1)","=(($G$1^2*1000)/($E$1*$I$1))*(H1031-1)","=$J$3*EXP(-$E$1*B1031*86.4/$G$1)","=J1030-J1031"
1,"=B1031+A1032","=$C$3+($G$1/($E$1*86.4))*SINH($E$1*B1032*86.4/$G$1)","=C1032-$C$3-B1032","=$E$1*B1032*86.4","=$G$1*G1032","=TANH($E$1*B1032*86.4/$G$1)","=COSH($E$1*B1032*86.4/$G$1)","=(($G$1^2*1000)/($E$1*$I$1))*(H1032-1)","=$J$3*EXP(-$E$1*B1032*86.4/$G$1)","=J1031-J1032"
1,"=B1032+A1033","=$C$3+($G$1/($E$1*86.4))*SINH($E$1*B1033*86.4/$G$1)","=C1033-$C$3-B1033","=$E$1*B1033*86.4","=$G$1*G1033","=TANH($E$1*B1033*86.4/$G$1)","=COSH($E$1*B1033*86.4/$G$1)","=(($G$1^2*1000)/($E$1*$I$1))*(H1033-1)","=$J$3*EXP(-$E$1*B1033*86.4/$G$1)","=J1032-J1033"
1,"=B1033+A1034","=$C$3+($G$1/($E$1*86.4))*SINH($E$1*B1034*86.4/$G$1)","=C1034-$C$3-B1034","=$E$1*B1034*86.4","=$G$1*G1034","=TANH($E$1*B1034*86.4/$G$1)","=COSH($E$1*B1034*86.4/$G$1)","=(($G$1^2*1000)/($E$1*$I$1))*(H1034-1)","=$J$3*EXP(-$E$1*B1034*86.4/$G$1)","=J1033-J1034"
1,"=B1034+A1035","=$C$3+($G$1/($E$1*86.4))*SINH($E$1*B1035*86.4/$G$1)","=C1035-$C$3-B1035","=$E$1*B1035*86.4","=$G$1*G1035","=TANH($E$1*B1035*86.4/$G$1)","=COSH($E$1*B1035*86.4/$G$1)","=(($G$1^2*1000)/($E$1*$I$1))*(H1035-1)","=$J$3*EXP(-$E$1*B1035*86.4/$G$1)","=J1034-J1035"
1,"=B1035+A1036","=$C$3+($G$1/($E$1*86.4))*SINH($E$1*B1036*86.4/$G$1)","=C1036-$C$3-B1036","=$E$1*B1036*86.4","=$G$1*G1036","=TANH($E$1*B1036*86.4/$G$1)","=COSH($E$1*B1036*86.4/$G$1)","=(($G$1^2*1000)/($E$1*$I$1))*(H1036-1)","=$J$3*EXP(-$E$1*B1036*86.4/$G$1)","=J1035-J1036"
1,"=B1036+A1037","=$C$3+($G$1/($E$1*86.4))*SINH($E$1*B1037*86.4/$G$1)","=C1037-$C$3-B1037","=$E$1*B1037*86.4","=$G$1*G1037","=TANH($E$1*B1037*86.4/$G$1)","=COSH($E$1*B1037*86.4/$G$1)","=(($G$1^2*1000)/($E$1*$I$1))*(H1037-1)","=$J$3*EXP(-$E$1*B1037*86.4/$G$1)","=J1036-J1037"
1,"=B1037+A1038","=$C$3+($G$1/($E$1*86.4))*SINH($E$1*B1038*86.4/$G$1)","=C1038-$C$3-B1038","=$E$1*B1038*86.4","=$G$1*G1038","=TANH($E$1*B1038*86.4/$G$1)","=COSH($E$1*B1038*86.4/$G$1)","=(($G$1^2*1000)/($E$1*$I$1))*(H1038-1)","=$J$3*EXP(-$E$1*B1038*86.4/$G$1)","=J1037-J1038"
1,"=B1038+A1039","=$C$3+($G$1/($E$1*86.4))*SINH($E$1*B1039*86.4/$G$1)","=C1039-$C$3-B1039","=$E$1*B1039*86.4","=$G$1*G1039","=TANH($E$1*B1039*86.4/$G$1)","=COSH($E$1*B1039*86.4/$G$1)","=(($G$1^2*1000)/($E$1*$I$1))*(H1039-1)","=$J$3*EXP(-$E$1*B1039*86.4/$G$1)","=J1038-J1039"
1,"=B1039+A1040","=$C$3+($G$1/($E$1*86.4))*SINH($E$1*B1040*86.4/$G$1)","=C1040-$C$3-B1040","=$E$1*B1040*86.4","=$G$1*G1040","=TANH($E$1*B1040*86.4/$G$1)","=COSH($E$1*B1040*86.4/$G$1)","=(($G$1^2*1000)/($E$1*$I$1))*(H1040-1)","=$J$3*EXP(-$E$1*B1040*86.4/$G$1)","=J1039-J1040"
1,"=B1040+A1041","=$C$3+($G$1/($E$1*86.4))*SINH($E$1*B1041*86.4/$G$1)","=C1041-$C$3-B1041","=$E$1*B1041*86.4","=$G$1*G1041","=TANH($E$1*B1041*86.4/$G$1)","=COSH($E$1*B1041*86.4/$G$1)","=(($G$1^2*1000)/($E$1*$I$1))*(H1041-1)","=$J$3*EXP(-$E$1*B1041*86.4/$G$1)","=J1040-J1041"
1,"=B1041+A1042","=$C$3+($G$1/($E$1*86.4))*SINH($E$1*B1042*86.4/$G$1)","=C1042-$C$3-B1042","=$E$1*B1042*86.4","=$G$1*G1042","=TANH($E$1*B1042*86.4/$G$1)","=COSH($E$1*B1042*86.4/$G$1)","=(($G$1^2*1000)/($E$1*$I$1))*(H1042-1)","=$J$3*EXP(-$E$1*B1042*86.4/$G$1)","=J1041-J1042"
1,"=B1042+A1043","=$C$3+($G$1/($E$1*86.4))*SINH($E$1*B1043*86.4/$G$1)","=C1043-$C$3-B1043","=$E$1*B1043*86.4","=$G$1*G1043","=TANH($E$1*B1043*86.4/$G$1)","=COSH($E$1*B1043*86.4/$G$1)","=(($G$1^2*1000)/($E$1*$I$1))*(H1043-1)","=$J$3*EXP(-$E$1*B1043*86.4/$G$1)","=J1042-J1043"
1,"=B1043+A1044","=$C$3+($G$1/($E$1*86.4))*SINH($E$1*B1044*86.4/$G$1)","=C1044-$C$3-B1044","=$E$1*B1044*86.4","=$G$1*G1044","=TANH($E$1*B1044*86.4/$G$1)","=COSH($E$1*B1044*86.4/$G$1)","=(($G$1^2*1000)/($E$1*$I$1))*(H1044-1)","=$J$3*EXP(-$E$1*B1044*86.4/$G$1)","=J1043-J1044"
1,"=B1044+A1045","=$C$3+($G$1/($E$1*86.4))*SINH($E$1*B1045*86.4/$G$1)","=C1045-$C$3-B1045","=$E$1*B1045*86.4","=$G$1*G1045","=TANH($E$1*B1045*86.4/$G$1)","=COSH($E$1*B1045*86.4/$G$1)","=(($G$1^2*1000)/($E$1*$I$1))*(H1045-1)","=$J$3*EXP(-$E$1*B1045*86.4/$G$1)","=J1044-J1045"
1,"=B1045+A1046","=$C$3+($G$1/($E$1*86.4))*SINH($E$1*B1046*86.4/$G$1)","=C1046-$C$3-B1046","=$E$1*B1046*86.4","=$G$1*G1046","=TANH($E$1*B1046*86.4/$G$1)","=COSH($E$1*B1046*86.4/$G$1)","=(($G$1^2*1000)/($E$1*$I$1))*(H1046-1)","=$J$3*EXP(-$E$1*B1046*86.4/$G$1)","=J1045-J1046"
1,"=B1046+A1047","=$C$3+($G$1/($E$1*86.4))*SINH($E$1*B1047*86.4/$G$1)","=C1047-$C$3-B1047","=$E$1*B1047*86.4","=$G$1*G1047","=TANH($E$1*B1047*86.4/$G$1)","=COSH($E$1*B1047*86.4/$G$1)","=(($G$1^2*1000)/($E$1*$I$1))*(H1047-1)","=$J$3*EXP(-$E$1*B1047*86.4/$G$1)","=J1046-J1047"
1,"=B1047+A1048","=$C$3+($G$1/($E$1*86.4))*SINH($E$1*B1048*86.4/$G$1)","=C1048-$C$3-B1048","=$E$1*B1048*86.4","=$G$1*G1048","=TANH($E$1*B1048*86.4/$G$1)","=COSH($E$1*B1048*86.4/$G$1)","=(($G$1^2*1000)/($E$1*$I$1))*(H1048-1)","=$J$3*EXP(-$E$1*B1048*86.4/$G$1)","=J1047-J1048"
1,"=B1048+A1049","=$C$3+($G$1/($E$1*86.4))*SINH($E$1*B1049*86.4/$G$1)","=C1049-$C$3-B1049","=$E$1*B1049*86.4","=$G$1*G1049","=TANH($E$1*B1049*86.4/$G$1)","=COSH($E$1*B1049*86.4/$G$1)","=(($G$1^2*1000)/($E$1*$I$1))*(H1049-1)","=$J$3*EXP(-$E$1*B1049*86.4/$G$1)","=J1048-J1049"
1,"=B1049+A1050","=$C$3+($G$1/($E$1*86.4))*SINH($E$1*B1050*86.4/$G$1)","=C1050-$C$3-B1050","=$E$1*B1050*86.4","=$G$1*G1050","=TANH($E$1*B1050*86.4/$G$1)","=COSH($E$1*B1050*86.4/$G$1)","=(($G$1^2*1000)/($E$1*$I$1))*(H1050-1)","=$J$3*EXP(-$E$1*B1050*86.4/$G$1)","=J1049-J1050"
1,"=B1050+A1051","=$C$3+($G$1/($E$1*86.4))*SINH($E$1*B1051*86.4/$G$1)","=C1051-$C$3-B1051","=$E$1*B1051*86.4","=$G$1*G1051","=TANH($E$1*B1051*86.4/$G$1)","=COSH($E$1*B1051*86.4/$G$1)","=(($G$1^2*1000)/($E$1*$I$1))*(H1051-1)","=$J$3*EXP(-$E$1*B1051*86.4/$G$1)","=J1050-J1051"
1,"=B1051+A1052","=$C$3+($G$1/($E$1*86.4))*SINH($E$1*B1052*86.4/$G$1)","=C1052-$C$3-B1052","=$E$1*B1052*86.4","=$G$1*G1052","=TANH($E$1*B1052*86.4/$G$1)","=COSH($E$1*B1052*86.4/$G$1)","=(($G$1^2*1000)/($E$1*$I$1))*(H1052-1)","=$J$3*EXP(-$E$1*B1052*86.4/$G$1)","=J1051-J1052"
1,"=B1052+A1053","=$C$3+($G$1/($E$1*86.4))*SINH($E$1*B1053*86.4/$G$1)","=C1053-$C$3-B1053","=$E$1*B1053*86.4","=$G$1*G1053","=TANH($E$1*B1053*86.4/$G$1)","=COSH($E$1*B1053*86.4/$G$1)","=(($G$1^2*1000)/($E$1*$I$1))*(H1053-1)","=$J$3*EXP(-$E$1*B1053*86.4/$G$1)","=J1052-J1053"
1,"=B1053+A1054","=$C$3+($G$1/($E$1*86.4))*SINH($E$1*B1054*86.4/$G$1)","=C1054-$C$3-B1054","=$E$1*B1054*86.4","=$G$1*G1054","=TANH($E$1*B1054*86.4/$G$1)","=COSH($E$1*B1054*86.4/$G$1)","=(($G$1^2*1000)/($E$1*$I$1))*(H1054-1)","=$J$3*EXP(-$E$1*B1054*86.4/$G$1)","=J1053-J1054"
1,"=B1054+A1055","=$C$3+($G$1/($E$1*86.4))*SINH($E$1*B1055*86.4/$G$1)","=C1055-$C$3-B1055","=$E$1*B1055*86.4","=$G$1*G1055","=TANH($E$1*B1055*86.4/$G$1)","=COSH($E$1*B1055*86.4/$G$1)","=(($G$1^2*1000)/($E$1*$I$1))*(H1055-1)","=$J$3*EXP(-$E$1*B1055*86.4/$G$1)","=J1054-J1055"
1,"=B1055+A1056","=$C$3+($G$1/($E$1*86.4))*SINH($E$1*B1056*86.4/$G$1)","=C1056-$C$3-B1056","=$E$1*B1056*86.4","=$G$1*G1056","=TANH($E$1*B1056*86.4/$G$1)","=COSH($E$1*B1056*86.4/$G$1)","=(($G$1^2*1000)/($E$1*$I$1))*(H1056-1)","=$J$3*EXP(-$E$1*B1056*86.4/$G$1)","=J1055-J1056"
1,"=B1056+A1057","=$C$3+($G$1/($E$1*86.4))*SINH($E$1*B1057*86.4/$G$1)","=C1057-$C$3-B1057","=$E$1*B1057*86.4","=$G$1*G1057","=TANH($E$1*B1057*86.4/$G$1)","=COSH($E$1*B1057*86.4/$G$1)","=(($G$1^2*1000)/($E$1*$I$1))*(H1057-1)","=$J$3*EXP(-$E$1*B1057*86.4/$G$1)","=J1056-J1057"
1,"=B1057+A1058","=$C$3+($G$1/($E$1*86.4))*SINH($E$1*B1058*86.4/$G$1)","=C1058-$C$3-B1058","=$E$1*B1058*86.4","=$G$1*G1058","=TANH($E$1*B1058*86.4/$G$1)","=COSH($E$1*B1058*86.4/$G$1)","=(($G$1^2*1000)/($E$1*$I$1))*(H1058-1)","=$J$3*EXP(-$E$1*B1058*86.4/$G$1)","=J1057-J1058"
1,"=B1058+A1059","=$C$3+($G$1/($E$1*86.4))*SINH($E$1*B1059*86.4/$G$1)","=C1059-$C$3-B1059","=$E$1*B1059*86.4","=$G$1*G1059","=TANH($E$1*B1059*86.4/$G$1)","=COSH($E$1*B1059*86.4/$G$1)","=(($G$1^2*1000)/($E$1*$I$1))*(H1059-1)","=$J$3*EXP(-$E$1*B1059*86.4/$G$1)","=J1058-J1059"
1,"=B1059+A1060","=$C$3+($G$1/($E$1*86.4))*SINH($E$1*B1060*86.4/$G$1)","=C1060-$C$3-B1060","=$E$1*B1060*86.4","=$G$1*G1060","=TANH($E$1*B1060*86.4/$G$1)","=COSH($E$1*B1060*86.4/$G$1)","=(($G$1^2*1000)/($E$1*$I$1))*(H1060-1)","=$J$3*EXP(-$E$1*B1060*86.4/$G$1)","=J1059-J1060"
1,"=B1060+A1061","=$C$3+($G$1/($E$1*86.4))*SINH($E$1*B1061*86.4/$G$1)","=C1061-$C$3-B1061","=$E$1*B1061*86.4","=$G$1*G1061","=TANH($E$1*B1061*86.4/$G$1)","=COSH($E$1*B1061*86.4/$G$1)","=(($G$1^2*1000)/($E$1*$I$1))*(H1061-1)","=$J$3*EXP(-$E$1*B1061*86.4/$G$1)","=J1060-J1061"
1,"=B1061+A1062","=$C$3+($G$1/($E$1*86.4))*SINH($E$1*B1062*86.4/$G$1)","=C1062-$C$3-B1062","=$E$1*B1062*86.4","=$G$1*G1062","=TANH($E$1*B1062*86.4/$G$1)","=COSH($E$1*B1062*86.4/$G$1)","=(($G$1^2*1000)/($E$1*$I$1))*(H1062-1)","=$J$3*EXP(-$E$1*B1062*86.4/$G$1)","=J1061-J1062"
1,"=B1062+A1063","=$C$3+($G$1/($E$1*86.4))*SINH($E$1*B1063*86.4/$G$1)","=C1063-$C$3-B1063","=$E$1*B1063*86.4","=$G$1*G1063","=TANH($E$1*B1063*86.4/$G$1)","=COSH($E$1*B1063*86.4/$G$1)","=(($G$1^2*1000)/($E$1*$I$1))*(H1063-1)","=$J$3*EXP(-$E$1*B1063*86.4/$G$1)","=J1062-J1063"
1,"=B1063+A1064","=$C$3+($G$1/($E$1*86.4))*SINH($E$1*B1064*86.4/$G$1)","=C1064-$C$3-B1064","=$E$1*B1064*86.4","=$G$1*G1064","=TANH($E$1*B1064*86.4/$G$1)","=COSH($E$1*B1064*86.4/$G$1)","=(($G$1^2*1000)/($E$1*$I$1))*(H1064-1)","=$J$3*EXP(-$E$1*B1064*86.4/$G$1)","=J1063-J1064"
1,"=B1064+A1065","=$C$3+($G$1/($E$1*86.4))*SINH($E$1*B1065*86.4/$G$1)","=C1065-$C$3-B1065","=$E$1*B1065*86.4","=$G$1*G1065","=TANH($E$1*B1065*86.4/$G$1)","=COSH($E$1*B1065*86.4/$G$1)","=(($G$1^2*1000)/($E$1*$I$1))*(H1065-1)","=$J$3*EXP(-$E$1*B1065*86.4/$G$1)","=J1064-J1065"
1,"=B1065+A1066","=$C$3+($G$1/($E$1*86.4))*SINH($E$1*B1066*86.4/$G$1)","=C1066-$C$3-B1066","=$E$1*B1066*86.4","=$G$1*G1066","=TANH($E$1*B1066*86.4/$G$1)","=COSH($E$1*B1066*86.4/$G$1)","=(($G$1^2*1000)/($E$1*$I$1))*(H1066-1)","=$J$3*EXP(-$E$1*B1066*86.4/$G$1)","=J1065-J1066"
1,"=B1066+A1067","=$C$3+($G$1/($E$1*86.4))*SINH($E$1*B1067*86.4/$G$1)","=C1067-$C$3-B1067","=$E$1*B1067*86.4","=$G$1*G1067","=TANH($E$1*B1067*86.4/$G$1)","=COSH($E$1*B1067*86.4/$G$1)","=(($G$1^2*1000)/($E$1*$I$1))*(H1067-1)","=$J$3*EXP(-$E$1*B1067*86.4/$G$1)","=J1066-J1067"
1,"=B1067+A1068","=$C$3+($G$1/($E$1*86.4))*SINH($E$1*B1068*86.4/$G$1)","=C1068-$C$3-B1068","=$E$1*B1068*86.4","=$G$1*G1068","=TANH($E$1*B1068*86.4/$G$1)","=COSH($E$1*B1068*86.4/$G$1)","=(($G$1^2*1000)/($E$1*$I$1))*(H1068-1)","=$J$3*EXP(-$E$1*B1068*86.4/$G$1)","=J1067-J1068"
1,"=B1068+A1069","=$C$3+($G$1/($E$1*86.4))*SINH($E$1*B1069*86.4/$G$1)","=C1069-$C$3-B1069","=$E$1*B1069*86.4","=$G$1*G1069","=TANH($E$1*B1069*86.4/$G$1)","=COSH($E$1*B1069*86.4/$G$1)","=(($G$1^2*1000)/($E$1*$I$1))*(H1069-1)","=$J$3*EXP(-$E$1*B1069*86.4/$G$1)","=J1068-J1069"
1,"=B1069+A1070","=$C$3+($G$1/($E$1*86.4))*SINH($E$1*B1070*86.4/$G$1)","=C1070-$C$3-B1070","=$E$1*B1070*86.4","=$G$1*G1070","=TANH($E$1*B1070*86.4/$G$1)","=COSH($E$1*B1070*86.4/$G$1)","=(($G$1^2*1000)/($E$1*$I$1))*(H1070-1)","=$J$3*EXP(-$E$1*B1070*86.4/$G$1)","=J1069-J1070"
1,"=B1070+A1071","=$C$3+($G$1/($E$1*86.4))*SINH($E$1*B1071*86.4/$G$1)","=C1071-$C$3-B1071","=$E$1*B1071*86.4","=$G$1*G1071","=TANH($E$1*B1071*86.4/$G$1)","=COSH($E$1*B1071*86.4/$G$1)","=(($G$1^2*1000)/($E$1*$I$1))*(H1071-1)","=$J$3*EXP(-$E$1*B1071*86.4/$G$1)","=J1070-J1071"
1,"=B1071+A1072","=$C$3+($G$1/($E$1*86.4))*SINH($E$1*B1072*86.4/$G$1)","=C1072-$C$3-B1072","=$E$1*B1072*86.4","=$G$1*G1072","=TANH($E$1*B1072*86.4/$G$1)","=COSH($E$1*B1072*86.4/$G$1)","=(($G$1^2*1000)/($E$1*$I$1))*(H1072-1)","=$J$3*EXP(-$E$1*B1072*86.4/$G$1)","=J1071-J1072"
1,"=B1072+A1073","=$C$3+($G$1/($E$1*86.4))*SINH($E$1*B1073*86.4/$G$1)","=C1073-$C$3-B1073","=$E$1*B1073*86.4","=$G$1*G1073","=TANH($E$1*B1073*86.4/$G$1)","=COSH($E$1*B1073*86.4/$G$1)","=(($G$1^2*1000)/($E$1*$I$1))*(H1073-1)","=$J$3*EXP(-$E$1*B1073*86.4/$G$1)","=J1072-J1073"
1,"=B1073+A1074","=$C$3+($G$1/($E$1*86.4))*SINH($E$1*B1074*86.4/$G$1)","=C1074-$C$3-B1074","=$E$1*B1074*86.4","=$G$1*G1074","=TANH($E$1*B1074*86.4/$G$1)","=COSH($E$1*B1074*86.4/$G$1)","=(($G$1^2*1000)/($E$1*$I$1))*(H1074-1)","=$J$3*EXP(-$E$1*B1074*86.4/$G$1)","=J1073-J1074"
1,"=B1074+A1075","=$C$3+($G$1/($E$1*86.4))*SINH($E$1*B1075*86.4/$G$1)","=C1075-$C$3-B1075","=$E$1*B1075*86.4","=$G$1*G1075","=TANH($E$1*B1075*86.4/$G$1)","=COSH($E$1*B1075*86.4/$G$1)","=(($G$1^2*1000)/($E$1*$I$1))*(H1075-1)","=$J$3*EXP(-$E$1*B1075*86.4/$G$1)","=J1074-J1075"
1,"=B1075+A1076","=$C$3+($G$1/($E$1*86.4))*SINH($E$1*B1076*86.4/$G$1)","=C1076-$C$3-B1076","=$E$1*B1076*86.4","=$G$1*G1076","=TANH($E$1*B1076*86.4/$G$1)","=COSH($E$1*B1076*86.4/$G$1)","=(($G$1^2*1000)/($E$1*$I$1))*(H1076-1)","=$J$3*EXP(-$E$1*B1076*86.4/$G$1)","=J1075-J1076"
1,"=B1076+A1077","=$C$3+($G$1/($E$1*86.4))*SINH($E$1*B1077*86.4/$G$1)","=C1077-$C$3-B1077","=$E$1*B1077*86.4","=$G$1*G1077","=TANH($E$1*B1077*86.4/$G$1)","=COSH($E$1*B1077*86.4/$G$1)","=(($G$1^2*1000)/($E$1*$I$1))*(H1077-1)","=$J$3*EXP(-$E$1*B1077*86.4/$G$1)","=J1076-J1077"
1,"=B1077+A1078","=$C$3+($G$1/($E$1*86.4))*SINH($E$1*B1078*86.4/$G$1)","=C1078-$C$3-B1078","=$E$1*B1078*86.4","=$G$1*G1078","=TANH($E$1*B1078*86.4/$G$1)","=COSH($E$1*B1078*86.4/$G$1)","=(($G$1^2*1000)/($E$1*$I$1))*(H1078-1)","=$J$3*EXP(-$E$1*B1078*86.4/$G$1)","=J1077-J1078"
1,"=B1078+A1079","=$C$3+($G$1/($E$1*86.4))*SINH($E$1*B1079*86.4/$G$1)","=C1079-$C$3-B1079","=$E$1*B1079*86.4","=$G$1*G1079","=TANH($E$1*B1079*86.4/$G$1)","=COSH($E$1*B1079*86.4/$G$1)","=(($G$1^2*1000)/($E$1*$I$1))*(H1079-1)","=$J$3*EXP(-$E$1*B1079*86.4/$G$1)","=J1078-J1079"
1,"=B1079+A1080","=$C$3+($G$1/($E$1*86.4))*SINH($E$1*B1080*86.4/$G$1)","=C1080-$C$3-B1080","=$E$1*B1080*86.4","=$G$1*G1080","=TANH($E$1*B1080*86.4/$G$1)","=COSH($E$1*B1080*86.4/$G$1)","=(($G$1^2*1000)/($E$1*$I$1))*(H1080-1)","=$J$3*EXP(-$E$1*B1080*86.4/$G$1)","=J1079-J1080"
1,"=B1080+A1081","=$C$3+($G$1/($E$1*86.4))*SINH($E$1*B1081*86.4/$G$1)","=C1081-$C$3-B1081","=$E$1*B1081*86.4","=$G$1*G1081","=TANH($E$1*B1081*86.4/$G$1)","=COSH($E$1*B1081*86.4/$G$1)","=(($G$1^2*1000)/($E$1*$I$1))*(H1081-1)","=$J$3*EXP(-$E$1*B1081*86.4/$G$1)","=J1080-J1081"
1,"=B1081+A1082","=$C$3+($G$1/($E$1*86.4))*SINH($E$1*B1082*86.4/$G$1)","=C1082-$C$3-B1082","=$E$1*B1082*86.4","=$G$1*G1082","=TANH($E$1*B1082*86.4/$G$1)","=COSH($E$1*B1082*86.4/$G$1)","=(($G$1^2*1000)/($E$1*$I$1))*(H1082-1)","=$J$3*EXP(-$E$1*B1082*86.4/$G$1)","=J1081-J1082"
1,"=B1082+A1083","=$C$3+($G$1/($E$1*86.4))*SINH($E$1*B1083*86.4/$G$1)","=C1083-$C$3-B1083","=$E$1*B1083*86.4","=$G$1*G1083","=TANH($E$1*B1083*86.4/$G$1)","=COSH($E$1*B1083*86.4/$G$1)","=(($G$1^2*1000)/($E$1*$I$1))*(H1083-1)","=$J$3*EXP(-$E$1*B1083*86.4/$G$1)","=J1082-J1083"
1,"=B1083+A1084","=$C$3+($G$1/($E$1*86.4))*SINH($E$1*B1084*86.4/$G$1)","=C1084-$C$3-B1084","=$E$1*B1084*86.4","=$G$1*G1084","=TANH($E$1*B1084*86.4/$G$1)","=COSH($E$1*B1084*86.4/$G$1)","=(($G$1^2*1000)/($E$1*$I$1))*(H1084-1)","=$J$3*EXP(-$E$1*B1084*86.4/$G$1)","=J1083-J1084"
1,"=B1084+A1085","=$C$3+($G$1/($E$1*86.4))*SINH($E$1*B1085*86.4/$G$1)","=C1085-$C$3-B1085","=$E$1*B1085*86.4","=$G$1*G1085","=TANH($E$1*B1085*86.4/$G$1)","=COSH($E$1*B1085*86.4/$G$1)","=(($G$1^2*1000)/($E$1*$I$1))*(H1085-1)","=$J$3*EXP(-$E$1*B1085*86.4/$G$1)","=J1084-J1085"
1,"=B1085+A1086","=$C$3+($G$1/($E$1*86.4))*SINH($E$1*B1086*86.4/$G$1)","=C1086-$C$3-B1086","=$E$1*B1086*86.4","=$G$1*G1086","=TANH($E$1*B1086*86.4/$G$1)","=COSH($E$1*B1086*86.4/$G$1)","=(($G$1^2*1000)/($E$1*$I$1))*(H1086-1)","=$J$3*EXP(-$E$1*B1086*86.4/$G$1)","=J1085-J1086"
1,"=B1086+A1087","=$C$3+($G$1/($E$1*86.4))*SINH($E$1*B1087*86.4/$G$1)","=C1087-$C$3-B1087","=$E$1*B1087*86.4","=$G$1*G1087","=TANH($E$1*B1087*86.4/$G$1)","=COSH($E$1*B1087*86.4/$G$1)","=(($G$1^2*1000)/($E$1*$I$1))*(H1087-1)","=$J$3*EXP(-$E$1*B1087*86.4/$G$1)","=J1086-J1087"
1,"=B1087+A1088","=$C$3+($G$1/($E$1*86.4))*SINH($E$1*B1088*86.4/$G$1)","=C1088-$C$3-B1088","=$E$1*B1088*86.4","=$G$1*G1088","=TANH($E$1*B1088*86.4/$G$1)","=COSH($E$1*B1088*86.4/$G$1)","=(($G$1^2*1000)/($E$1*$I$1))*(H1088-1)","=$J$3*EXP(-$E$1*B1088*86.4/$G$1)","=J1087-J1088"
1,"=B1088+A1089","=$C$3+($G$1/($E$1*86.4))*SINH($E$1*B1089*86.4/$G$1)","=C1089-$C$3-B1089","=$E$1*B1089*86.4","=$G$1*G1089","=TANH($E$1*B1089*86.4/$G$1)","=COSH($E$1*B1089*86.4/$G$1)","=(($G$1^2*1000)/($E$1*$I$1))*(H1089-1)","=$J$3*EXP(-$E$1*B1089*86.4/$G$1)","=J1088-J1089"
1,"=B1089+A1090","=$C$3+($G$1/($E$1*86.4))*SINH($E$1*B1090*86.4/$G$1)","=C1090-$C$3-B1090","=$E$1*B1090*86.4","=$G$1*G1090","=TANH($E$1*B1090*86.4/$G$1)","=COSH($E$1*B1090*86.4/$G$1)","=(($G$1^2*1000)/($E$1*$I$1))*(H1090-1)","=$J$3*EXP(-$E$1*B1090*86.4/$G$1)","=J1089-J1090"
1,"=B1090+A1091","=$C$3+($G$1/($E$1*86.4))*SINH($E$1*B1091*86.4/$G$1)","=C1091-$C$3-B1091","=$E$1*B1091*86.4","=$G$1*G1091","=TANH($E$1*B1091*86.4/$G$1)","=COSH($E$1*B1091*86.4/$G$1)","=(($G$1^2*1000)/($E$1*$I$1))*(H1091-1)","=$J$3*EXP(-$E$1*B1091*86.4/$G$1)","=J1090-J1091"
1,"=B1091+A1092","=$C$3+($G$1/($E$1*86.4))*SINH($E$1*B1092*86.4/$G$1)","=C1092-$C$3-B1092","=$E$1*B1092*86.4","=$G$1*G1092","=TANH($E$1*B1092*86.4/$G$1)","=COSH($E$1*B1092*86.4/$G$1)","=(($G$1^2*1000)/($E$1*$I$1))*(H1092-1)","=$J$3*EXP(-$E$1*B1092*86.4/$G$1)","=J1091-J1092"
1,"=B1092+A1093","=$C$3+($G$1/($E$1*86.4))*SINH($E$1*B1093*86.4/$G$1)","=C1093-$C$3-B1093","=$E$1*B1093*86.4","=$G$1*G1093","=TANH($E$1*B1093*86.4/$G$1)","=COSH($E$1*B1093*86.4/$G$1)","=(($G$1^2*1000)/($E$1*$I$1))*(H1093-1)","=$J$3*EXP(-$E$1*B1093*86.4/$G$1)","=J1092-J1093"
1,"=B1093+A1094","=$C$3+($G$1/($E$1*86.4))*SINH($E$1*B1094*86.4/$G$1)","=C1094-$C$3-B1094","=$E$1*B1094*86.4","=$G$1*G1094","=TANH($E$1*B1094*86.4/$G$1)","=COSH($E$1*B1094*86.4/$G$1)","=(($G$1^2*1000)/($E$1*$I$1))*(H1094-1)","=$J$3*EXP(-$E$1*B1094*86.4/$G$1)","=J1093-J1094"
1,"=B1094+A1095","=$C$3+($G$1/($E$1*86.4))*SINH($E$1*B1095*86.4/$G$1)","=C1095-$C$3-B1095","=$E$1*B1095*86.4","=$G$1*G1095","=TANH($E$1*B1095*86.4/$G$1)","=COSH($E$1*B1095*86.4/$G$1)","=(($G$1^2*1000)/($E$1*$I$1))*(H1095-1)","=$J$3*EXP(-$E$1*B1095*86.4/$G$1)","=J1094-J1095"
1,"=B1095+A1096","=$C$3+($G$1/($E$1*86.4))*SINH($E$1*B1096*86.4/$G$1)","=C1096-$C$3-B1096","=$E$1*B1096*86.4","=$G$1*G1096","=TANH($E$1*B1096*86.4/$G$1)","=COSH($E$1*B1096*86.4/$G$1)","=(($G$1^2*1000)/($E$1*$I$1))*(H1096-1)","=$J$3*EXP(-$E$1*B1096*86.4/$G$1)","=J1095-J1096"
1,"=B1096+A1097","=$C$3+($G$1/($E$1*86.4))*SINH($E$1*B1097*86.4/$G$1)","=C1097-$C$3-B1097","=$E$1*B1097*86.4","=$G$1*G1097","=TANH($E$1*B1097*86.4/$G$1)","=COSH($E$1*B1097*86.4/$G$1)","=(($G$1^2*1000)/($E$1*$I$1))*(H1097-1)","=$J$3*EXP(-$E$1*B1097*86.4/$G$1)","=J1096-J1097"
1,"=B1097+A1098","=$C$3+($G$1/($E$1*86.4))*SINH($E$1*B1098*86.4/$G$1)","=C1098-$C$3-B1098","=$E$1*B1098*86.4","=$G$1*G1098","=TANH($E$1*B1098*86.4/$G$1)","=COSH($E$1*B1098*86.4/$G$1)","=(($G$1^2*1000)/($E$1*$I$1))*(H1098-1)","=$J$3*EXP(-$E$1*B1098*86.4/$G$1)","=J1097-J1098"
1,"=B1098+A1099","=$C$3+($G$1/($E$1*86.4))*SINH($E$1*B1099*86.4/$G$1)","=C1099-$C$3-B1099","=$E$1*B1099*86.4","=$G$1*G1099","=TANH($E$1*B1099*86.4/$G$1)","=COSH($E$1*B1099*86.4/$G$1)","=(($G$1^2*1000)/($E$1*$I$1))*(H1099-1)","=$J$3*EXP(-$E$1*B1099*86.4/$G$1)","=J1098-J1099"
1,"=B1099+A1100","=$C$3+($G$1/($E$1*86.4))*SINH($E$1*B1100*86.4/$G$1)","=C1100-$C$3-B1100","=$E$1*B1100*86.4","=$G$1*G1100","=TANH($E$1*B1100*86.4/$G$1)","=COSH($E$1*B1100*86.4/$G$1)","=(($G$1^2*1000)/($E$1*$I$1))*(H1100-1)","=$J$3*EXP(-$E$1*B1100*86.4/$G$1)","=J1099-J1100"
1,"=B1100+A1101","=$C$3+($G$1/($E$1*86.4))*SINH($E$1*B1101*86.4/$G$1)","=C1101-$C$3-B1101","=$E$1*B1101*86.4","=$G$1*G1101","=TANH($E$1*B1101*86.4/$G$1)","=COSH($E$1*B1101*86.4/$G$1)","=(($G$1^2*1000)/($E$1*$I$1))*(H1101-1)","=$J$3*EXP(-$E$1*B1101*86.4/$G$1)","=J1100-J1101"
1,"=B1101+A1102","=$C$3+($G$1/($E$1*86.4))*SINH($E$1*B1102*86.4/$G$1)","=C1102-$C$3-B1102","=$E$1*B1102*86.4","=$G$1*G1102","=TANH($E$1*B1102*86.4/$G$1)","=COSH($E$1*B1102*86.4/$G$1)","=(($G$1^2*1000)/($E$1*$I$1))*(H1102-1)","=$J$3*EXP(-$E$1*B1102*86.4/$G$1)","=J1101-J1102"
1,"=B1102+A1103","=$C$3+($G$1/($E$1*86.4))*SINH($E$1*B1103*86.4/$G$1)","=C1103-$C$3-B1103","=$E$1*B1103*86.4","=$G$1*G1103","=TANH($E$1*B1103*86.4/$G$1)","=COSH($E$1*B1103*86.4/$G$1)","=(($G$1^2*1000)/($E$1*$I$1))*(H1103-1)","=$J$3*EXP(-$E$1*B1103*86.4/$G$1)","=J1102-J1103"
1,"=B1103+A1104","=$C$3+($G$1/($E$1*86.4))*SINH($E$1*B1104*86.4/$G$1)","=C1104-$C$3-B1104","=$E$1*B1104*86.4","=$G$1*G1104","=TANH($E$1*B1104*86.4/$G$1)","=COSH($E$1*B1104*86.4/$G$1)","=(($G$1^2*1000)/($E$1*$I$1))*(H1104-1)","=$J$3*EXP(-$E$1*B1104*86.4/$G$1)","=J1103-J1104"
1,"=B1104+A1105","=$C$3+($G$1/($E$1*86.4))*SINH($E$1*B1105*86.4/$G$1)","=C1105-$C$3-B1105","=$E$1*B1105*86.4","=$G$1*G1105","=TANH($E$1*B1105*86.4/$G$1)","=COSH($E$1*B1105*86.4/$G$1)","=(($G$1^2*1000)/($E$1*$I$1))*(H1105-1)","=$J$3*EXP(-$E$1*B1105*86.4/$G$1)","=J1104-J1105"
1,"=B1105+A1106","=$C$3+($G$1/($E$1*86.4))*SINH($E$1*B1106*86.4/$G$1)","=C1106-$C$3-B1106","=$E$1*B1106*86.4","=$G$1*G1106","=TANH($E$1*B1106*86.4/$G$1)","=COSH($E$1*B1106*86.4/$G$1)","=(($G$1^2*1000)/($E$1*$I$1))*(H1106-1)","=$J$3*EXP(-$E$1*B1106*86.4/$G$1)","=J1105-J1106"
1,"=B1106+A1107","=$C$3+($G$1/($E$1*86.4))*SINH($E$1*B1107*86.4/$G$1)","=C1107-$C$3-B1107","=$E$1*B1107*86.4","=$G$1*G1107","=TANH($E$1*B1107*86.4/$G$1)","=COSH($E$1*B1107*86.4/$G$1)","=(($G$1^2*1000)/($E$1*$I$1))*(H1107-1)","=$J$3*EXP(-$E$1*B1107*86.4/$G$1)","=J1106-J1107"
1,"=B1107+A1108","=$C$3+($G$1/($E$1*86.4))*SINH($E$1*B1108*86.4/$G$1)","=C1108-$C$3-B1108","=$E$1*B1108*86.4","=$G$1*G1108","=TANH($E$1*B1108*86.4/$G$1)","=COSH($E$1*B1108*86.4/$G$1)","=(($G$1^2*1000)/($E$1*$I$1))*(H1108-1)","=$J$3*EXP(-$E$1*B1108*86.4/$G$1)","=J1107-J1108"
1,"=B1108+A1109","=$C$3+($G$1/($E$1*86.4))*SINH($E$1*B1109*86.4/$G$1)","=C1109-$C$3-B1109","=$E$1*B1109*86.4","=$G$1*G1109","=TANH($E$1*B1109*86.4/$G$1)","=COSH($E$1*B1109*86.4/$G$1)","=(($G$1^2*1000)/($E$1*$I$1))*(H1109-1)","=$J$3*EXP(-$E$1*B1109*86.4/$G$1)","=J1108-J1109"
1,"=B1109+A1110","=$C$3+($G$1/($E$1*86.4))*SINH($E$1*B1110*86.4/$G$1)","=C1110-$C$3-B1110","=$E$1*B1110*86.4","=$G$1*G1110","=TANH($E$1*B1110*86.4/$G$1)","=COSH($E$1*B1110*86.4/$G$1)","=(($G$1^2*1000)/($E$1*$I$1))*(H1110-1)","=$J$3*EXP(-$E$1*B1110*86.4/$G$1)","=J1109-J1110"
1,"=B1110+A1111","=$C$3+($G$1/($E$1*86.4))*SINH($E$1*B1111*86.4/$G$1)","=C1111-$C$3-B1111","=$E$1*B1111*86.4","=$G$1*G1111","=TANH($E$1*B1111*86.4/$G$1)","=COSH($E$1*B1111*86.4/$G$1)","=(($G$1^2*1000)/($E$1*$I$1))*(H1111-1)","=$J$3*EXP(-$E$1*B1111*86.4/$G$1)","=J1110-J1111"
1,"=B1111+A1112","=$C$3+($G$1/($E$1*86.4))*SINH($E$1*B1112*86.4/$G$1)","=C1112-$C$3-B1112","=$E$1*B1112*86.4","=$G$1*G1112","=TANH($E$1*B1112*86.4/$G$1)","=COSH($E$1*B1112*86.4/$G$1)","=(($G$1^2*1000)/($E$1*$I$1))*(H1112-1)","=$J$3*EXP(-$E$1*B1112*86.4/$G$1)","=J1111-J1112"
1,"=B1112+A1113","=$C$3+($G$1/($E$1*86.4))*SINH($E$1*B1113*86.4/$G$1)","=C1113-$C$3-B1113","=$E$1*B1113*86.4","=$G$1*G1113","=TANH($E$1*B1113*86.4/$G$1)","=COSH($E$1*B1113*86.4/$G$1)","=(($G$1^2*1000)/($E$1*$I$1))*(H1113-1)","=$J$3*EXP(-$E$1*B1113*86.4/$G$1)","=J1112-J1113"
1,"=B1113+A1114","=$C$3+($G$1/($E$1*86.4))*SINH($E$1*B1114*86.4/$G$1)","=C1114-$C$3-B1114","=$E$1*B1114*86.4","=$G$1*G1114","=TANH($E$1*B1114*86.4/$G$1)","=COSH($E$1*B1114*86.4/$G$1)","=(($G$1^2*1000)/($E$1*$I$1))*(H1114-1)","=$J$3*EXP(-$E$1*B1114*86.4/$G$1)","=J1113-J1114"
1,"=B1114+A1115","=$C$3+($G$1/($E$1*86.4))*SINH($E$1*B1115*86.4/$G$1)","=C1115-$C$3-B1115","=$E$1*B1115*86.4","=$G$1*G1115","=TANH($E$1*B1115*86.4/$G$1)","=COSH($E$1*B1115*86.4/$G$1)","=(($G$1^2*1000)/($E$1*$I$1))*(H1115-1)","=$J$3*EXP(-$E$1*B1115*86.4/$G$1)","=J1114-J1115"
1,"=B1115+A1116","=$C$3+($G$1/($E$1*86.4))*SINH($E$1*B1116*86.4/$G$1)","=C1116-$C$3-B1116","=$E$1*B1116*86.4","=$G$1*G1116","=TANH($E$1*B1116*86.4/$G$1)","=COSH($E$1*B1116*86.4/$G$1)","=(($G$1^2*1000)/($E$1*$I$1))*(H1116-1)","=$J$3*EXP(-$E$1*B1116*86.4/$G$1)","=J1115-J1116"
1,"=B1116+A1117","=$C$3+($G$1/($E$1*86.4))*SINH($E$1*B1117*86.4/$G$1)","=C1117-$C$3-B1117","=$E$1*B1117*86.4","=$G$1*G1117","=TANH($E$1*B1117*86.4/$G$1)","=COSH($E$1*B1117*86.4/$G$1)","=(($G$1^2*1000)/($E$1*$I$1))*(H1117-1)","=$J$3*EXP(-$E$1*B1117*86.4/$G$1)","=J1116-J1117"
1,"=B1117+A1118","=$C$3+($G$1/($E$1*86.4))*SINH($E$1*B1118*86.4/$G$1)","=C1118-$C$3-B1118","=$E$1*B1118*86.4","=$G$1*G1118","=TANH($E$1*B1118*86.4/$G$1)","=COSH($E$1*B1118*86.4/$G$1)","=(($G$1^2*1000)/($E$1*$I$1))*(H1118-1)","=$J$3*EXP(-$E$1*B1118*86.4/$G$1)","=J1117-J1118"
1,"=B1118+A1119","=$C$3+($G$1/($E$1*86.4))*SINH($E$1*B1119*86.4/$G$1)","=C1119-$C$3-B1119","=$E$1*B1119*86.4","=$G$1*G1119","=TANH($E$1*B1119*86.4/$G$1)","=COSH($E$1*B1119*86.4/$G$1)","=(($G$1^2*1000)/($E$1*$I$1))*(H1119-1)","=$J$3*EXP(-$E$1*B1119*86.4/$G$1)","=J1118-J1119"
1,"=B1119+A1120","=$C$3+($G$1/($E$1*86.4))*SINH($E$1*B1120*86.4/$G$1)","=C1120-$C$3-B1120","=$E$1*B1120*86.4","=$G$1*G1120","=TANH($E$1*B1120*86.4/$G$1)","=COSH($E$1*B1120*86.4/$G$1)","=(($G$1^2*1000)/($E$1*$I$1))*(H1120-1)","=$J$3*EXP(-$E$1*B1120*86.4/$G$1)","=J1119-J1120"
1,"=B1120+A1121","=$C$3+($G$1/($E$1*86.4))*SINH($E$1*B1121*86.4/$G$1)","=C1121-$C$3-B1121","=$E$1*B1121*86.4","=$G$1*G1121","=TANH($E$1*B1121*86.4/$G$1)","=COSH($E$1*B1121*86.4/$G$1)","=(($G$1^2*1000)/($E$1*$I$1))*(H1121-1)","=$J$3*EXP(-$E$1*B1121*86.4/$G$1)","=J1120-J1121"
1,"=B1121+A1122","=$C$3+($G$1/($E$1*86.4))*SINH($E$1*B1122*86.4/$G$1)","=C1122-$C$3-B1122","=$E$1*B1122*86.4","=$G$1*G1122","=TANH($E$1*B1122*86.4/$G$1)","=COSH($E$1*B1122*86.4/$G$1)","=(($G$1^2*1000)/($E$1*$I$1))*(H1122-1)","=$J$3*EXP(-$E$1*B1122*86.4/$G$1)","=J1121-J1122"
1,"=B1122+A1123","=$C$3+($G$1/($E$1*86.4))*SINH($E$1*B1123*86.4/$G$1)","=C1123-$C$3-B1123","=$E$1*B1123*86.4","=$G$1*G1123","=TANH($E$1*B1123*86.4/$G$1)","=COSH($E$1*B1123*86.4/$G$1)","=(($G$1^2*1000)/($E$1*$I$1))*(H1123-1)","=$J$3*EXP(-$E$1*B1123*86.4/$G$1)","=J1122-J1123"
1,"=B1123+A1124","=$C$3+($G$1/($E$1*86.4))*SINH($E$1*B1124*86.4/$G$1)","=C1124-$C$3-B1124","=$E$1*B1124*86.4","=$G$1*G1124","=TANH($E$1*B1124*86.4/$G$1)","=COSH($E$1*B1124*86.4/$G$1)","=(($G$1^2*1000)/($E$1*$I$1))*(H1124-1)","=$J$3*EXP(-$E$1*B1124*86.4/$G$1)","=J1123-J1124"
1,"=B1124+A1125","=$C$3+($G$1/($E$1*86.4))*SINH($E$1*B1125*86.4/$G$1)","=C1125-$C$3-B1125","=$E$1*B1125*86.4","=$G$1*G1125","=TANH($E$1*B1125*86.4/$G$1)","=COSH($E$1*B1125*86.4/$G$1)","=(($G$1^2*1000)/($E$1*$I$1))*(H1125-1)","=$J$3*EXP(-$E$1*B1125*86.4/$G$1)","=J1124-J1125"
1,"=B1125+A1126","=$C$3+($G$1/($E$1*86.4))*SINH($E$1*B1126*86.4/$G$1)","=C1126-$C$3-B1126","=$E$1*B1126*86.4","=$G$1*G1126","=TANH($E$1*B1126*86.4/$G$1)","=COSH($E$1*B1126*86.4/$G$1)","=(($G$1^2*1000)/($E$1*$I$1))*(H1126-1)","=$J$3*EXP(-$E$1*B1126*86.4/$G$1)","=J1125-J1126"
1,"=B1126+A1127","=$C$3+($G$1/($E$1*86.4))*SINH($E$1*B1127*86.4/$G$1)","=C1127-$C$3-B1127","=$E$1*B1127*86.4","=$G$1*G1127","=TANH($E$1*B1127*86.4/$G$1)","=COSH($E$1*B1127*86.4/$G$1)","=(($G$1^2*1000)/($E$1*$I$1))*(H1127-1)","=$J$3*EXP(-$E$1*B1127*86.4/$G$1)","=J1126-J1127"
1,"=B1127+A1128","=$C$3+($G$1/($E$1*86.4))*SINH($E$1*B1128*86.4/$G$1)","=C1128-$C$3-B1128","=$E$1*B1128*86.4","=$G$1*G1128","=TANH($E$1*B1128*86.4/$G$1)","=COSH($E$1*B1128*86.4/$G$1)","=(($G$1^2*1000)/($E$1*$I$1))*(H1128-1)","=$J$3*EXP(-$E$1*B1128*86.4/$G$1)","=J1127-J1128"
1,"=B1128+A1129","=$C$3+($G$1/($E$1*86.4))*SINH($E$1*B1129*86.4/$G$1)","=C1129-$C$3-B1129","=$E$1*B1129*86.4","=$G$1*G1129","=TANH($E$1*B1129*86.4/$G$1)","=COSH($E$1*B1129*86.4/$G$1)","=(($G$1^2*1000)/($E$1*$I$1))*(H1129-1)","=$J$3*EXP(-$E$1*B1129*86.4/$G$1)","=J1128-J1129"
1,"=B1129+A1130","=$C$3+($G$1/($E$1*86.4))*SINH($E$1*B1130*86.4/$G$1)","=C1130-$C$3-B1130","=$E$1*B1130*86.4","=$G$1*G1130","=TANH($E$1*B1130*86.4/$G$1)","=COSH($E$1*B1130*86.4/$G$1)","=(($G$1^2*1000)/($E$1*$I$1))*(H1130-1)","=$J$3*EXP(-$E$1*B1130*86.4/$G$1)","=J1129-J1130"
1,"=B1130+A1131","=$C$3+($G$1/($E$1*86.4))*SINH($E$1*B1131*86.4/$G$1)","=C1131-$C$3-B1131","=$E$1*B1131*86.4","=$G$1*G1131","=TANH($E$1*B1131*86.4/$G$1)","=COSH($E$1*B1131*86.4/$G$1)","=(($G$1^2*1000)/($E$1*$I$1))*(H1131-1)","=$J$3*EXP(-$E$1*B1131*86.4/$G$1)","=J1130-J1131"
1,"=B1131+A1132","=$C$3+($G$1/($E$1*86.4))*SINH($E$1*B1132*86.4/$G$1)","=C1132-$C$3-B1132","=$E$1*B1132*86.4","=$G$1*G1132","=TANH($E$1*B1132*86.4/$G$1)","=COSH($E$1*B1132*86.4/$G$1)","=(($G$1^2*1000)/($E$1*$I$1))*(H1132-1)","=$J$3*EXP(-$E$1*B1132*86.4/$G$1)","=J1131-J1132"
1,"=B1132+A1133","=$C$3+($G$1/($E$1*86.4))*SINH($E$1*B1133*86.4/$G$1)","=C1133-$C$3-B1133","=$E$1*B1133*86.4","=$G$1*G1133","=TANH($E$1*B1133*86.4/$G$1)","=COSH($E$1*B1133*86.4/$G$1)","=(($G$1^2*1000)/($E$1*$I$1))*(H1133-1)","=$J$3*EXP(-$E$1*B1133*86.4/$G$1)","=J1132-J1133"
1,"=B1133+A1134","=$C$3+($G$1/($E$1*86.4))*SINH($E$1*B1134*86.4/$G$1)","=C1134-$C$3-B1134","=$E$1*B1134*86.4","=$G$1*G1134","=TANH($E$1*B1134*86.4/$G$1)","=COSH($E$1*B1134*86.4/$G$1)","=(($G$1^2*1000)/($E$1*$I$1))*(H1134-1)","=$J$3*EXP(-$E$1*B1134*86.4/$G$1)","=J1133-J1134"
1,"=B1134+A1135","=$C$3+($G$1/($E$1*86.4))*SINH($E$1*B1135*86.4/$G$1)","=C1135-$C$3-B1135","=$E$1*B1135*86.4","=$G$1*G1135","=TANH($E$1*B1135*86.4/$G$1)","=COSH($E$1*B1135*86.4/$G$1)","=(($G$1^2*1000)/($E$1*$I$1))*(H1135-1)","=$J$3*EXP(-$E$1*B1135*86.4/$G$1)","=J1134-J1135"
1,"=B1135+A1136","=$C$3+($G$1/($E$1*86.4))*SINH($E$1*B1136*86.4/$G$1)","=C1136-$C$3-B1136","=$E$1*B1136*86.4","=$G$1*G1136","=TANH($E$1*B1136*86.4/$G$1)","=COSH($E$1*B1136*86.4/$G$1)","=(($G$1^2*1000)/($E$1*$I$1))*(H1136-1)","=$J$3*EXP(-$E$1*B1136*86.4/$G$1)","=J1135-J1136"
1,"=B1136+A1137","=$C$3+($G$1/($E$1*86.4))*SINH($E$1*B1137*86.4/$G$1)","=C1137-$C$3-B1137","=$E$1*B1137*86.4","=$G$1*G1137","=TANH($E$1*B1137*86.4/$G$1)","=COSH($E$1*B1137*86.4/$G$1)","=(($G$1^2*1000)/($E$1*$I$1))*(H1137-1)","=$J$3*EXP(-$E$1*B1137*86.4/$G$1)","=J1136-J1137"
1,"=B1137+A1138","=$C$3+($G$1/($E$1*86.4))*SINH($E$1*B1138*86.4/$G$1)","=C1138-$C$3-B1138","=$E$1*B1138*86.4","=$G$1*G1138","=TANH($E$1*B1138*86.4/$G$1)","=COSH($E$1*B1138*86.4/$G$1)","=(($G$1^2*1000)/($E$1*$I$1))*(H1138-1)","=$J$3*EXP(-$E$1*B1138*86.4/$G$1)","=J1137-J1138"
1,"=B1138+A1139","=$C$3+($G$1/($E$1*86.4))*SINH($E$1*B1139*86.4/$G$1)","=C1139-$C$3-B1139","=$E$1*B1139*86.4","=$G$1*G1139","=TANH($E$1*B1139*86.4/$G$1)","=COSH($E$1*B1139*86.4/$G$1)","=(($G$1^2*1000)/($E$1*$I$1))*(H1139-1)","=$J$3*EXP(-$E$1*B1139*86.4/$G$1)","=J1138-J1139"
1,"=B1139+A1140","=$C$3+($G$1/($E$1*86.4))*SINH($E$1*B1140*86.4/$G$1)","=C1140-$C$3-B1140","=$E$1*B1140*86.4","=$G$1*G1140","=TANH($E$1*B1140*86.4/$G$1)","=COSH($E$1*B1140*86.4/$G$1)","=(($G$1^2*1000)/($E$1*$I$1))*(H1140-1)","=$J$3*EXP(-$E$1*B1140*86.4/$G$1)","=J1139-J1140"
1,"=B1140+A1141","=$C$3+($G$1/($E$1*86.4))*SINH($E$1*B1141*86.4/$G$1)","=C1141-$C$3-B1141","=$E$1*B1141*86.4","=$G$1*G1141","=TANH($E$1*B1141*86.4/$G$1)","=COSH($E$1*B1141*86.4/$G$1)","=(($G$1^2*1000)/($E$1*$I$1))*(H1141-1)","=$J$3*EXP(-$E$1*B1141*86.4/$G$1)","=J1140-J1141"
1,"=B1141+A1142","=$C$3+($G$1/($E$1*86.4))*SINH($E$1*B1142*86.4/$G$1)","=C1142-$C$3-B1142","=$E$1*B1142*86.4","=$G$1*G1142","=TANH($E$1*B1142*86.4/$G$1)","=COSH($E$1*B1142*86.4/$G$1)","=(($G$1^2*1000)/($E$1*$I$1))*(H1142-1)","=$J$3*EXP(-$E$1*B1142*86.4/$G$1)","=J1141-J1142"
1,"=B1142+A1143","=$C$3+($G$1/($E$1*86.4))*SINH($E$1*B1143*86.4/$G$1)","=C1143-$C$3-B1143","=$E$1*B1143*86.4","=$G$1*G1143","=TANH($E$1*B1143*86.4/$G$1)","=COSH($E$1*B1143*86.4/$G$1)","=(($G$1^2*1000)/($E$1*$I$1))*(H1143-1)","=$J$3*EXP(-$E$1*B1143*86.4/$G$1)","=J1142-J1143"
1,"=B1143+A1144","=$C$3+($G$1/($E$1*86.4))*SINH($E$1*B1144*86.4/$G$1)","=C1144-$C$3-B1144","=$E$1*B1144*86.4","=$G$1*G1144","=TANH($E$1*B1144*86.4/$G$1)","=COSH($E$1*B1144*86.4/$G$1)","=(($G$1^2*1000)/($E$1*$I$1))*(H1144-1)","=$J$3*EXP(-$E$1*B1144*86.4/$G$1)","=J1143-J1144"
1,"=B1144+A1145","=$C$3+($G$1/($E$1*86.4))*SINH($E$1*B1145*86.4/$G$1)","=C1145-$C$3-B1145","=$E$1*B1145*86.4","=$G$1*G1145","=TANH($E$1*B1145*86.4/$G$1)","=COSH($E$1*B1145*86.4/$G$1)","=(($G$1^2*1000)/($E$1*$I$1))*(H1145-1)","=$J$3*EXP(-$E$1*B1145*86.4/$G$1)","=J1144-J1145"
1,"=B1145+A1146","=$C$3+($G$1/($E$1*86.4))*SINH($E$1*B1146*86.4/$G$1)","=C1146-$C$3-B1146","=$E$1*B1146*86.4","=$G$1*G1146","=TANH($E$1*B1146*86.4/$G$1)","=COSH($E$1*B1146*86.4/$G$1)","=(($G$1^2*1000)/($E$1*$I$1))*(H1146-1)","=$J$3*EXP(-$E$1*B1146*86.4/$G$1)","=J1145-J1146"
1,"=B1146+A1147","=$C$3+($G$1/($E$1*86.4))*SINH($E$1*B1147*86.4/$G$1)","=C1147-$C$3-B1147","=$E$1*B1147*86.4","=$G$1*G1147","=TANH($E$1*B1147*86.4/$G$1)","=COSH($E$1*B1147*86.4/$G$1)","=(($G$1^2*1000)/($E$1*$I$1))*(H1147-1)","=$J$3*EXP(-$E$1*B1147*86.4/$G$1)","=J1146-J1147"
1,"=B1147+A1148","=$C$3+($G$1/($E$1*86.4))*SINH($E$1*B1148*86.4/$G$1)","=C1148-$C$3-B1148","=$E$1*B1148*86.4","=$G$1*G1148","=TANH($E$1*B1148*86.4/$G$1)","=COSH($E$1*B1148*86.4/$G$1)","=(($G$1^2*1000)/($E$1*$I$1))*(H1148-1)","=$J$3*EXP(-$E$1*B1148*86.4/$G$1)","=J1147-J1148"
1,"=B1148+A1149","=$C$3+($G$1/($E$1*86.4))*SINH($E$1*B1149*86.4/$G$1)","=C1149-$C$3-B1149","=$E$1*B1149*86.4","=$G$1*G1149","=TANH($E$1*B1149*86.4/$G$1)","=COSH($E$1*B1149*86.4/$G$1)","=(($G$1^2*1000)/($E$1*$I$1))*(H1149-1)","=$J$3*EXP(-$E$1*B1149*86.4/$G$1)","=J1148-J1149"
1,"=B1149+A1150","=$C$3+($G$1/($E$1*86.4))*SINH($E$1*B1150*86.4/$G$1)","=C1150-$C$3-B1150","=$E$1*B1150*86.4","=$G$1*G1150","=TANH($E$1*B1150*86.4/$G$1)","=COSH($E$1*B1150*86.4/$G$1)","=(($G$1^2*1000)/($E$1*$I$1))*(H1150-1)","=$J$3*EXP(-$E$1*B1150*86.4/$G$1)","=J1149-J1150"
1,"=B1150+A1151","=$C$3+($G$1/($E$1*86.4))*SINH($E$1*B1151*86.4/$G$1)","=C1151-$C$3-B1151","=$E$1*B1151*86.4","=$G$1*G1151","=TANH($E$1*B1151*86.4/$G$1)","=COSH($E$1*B1151*86.4/$G$1)","=(($G$1^2*1000)/($E$1*$I$1))*(H1151-1)","=$J$3*EXP(-$E$1*B1151*86.4/$G$1)","=J1150-J1151"
1,"=B1151+A1152","=$C$3+($G$1/($E$1*86.4))*SINH($E$1*B1152*86.4/$G$1)","=C1152-$C$3-B1152","=$E$1*B1152*86.4","=$G$1*G1152","=TANH($E$1*B1152*86.4/$G$1)","=COSH($E$1*B1152*86.4/$G$1)","=(($G$1^2*1000)/($E$1*$I$1))*(H1152-1)","=$J$3*EXP(-$E$1*B1152*86.4/$G$1)","=J1151-J1152"
1,"=B1152+A1153","=$C$3+($G$1/($E$1*86.4))*SINH($E$1*B1153*86.4/$G$1)","=C1153-$C$3-B1153","=$E$1*B1153*86.4","=$G$1*G1153","=TANH($E$1*B1153*86.4/$G$1)","=COSH($E$1*B1153*86.4/$G$1)","=(($G$1^2*1000)/($E$1*$I$1))*(H1153-1)","=$J$3*EXP(-$E$1*B1153*86.4/$G$1)","=J1152-J1153"
1,"=B1153+A1154","=$C$3+($G$1/($E$1*86.4))*SINH($E$1*B1154*86.4/$G$1)","=C1154-$C$3-B1154","=$E$1*B1154*86.4","=$G$1*G1154","=TANH($E$1*B1154*86.4/$G$1)","=COSH($E$1*B1154*86.4/$G$1)","=(($G$1^2*1000)/($E$1*$I$1))*(H1154-1)","=$J$3*EXP(-$E$1*B1154*86.4/$G$1)","=J1153-J1154"
1,"=B1154+A1155","=$C$3+($G$1/($E$1*86.4))*SINH($E$1*B1155*86.4/$G$1)","=C1155-$C$3-B1155","=$E$1*B1155*86.4","=$G$1*G1155","=TANH($E$1*B1155*86.4/$G$1)","=COSH($E$1*B1155*86.4/$G$1)","=(($G$1^2*1000)/($E$1*$I$1))*(H1155-1)","=$J$3*EXP(-$E$1*B1155*86.4/$G$1)","=J1154-J1155"
1,"=B1155+A1156","=$C$3+($G$1/($E$1*86.4))*SINH($E$1*B1156*86.4/$G$1)","=C1156-$C$3-B1156","=$E$1*B1156*86.4","=$G$1*G1156","=TANH($E$1*B1156*86.4/$G$1)","=COSH($E$1*B1156*86.4/$G$1)","=(($G$1^2*1000)/($E$1*$I$1))*(H1156-1)","=$J$3*EXP(-$E$1*B1156*86.4/$G$1)","=J1155-J1156"
1,"=B1156+A1157","=$C$3+($G$1/($E$1*86.4))*SINH($E$1*B1157*86.4/$G$1)","=C1157-$C$3-B1157","=$E$1*B1157*86.4","=$G$1*G1157","=TANH($E$1*B1157*86.4/$G$1)","=COSH($E$1*B1157*86.4/$G$1)","=(($G$1^2*1000)/($E$1*$I$1))*(H1157-1)","=$J$3*EXP(-$E$1*B1157*86.4/$G$1)","=J1156-J1157"
1,"=B1157+A1158","=$C$3+($G$1/($E$1*86.4))*SINH($E$1*B1158*86.4/$G$1)","=C1158-$C$3-B1158","=$E$1*B1158*86.4","=$G$1*G1158","=TANH($E$1*B1158*86.4/$G$1)","=COSH($E$1*B1158*86.4/$G$1)","=(($G$1^2*1000)/($E$1*$I$1))*(H1158-1)","=$J$3*EXP(-$E$1*B1158*86.4/$G$1)","=J1157-J1158"
1,"=B1158+A1159","=$C$3+($G$1/($E$1*86.4))*SINH($E$1*B1159*86.4/$G$1)","=C1159-$C$3-B1159","=$E$1*B1159*86.4","=$G$1*G1159","=TANH($E$1*B1159*86.4/$G$1)","=COSH($E$1*B1159*86.4/$G$1)","=(($G$1^2*1000)/($E$1*$I$1))*(H1159-1)","=$J$3*EXP(-$E$1*B1159*86.4/$G$1)","=J1158-J1159"
1,"=B1159+A1160","=$C$3+($G$1/($E$1*86.4))*SINH($E$1*B1160*86.4/$G$1)","=C1160-$C$3-B1160","=$E$1*B1160*86.4","=$G$1*G1160","=TANH($E$1*B1160*86.4/$G$1)","=COSH($E$1*B1160*86.4/$G$1)","=(($G$1^2*1000)/($E$1*$I$1))*(H1160-1)","=$J$3*EXP(-$E$1*B1160*86.4/$G$1)","=J1159-J1160"
1,"=B1160+A1161","=$C$3+($G$1/($E$1*86.4))*SINH($E$1*B1161*86.4/$G$1)","=C1161-$C$3-B1161","=$E$1*B1161*86.4","=$G$1*G1161","=TANH($E$1*B1161*86.4/$G$1)","=COSH($E$1*B1161*86.4/$G$1)","=(($G$1^2*1000)/($E$1*$I$1))*(H1161-1)","=$J$3*EXP(-$E$1*B1161*86.4/$G$1)","=J1160-J1161"
1,"=B1161+A1162","=$C$3+($G$1/($E$1*86.4))*SINH($E$1*B1162*86.4/$G$1)","=C1162-$C$3-B1162","=$E$1*B1162*86.4","=$G$1*G1162","=TANH($E$1*B1162*86.4/$G$1)","=COSH($E$1*B1162*86.4/$G$1)","=(($G$1^2*1000)/($E$1*$I$1))*(H1162-1)","=$J$3*EXP(-$E$1*B1162*86.4/$G$1)","=J1161-J1162"
1,"=B1162+A1163","=$C$3+($G$1/($E$1*86.4))*SINH($E$1*B1163*86.4/$G$1)","=C1163-$C$3-B1163","=$E$1*B1163*86.4","=$G$1*G1163","=TANH($E$1*B1163*86.4/$G$1)","=COSH($E$1*B1163*86.4/$G$1)","=(($G$1^2*1000)/($E$1*$I$1))*(H1163-1)","=$J$3*EXP(-$E$1*B1163*86.4/$G$1)","=J1162-J1163"
1,"=B1163+A1164","=$C$3+($G$1/($E$1*86.4))*SINH($E$1*B1164*86.4/$G$1)","=C1164-$C$3-B1164","=$E$1*B1164*86.4","=$G$1*G1164","=TANH($E$1*B1164*86.4/$G$1)","=COSH($E$1*B1164*86.4/$G$1)","=(($G$1^2*1000)/($E$1*$I$1))*(H1164-1)","=$J$3*EXP(-$E$1*B1164*86.4/$G$1)","=J1163-J1164"
1,"=B1164+A1165","=$C$3+($G$1/($E$1*86.4))*SINH($E$1*B1165*86.4/$G$1)","=C1165-$C$3-B1165","=$E$1*B1165*86.4","=$G$1*G1165","=TANH($E$1*B1165*86.4/$G$1)","=COSH($E$1*B1165*86.4/$G$1)","=(($G$1^2*1000)/($E$1*$I$1))*(H1165-1)","=$J$3*EXP(-$E$1*B1165*86.4/$G$1)","=J1164-J1165"
1,"=B1165+A1166","=$C$3+($G$1/($E$1*86.4))*SINH($E$1*B1166*86.4/$G$1)","=C1166-$C$3-B1166","=$E$1*B1166*86.4","=$G$1*G1166","=TANH($E$1*B1166*86.4/$G$1)","=COSH($E$1*B1166*86.4/$G$1)","=(($G$1^2*1000)/($E$1*$I$1))*(H1166-1)","=$J$3*EXP(-$E$1*B1166*86.4/$G$1)","=J1165-J1166"
1,"=B1166+A1167","=$C$3+($G$1/($E$1*86.4))*SINH($E$1*B1167*86.4/$G$1)","=C1167-$C$3-B1167","=$E$1*B1167*86.4","=$G$1*G1167","=TANH($E$1*B1167*86.4/$G$1)","=COSH($E$1*B1167*86.4/$G$1)","=(($G$1^2*1000)/($E$1*$I$1))*(H1167-1)","=$J$3*EXP(-$E$1*B1167*86.4/$G$1)","=J1166-J1167"
1,"=B1167+A1168","=$C$3+($G$1/($E$1*86.4))*SINH($E$1*B1168*86.4/$G$1)","=C1168-$C$3-B1168","=$E$1*B1168*86.4","=$G$1*G1168","=TANH($E$1*B1168*86.4/$G$1)","=COSH($E$1*B1168*86.4/$G$1)","=(($G$1^2*1000)/($E$1*$I$1))*(H1168-1)","=$J$3*EXP(-$E$1*B1168*86.4/$G$1)","=J1167-J1168"
1,"=B1168+A1169","=$C$3+($G$1/($E$1*86.4))*SINH($E$1*B1169*86.4/$G$1)","=C1169-$C$3-B1169","=$E$1*B1169*86.4","=$G$1*G1169","=TANH($E$1*B1169*86.4/$G$1)","=COSH($E$1*B1169*86.4/$G$1)","=(($G$1^2*1000)/($E$1*$I$1))*(H1169-1)","=$J$3*EXP(-$E$1*B1169*86.4/$G$1)","=J1168-J1169"
1,"=B1169+A1170","=$C$3+($G$1/($E$1*86.4))*SINH($E$1*B1170*86.4/$G$1)","=C1170-$C$3-B1170","=$E$1*B1170*86.4","=$G$1*G1170","=TANH($E$1*B1170*86.4/$G$1)","=COSH($E$1*B1170*86.4/$G$1)","=(($G$1^2*1000)/($E$1*$I$1))*(H1170-1)","=$J$3*EXP(-$E$1*B1170*86.4/$G$1)","=J1169-J1170"
1,"=B1170+A1171","=$C$3+($G$1/($E$1*86.4))*SINH($E$1*B1171*86.4/$G$1)","=C1171-$C$3-B1171","=$E$1*B1171*86.4","=$G$1*G1171","=TANH($E$1*B1171*86.4/$G$1)","=COSH($E$1*B1171*86.4/$G$1)","=(($G$1^2*1000)/($E$1*$I$1))*(H1171-1)","=$J$3*EXP(-$E$1*B1171*86.4/$G$1)","=J1170-J1171"
1,"=B1171+A1172","=$C$3+($G$1/($E$1*86.4))*SINH($E$1*B1172*86.4/$G$1)","=C1172-$C$3-B1172","=$E$1*B1172*86.4","=$G$1*G1172","=TANH($E$1*B1172*86.4/$G$1)","=COSH($E$1*B1172*86.4/$G$1)","=(($G$1^2*1000)/($E$1*$I$1))*(H1172-1)","=$J$3*EXP(-$E$1*B1172*86.4/$G$1)","=J1171-J1172"
1,"=B1172+A1173","=$C$3+($G$1/($E$1*86.4))*SINH($E$1*B1173*86.4/$G$1)","=C1173-$C$3-B1173","=$E$1*B1173*86.4","=$G$1*G1173","=TANH($E$1*B1173*86.4/$G$1)","=COSH($E$1*B1173*86.4/$G$1)","=(($G$1^2*1000)/($E$1*$I$1))*(H1173-1)","=$J$3*EXP(-$E$1*B1173*86.4/$G$1)","=J1172-J1173"
1,"=B1173+A1174","=$C$3+($G$1/($E$1*86.4))*SINH($E$1*B1174*86.4/$G$1)","=C1174-$C$3-B1174","=$E$1*B1174*86.4","=$G$1*G1174","=TANH($E$1*B1174*86.4/$G$1)","=COSH($E$1*B1174*86.4/$G$1)","=(($G$1^2*1000)/($E$1*$I$1))*(H1174-1)","=$J$3*EXP(-$E$1*B1174*86.4/$G$1)","=J1173-J1174"
1,"=B1174+A1175","=$C$3+($G$1/($E$1*86.4))*SINH($E$1*B1175*86.4/$G$1)","=C1175-$C$3-B1175","=$E$1*B1175*86.4","=$G$1*G1175","=TANH($E$1*B1175*86.4/$G$1)","=COSH($E$1*B1175*86.4/$G$1)","=(($G$1^2*1000)/($E$1*$I$1))*(H1175-1)","=$J$3*EXP(-$E$1*B1175*86.4/$G$1)","=J1174-J1175"
1,"=B1175+A1176","=$C$3+($G$1/($E$1*86.4))*SINH($E$1*B1176*86.4/$G$1)","=C1176-$C$3-B1176","=$E$1*B1176*86.4","=$G$1*G1176","=TANH($E$1*B1176*86.4/$G$1)","=COSH($E$1*B1176*86.4/$G$1)","=(($G$1^2*1000)/($E$1*$I$1))*(H1176-1)","=$J$3*EXP(-$E$1*B1176*86.4/$G$1)","=J1175-J1176"
1,"=B1176+A1177","=$C$3+($G$1/($E$1*86.4))*SINH($E$1*B1177*86.4/$G$1)","=C1177-$C$3-B1177","=$E$1*B1177*86.4","=$G$1*G1177","=TANH($E$1*B1177*86.4/$G$1)","=COSH($E$1*B1177*86.4/$G$1)","=(($G$1^2*1000)/($E$1*$I$1))*(H1177-1)","=$J$3*EXP(-$E$1*B1177*86.4/$G$1)","=J1176-J1177"
1,"=B1177+A1178","=$C$3+($G$1/($E$1*86.4))*SINH($E$1*B1178*86.4/$G$1)","=C1178-$C$3-B1178","=$E$1*B1178*86.4","=$G$1*G1178","=TANH($E$1*B1178*86.4/$G$1)","=COSH($E$1*B1178*86.4/$G$1)","=(($G$1^2*1000)/($E$1*$I$1))*(H1178-1)","=$J$3*EXP(-$E$1*B1178*86.4/$G$1)","=J1177-J1178"
1,"=B1178+A1179","=$C$3+($G$1/($E$1*86.4))*SINH($E$1*B1179*86.4/$G$1)","=C1179-$C$3-B1179","=$E$1*B1179*86.4","=$G$1*G1179","=TANH($E$1*B1179*86.4/$G$1)","=COSH($E$1*B1179*86.4/$G$1)","=(($G$1^2*1000)/($E$1*$I$1))*(H1179-1)","=$J$3*EXP(-$E$1*B1179*86.4/$G$1)","=J1178-J1179"
1,"=B1179+A1180","=$C$3+($G$1/($E$1*86.4))*SINH($E$1*B1180*86.4/$G$1)","=C1180-$C$3-B1180","=$E$1*B1180*86.4","=$G$1*G1180","=TANH($E$1*B1180*86.4/$G$1)","=COSH($E$1*B1180*86.4/$G$1)","=(($G$1^2*1000)/($E$1*$I$1))*(H1180-1)","=$J$3*EXP(-$E$1*B1180*86.4/$G$1)","=J1179-J1180"
1,"=B1180+A1181","=$C$3+($G$1/($E$1*86.4))*SINH($E$1*B1181*86.4/$G$1)","=C1181-$C$3-B1181","=$E$1*B1181*86.4","=$G$1*G1181","=TANH($E$1*B1181*86.4/$G$1)","=COSH($E$1*B1181*86.4/$G$1)","=(($G$1^2*1000)/($E$1*$I$1))*(H1181-1)","=$J$3*EXP(-$E$1*B1181*86.4/$G$1)","=J1180-J1181"
1,"=B1181+A1182","=$C$3+($G$1/($E$1*86.4))*SINH($E$1*B1182*86.4/$G$1)","=C1182-$C$3-B1182","=$E$1*B1182*86.4","=$G$1*G1182","=TANH($E$1*B1182*86.4/$G$1)","=COSH($E$1*B1182*86.4/$G$1)","=(($G$1^2*1000)/($E$1*$I$1))*(H1182-1)","=$J$3*EXP(-$E$1*B1182*86.4/$G$1)","=J1181-J1182"
1,"=B1182+A1183","=$C$3+($G$1/($E$1*86.4))*SINH($E$1*B1183*86.4/$G$1)","=C1183-$C$3-B1183","=$E$1*B1183*86.4","=$G$1*G1183","=TANH($E$1*B1183*86.4/$G$1)","=COSH($E$1*B1183*86.4/$G$1)","=(($G$1^2*1000)/($E$1*$I$1))*(H1183-1)","=$J$3*EXP(-$E$1*B1183*86.4/$G$1)","=J1182-J1183"
1,"=B1183+A1184","=$C$3+($G$1/($E$1*86.4))*SINH($E$1*B1184*86.4/$G$1)","=C1184-$C$3-B1184","=$E$1*B1184*86.4","=$G$1*G1184","=TANH($E$1*B1184*86.4/$G$1)","=COSH($E$1*B1184*86.4/$G$1)","=(($G$1^2*1000)/($E$1*$I$1))*(H1184-1)","=$J$3*EXP(-$E$1*B1184*86.4/$G$1)","=J1183-J1184"
1,"=B1184+A1185","=$C$3+($G$1/($E$1*86.4))*SINH($E$1*B1185*86.4/$G$1)","=C1185-$C$3-B1185","=$E$1*B1185*86.4","=$G$1*G1185","=TANH($E$1*B1185*86.4/$G$1)","=COSH($E$1*B1185*86.4/$G$1)","=(($G$1^2*1000)/($E$1*$I$1))*(H1185-1)","=$J$3*EXP(-$E$1*B1185*86.4/$G$1)","=J1184-J1185"
1,"=B1185+A1186","=$C$3+($G$1/($E$1*86.4))*SINH($E$1*B1186*86.4/$G$1)","=C1186-$C$3-B1186","=$E$1*B1186*86.4","=$G$1*G1186","=TANH($E$1*B1186*86.4/$G$1)","=COSH($E$1*B1186*86.4/$G$1)","=(($G$1^2*1000)/($E$1*$I$1))*(H1186-1)","=$J$3*EXP(-$E$1*B1186*86.4/$G$1)","=J1185-J1186"
1,"=B1186+A1187","=$C$3+($G$1/($E$1*86.4))*SINH($E$1*B1187*86.4/$G$1)","=C1187-$C$3-B1187","=$E$1*B1187*86.4","=$G$1*G1187","=TANH($E$1*B1187*86.4/$G$1)","=COSH($E$1*B1187*86.4/$G$1)","=(($G$1^2*1000)/($E$1*$I$1))*(H1187-1)","=$J$3*EXP(-$E$1*B1187*86.4/$G$1)","=J1186-J1187"
1,"=B1187+A1188","=$C$3+($G$1/($E$1*86.4))*SINH($E$1*B1188*86.4/$G$1)","=C1188-$C$3-B1188","=$E$1*B1188*86.4","=$G$1*G1188","=TANH($E$1*B1188*86.4/$G$1)","=COSH($E$1*B1188*86.4/$G$1)","=(($G$1^2*1000)/($E$1*$I$1))*(H1188-1)","=$J$3*EXP(-$E$1*B1188*86.4/$G$1)","=J1187-J1188"
1,"=B1188+A1189","=$C$3+($G$1/($E$1*86.4))*SINH($E$1*B1189*86.4/$G$1)","=C1189-$C$3-B1189","=$E$1*B1189*86.4","=$G$1*G1189","=TANH($E$1*B1189*86.4/$G$1)","=COSH($E$1*B1189*86.4/$G$1)","=(($G$1^2*1000)/($E$1*$I$1))*(H1189-1)","=$J$3*EXP(-$E$1*B1189*86.4/$G$1)","=J1188-J1189"
1,"=B1189+A1190","=$C$3+($G$1/($E$1*86.4))*SINH($E$1*B1190*86.4/$G$1)","=C1190-$C$3-B1190","=$E$1*B1190*86.4","=$G$1*G1190","=TANH($E$1*B1190*86.4/$G$1)","=COSH($E$1*B1190*86.4/$G$1)","=(($G$1^2*1000)/($E$1*$I$1))*(H1190-1)","=$J$3*EXP(-$E$1*B1190*86.4/$G$1)","=J1189-J1190"
1,"=B1190+A1191","=$C$3+($G$1/($E$1*86.4))*SINH($E$1*B1191*86.4/$G$1)","=C1191-$C$3-B1191","=$E$1*B1191*86.4","=$G$1*G1191","=TANH($E$1*B1191*86.4/$G$1)","=COSH($E$1*B1191*86.4/$G$1)","=(($G$1^2*1000)/($E$1*$I$1))*(H1191-1)","=$J$3*EXP(-$E$1*B1191*86.4/$G$1)","=J1190-J1191"
1,"=B1191+A1192","=$C$3+($G$1/($E$1*86.4))*SINH($E$1*B1192*86.4/$G$1)","=C1192-$C$3-B1192","=$E$1*B1192*86.4","=$G$1*G1192","=TANH($E$1*B1192*86.4/$G$1)","=COSH($E$1*B1192*86.4/$G$1)","=(($G$1^2*1000)/($E$1*$I$1))*(H1192-1)","=$J$3*EXP(-$E$1*B1192*86.4/$G$1)","=J1191-J1192"
1,"=B1192+A1193","=$C$3+($G$1/($E$1*86.4))*SINH($E$1*B1193*86.4/$G$1)","=C1193-$C$3-B1193","=$E$1*B1193*86.4","=$G$1*G1193","=TANH($E$1*B1193*86.4/$G$1)","=COSH($E$1*B1193*86.4/$G$1)","=(($G$1^2*1000)/($E$1*$I$1))*(H1193-1)","=$J$3*EXP(-$E$1*B1193*86.4/$G$1)","=J1192-J1193"
1,"=B1193+A1194","=$C$3+($G$1/($E$1*86.4))*SINH($E$1*B1194*86.4/$G$1)","=C1194-$C$3-B1194","=$E$1*B1194*86.4","=$G$1*G1194","=TANH($E$1*B1194*86.4/$G$1)","=COSH($E$1*B1194*86.4/$G$1)","=(($G$1^2*1000)/($E$1*$I$1))*(H1194-1)","=$J$3*EXP(-$E$1*B1194*86.4/$G$1)","=J1193-J1194"
1,"=B1194+A1195","=$C$3+($G$1/($E$1*86.4))*SINH($E$1*B1195*86.4/$G$1)","=C1195-$C$3-B1195","=$E$1*B1195*86.4","=$G$1*G1195","=TANH($E$1*B1195*86.4/$G$1)","=COSH($E$1*B1195*86.4/$G$1)","=(($G$1^2*1000)/($E$1*$I$1))*(H1195-1)","=$J$3*EXP(-$E$1*B1195*86.4/$G$1)","=J1194-J1195"
1,"=B1195+A1196","=$C$3+($G$1/($E$1*86.4))*SINH($E$1*B1196*86.4/$G$1)","=C1196-$C$3-B1196","=$E$1*B1196*86.4","=$G$1*G1196","=TANH($E$1*B1196*86.4/$G$1)","=COSH($E$1*B1196*86.4/$G$1)","=(($G$1^2*1000)/($E$1*$I$1))*(H1196-1)","=$J$3*EXP(-$E$1*B1196*86.4/$G$1)","=J1195-J1196"
1,"=B1196+A1197","=$C$3+($G$1/($E$1*86.4))*SINH($E$1*B1197*86.4/$G$1)","=C1197-$C$3-B1197","=$E$1*B1197*86.4","=$G$1*G1197","=TANH($E$1*B1197*86.4/$G$1)","=COSH($E$1*B1197*86.4/$G$1)","=(($G$1^2*1000)/($E$1*$I$1))*(H1197-1)","=$J$3*EXP(-$E$1*B1197*86.4/$G$1)","=J1196-J1197"
1,"=B1197+A1198","=$C$3+($G$1/($E$1*86.4))*SINH($E$1*B1198*86.4/$G$1)","=C1198-$C$3-B1198","=$E$1*B1198*86.4","=$G$1*G1198","=TANH($E$1*B1198*86.4/$G$1)","=COSH($E$1*B1198*86.4/$G$1)","=(($G$1^2*1000)/($E$1*$I$1))*(H1198-1)","=$J$3*EXP(-$E$1*B1198*86.4/$G$1)","=J1197-J1198"
1,"=B1198+A1199","=$C$3+($G$1/($E$1*86.4))*SINH($E$1*B1199*86.4/$G$1)","=C1199-$C$3-B1199","=$E$1*B1199*86.4","=$G$1*G1199","=TANH($E$1*B1199*86.4/$G$1)","=COSH($E$1*B1199*86.4/$G$1)","=(($G$1^2*1000)/($E$1*$I$1))*(H1199-1)","=$J$3*EXP(-$E$1*B1199*86.4/$G$1)","=J1198-J1199"
1,"=B1199+A1200","=$C$3+($G$1/($E$1*86.4))*SINH($E$1*B1200*86.4/$G$1)","=C1200-$C$3-B1200","=$E$1*B1200*86.4","=$G$1*G1200","=TANH($E$1*B1200*86.4/$G$1)","=COSH($E$1*B1200*86.4/$G$1)","=(($G$1^2*1000)/($E$1*$I$1))*(H1200-1)","=$J$3*EXP(-$E$1*B1200*86.4/$G$1)","=J1199-J1200"
1,"=B1200+A1201","=$C$3+($G$1/($E$1*86.4))*SINH($E$1*B1201*86.4/$G$1)","=C1201-$C$3-B1201","=$E$1*B1201*86.4","=$G$1*G1201","=TANH($E$1*B1201*86.4/$G$1)","=COSH($E$1*B1201*86.4/$G$1)","=(($G$1^2*1000)/($E$1*$I$1))*(H1201-1)","=$J$3*EXP(-$E$1*B1201*86.4/$G$1)","=J1200-J1201"
1,"=B1201+A1202","=$C$3+($G$1/($E$1*86.4))*SINH($E$1*B1202*86.4/$G$1)","=C1202-$C$3-B1202","=$E$1*B1202*86.4","=$G$1*G1202","=TANH($E$1*B1202*86.4/$G$1)","=COSH($E$1*B1202*86.4/$G$1)","=(($G$1^2*1000)/($E$1*$I$1))*(H1202-1)","=$J$3*EXP(-$E$1*B1202*86.4/$G$1)","=J1201-J1202"
1,"=B1202+A1203","=$C$3+($G$1/($E$1*86.4))*SINH($E$1*B1203*86.4/$G$1)","=C1203-$C$3-B1203","=$E$1*B1203*86.4","=$G$1*G1203","=TANH($E$1*B1203*86.4/$G$1)","=COSH($E$1*B1203*86.4/$G$1)","=(($G$1^2*1000)/($E$1*$I$1))*(H1203-1)","=$J$3*EXP(-$E$1*B1203*86.4/$G$1)","=J1202-J1203"
1,"=B1203+A1204","=$C$3+($G$1/($E$1*86.4))*SINH($E$1*B1204*86.4/$G$1)","=C1204-$C$3-B1204","=$E$1*B1204*86.4","=$G$1*G1204","=TANH($E$1*B1204*86.4/$G$1)","=COSH($E$1*B1204*86.4/$G$1)","=(($G$1^2*1000)/($E$1*$I$1))*(H1204-1)","=$J$3*EXP(-$E$1*B1204*86.4/$G$1)","=J1203-J1204"
1,"=B1204+A1205","=$C$3+($G$1/($E$1*86.4))*SINH($E$1*B1205*86.4/$G$1)","=C1205-$C$3-B1205","=$E$1*B1205*86.4","=$G$1*G1205","=TANH($E$1*B1205*86.4/$G$1)","=COSH($E$1*B1205*86.4/$G$1)","=(($G$1^2*1000)/($E$1*$I$1))*(H1205-1)","=$J$3*EXP(-$E$1*B1205*86.4/$G$1)","=J1204-J1205"
1,"=B1205+A1206","=$C$3+($G$1/($E$1*86.4))*SINH($E$1*B1206*86.4/$G$1)","=C1206-$C$3-B1206","=$E$1*B1206*86.4","=$G$1*G1206","=TANH($E$1*B1206*86.4/$G$1)","=COSH($E$1*B1206*86.4/$G$1)","=(($G$1^2*1000)/($E$1*$I$1))*(H1206-1)","=$J$3*EXP(-$E$1*B1206*86.4/$G$1)","=J1205-J1206"
1,"=B1206+A1207","=$C$3+($G$1/($E$1*86.4))*SINH($E$1*B1207*86.4/$G$1)","=C1207-$C$3-B1207","=$E$1*B1207*86.4","=$G$1*G1207","=TANH($E$1*B1207*86.4/$G$1)","=COSH($E$1*B1207*86.4/$G$1)","=(($G$1^2*1000)/($E$1*$I$1))*(H1207-1)","=$J$3*EXP(-$E$1*B1207*86.4/$G$1)","=J1206-J1207"
1,"=B1207+A1208","=$C$3+($G$1/($E$1*86.4))*SINH($E$1*B1208*86.4/$G$1)","=C1208-$C$3-B1208","=$E$1*B1208*86.4","=$G$1*G1208","=TANH($E$1*B1208*86.4/$G$1)","=COSH($E$1*B1208*86.4/$G$1)","=(($G$1^2*1000)/($E$1*$I$1))*(H1208-1)","=$J$3*EXP(-$E$1*B1208*86.4/$G$1)","=J1207-J1208"
1,"=B1208+A1209","=$C$3+($G$1/($E$1*86.4))*SINH($E$1*B1209*86.4/$G$1)","=C1209-$C$3-B1209","=$E$1*B1209*86.4","=$G$1*G1209","=TANH($E$1*B1209*86.4/$G$1)","=COSH($E$1*B1209*86.4/$G$1)","=(($G$1^2*1000)/($E$1*$I$1))*(H1209-1)","=$J$3*EXP(-$E$1*B1209*86.4/$G$1)","=J1208-J1209"
1,"=B1209+A1210","=$C$3+($G$1/($E$1*86.4))*SINH($E$1*B1210*86.4/$G$1)","=C1210-$C$3-B1210","=$E$1*B1210*86.4","=$G$1*G1210","=TANH($E$1*B1210*86.4/$G$1)","=COSH($E$1*B1210*86.4/$G$1)","=(($G$1^2*1000)/($E$1*$I$1))*(H1210-1)","=$J$3*EXP(-$E$1*B1210*86.4/$G$1)","=J1209-J1210"
1,"=B1210+A1211","=$C$3+($G$1/($E$1*86.4))*SINH($E$1*B1211*86.4/$G$1)","=C1211-$C$3-B1211","=$E$1*B1211*86.4","=$G$1*G1211","=TANH($E$1*B1211*86.4/$G$1)","=COSH($E$1*B1211*86.4/$G$1)","=(($G$1^2*1000)/($E$1*$I$1))*(H1211-1)","=$J$3*EXP(-$E$1*B1211*86.4/$G$1)","=J1210-J1211"
1,"=B1211+A1212","=$C$3+($G$1/($E$1*86.4))*SINH($E$1*B1212*86.4/$G$1)","=C1212-$C$3-B1212","=$E$1*B1212*86.4","=$G$1*G1212","=TANH($E$1*B1212*86.4/$G$1)","=COSH($E$1*B1212*86.4/$G$1)","=(($G$1^2*1000)/($E$1*$I$1))*(H1212-1)","=$J$3*EXP(-$E$1*B1212*86.4/$G$1)","=J1211-J1212"
1,"=B1212+A1213","=$C$3+($G$1/($E$1*86.4))*SINH($E$1*B1213*86.4/$G$1)","=C1213-$C$3-B1213","=$E$1*B1213*86.4","=$G$1*G1213","=TANH($E$1*B1213*86.4/$G$1)","=COSH($E$1*B1213*86.4/$G$1)","=(($G$1^2*1000)/($E$1*$I$1))*(H1213-1)","=$J$3*EXP(-$E$1*B1213*86.4/$G$1)","=J1212-J1213"
1,"=B1213+A1214","=$C$3+($G$1/($E$1*86.4))*SINH($E$1*B1214*86.4/$G$1)","=C1214-$C$3-B1214","=$E$1*B1214*86.4","=$G$1*G1214","=TANH($E$1*B1214*86.4/$G$1)","=COSH($E$1*B1214*86.4/$G$1)","=(($G$1^2*1000)/($E$1*$I$1))*(H1214-1)","=$J$3*EXP(-$E$1*B1214*86.4/$G$1)","=J1213-J1214"
1,"=B1214+A1215","=$C$3+($G$1/($E$1*86.4))*SINH($E$1*B1215*86.4/$G$1)","=C1215-$C$3-B1215","=$E$1*B1215*86.4","=$G$1*G1215","=TANH($E$1*B1215*86.4/$G$1)","=COSH($E$1*B1215*86.4/$G$1)","=(($G$1^2*1000)/($E$1*$I$1))*(H1215-1)","=$J$3*EXP(-$E$1*B1215*86.4/$G$1)","=J1214-J1215"
1,"=B1215+A1216","=$C$3+($G$1/($E$1*86.4))*SINH($E$1*B1216*86.4/$G$1)","=C1216-$C$3-B1216","=$E$1*B1216*86.4","=$G$1*G1216","=TANH($E$1*B1216*86.4/$G$1)","=COSH($E$1*B1216*86.4/$G$1)","=(($G$1^2*1000)/($E$1*$I$1))*(H1216-1)","=$J$3*EXP(-$E$1*B1216*86.4/$G$1)","=J1215-J1216"
1,"=B1216+A1217","=$C$3+($G$1/($E$1*86.4))*SINH($E$1*B1217*86.4/$G$1)","=C1217-$C$3-B1217","=$E$1*B1217*86.4","=$G$1*G1217","=TANH($E$1*B1217*86.4/$G$1)","=COSH($E$1*B1217*86.4/$G$1)","=(($G$1^2*1000)/($E$1*$I$1))*(H1217-1)","=$J$3*EXP(-$E$1*B1217*86.4/$G$1)","=J1216-J1217"
1,"=B1217+A1218","=$C$3+($G$1/($E$1*86.4))*SINH($E$1*B1218*86.4/$G$1)","=C1218-$C$3-B1218","=$E$1*B1218*86.4","=$G$1*G1218","=TANH($E$1*B1218*86.4/$G$1)","=COSH($E$1*B1218*86.4/$G$1)","=(($G$1^2*1000)/($E$1*$I$1))*(H1218-1)","=$J$3*EXP(-$E$1*B1218*86.4/$G$1)","=J1217-J1218"
1,"=B1218+A1219","=$C$3+($G$1/($E$1*86.4))*SINH($E$1*B1219*86.4/$G$1)","=C1219-$C$3-B1219","=$E$1*B1219*86.4","=$G$1*G1219","=TANH($E$1*B1219*86.4/$G$1)","=COSH($E$1*B1219*86.4/$G$1)","=(($G$1^2*1000)/($E$1*$I$1))*(H1219-1)","=$J$3*EXP(-$E$1*B1219*86.4/$G$1)","=J1218-J1219"
1,"=B1219+A1220","=$C$3+($G$1/($E$1*86.4))*SINH($E$1*B1220*86.4/$G$1)","=C1220-$C$3-B1220","=$E$1*B1220*86.4","=$G$1*G1220","=TANH($E$1*B1220*86.4/$G$1)","=COSH($E$1*B1220*86.4/$G$1)","=(($G$1^2*1000)/($E$1*$I$1))*(H1220-1)","=$J$3*EXP(-$E$1*B1220*86.4/$G$1)","=J1219-J1220"
1,"=B1220+A1221","=$C$3+($G$1/($E$1*86.4))*SINH($E$1*B1221*86.4/$G$1)","=C1221-$C$3-B1221","=$E$1*B1221*86.4","=$G$1*G1221","=TANH($E$1*B1221*86.4/$G$1)","=COSH($E$1*B1221*86.4/$G$1)","=(($G$1^2*1000)/($E$1*$I$1))*(H1221-1)","=$J$3*EXP(-$E$1*B1221*86.4/$G$1)","=J1220-J1221"
1,"=B1221+A1222","=$C$3+($G$1/($E$1*86.4))*SINH($E$1*B1222*86.4/$G$1)","=C1222-$C$3-B1222","=$E$1*B1222*86.4","=$G$1*G1222","=TANH($E$1*B1222*86.4/$G$1)","=COSH($E$1*B1222*86.4/$G$1)","=(($G$1^2*1000)/($E$1*$I$1))*(H1222-1)","=$J$3*EXP(-$E$1*B1222*86.4/$G$1)","=J1221-J1222"
1,"=B1222+A1223","=$C$3+($G$1/($E$1*86.4))*SINH($E$1*B1223*86.4/$G$1)","=C1223-$C$3-B1223","=$E$1*B1223*86.4","=$G$1*G1223","=TANH($E$1*B1223*86.4/$G$1)","=COSH($E$1*B1223*86.4/$G$1)","=(($G$1^2*1000)/($E$1*$I$1))*(H1223-1)","=$J$3*EXP(-$E$1*B1223*86.4/$G$1)","=J1222-J1223"
1,"=B1223+A1224","=$C$3+($G$1/($E$1*86.4))*SINH($E$1*B1224*86.4/$G$1)","=C1224-$C$3-B1224","=$E$1*B1224*86.4","=$G$1*G1224","=TANH($E$1*B1224*86.4/$G$1)","=COSH($E$1*B1224*86.4/$G$1)","=(($G$1^2*1000)/($E$1*$I$1))*(H1224-1)","=$J$3*EXP(-$E$1*B1224*86.4/$G$1)","=J1223-J1224"
1,"=B1224+A1225","=$C$3+($G$1/($E$1*86.4))*SINH($E$1*B1225*86.4/$G$1)","=C1225-$C$3-B1225","=$E$1*B1225*86.4","=$G$1*G1225","=TANH($E$1*B1225*86.4/$G$1)","=COSH($E$1*B1225*86.4/$G$1)","=(($G$1^2*1000)/($E$1*$I$1))*(H1225-1)","=$J$3*EXP(-$E$1*B1225*86.4/$G$1)","=J1224-J1225"
1,"=B1225+A1226","=$C$3+($G$1/($E$1*86.4))*SINH($E$1*B1226*86.4/$G$1)","=C1226-$C$3-B1226","=$E$1*B1226*86.4","=$G$1*G1226","=TANH($E$1*B1226*86.4/$G$1)","=COSH($E$1*B1226*86.4/$G$1)","=(($G$1^2*1000)/($E$1*$I$1))*(H1226-1)","=$J$3*EXP(-$E$1*B1226*86.4/$G$1)","=J1225-J1226"
1,"=B1226+A1227","=$C$3+($G$1/($E$1*86.4))*SINH($E$1*B1227*86.4/$G$1)","=C1227-$C$3-B1227","=$E$1*B1227*86.4","=$G$1*G1227","=TANH($E$1*B1227*86.4/$G$1)","=COSH($E$1*B1227*86.4/$G$1)","=(($G$1^2*1000)/($E$1*$I$1))*(H1227-1)","=$J$3*EXP(-$E$1*B1227*86.4/$G$1)","=J1226-J1227"
1,"=B1227+A1228","=$C$3+($G$1/($E$1*86.4))*SINH($E$1*B1228*86.4/$G$1)","=C1228-$C$3-B1228","=$E$1*B1228*86.4","=$G$1*G1228","=TANH($E$1*B1228*86.4/$G$1)","=COSH($E$1*B1228*86.4/$G$1)","=(($G$1^2*1000)/($E$1*$I$1))*(H1228-1)","=$J$3*EXP(-$E$1*B1228*86.4/$G$1)","=J1227-J1228"
1,"=B1228+A1229","=$C$3+($G$1/($E$1*86.4))*SINH($E$1*B1229*86.4/$G$1)","=C1229-$C$3-B1229","=$E$1*B1229*86.4","=$G$1*G1229","=TANH($E$1*B1229*86.4/$G$1)","=COSH($E$1*B1229*86.4/$G$1)","=(($G$1^2*1000)/($E$1*$I$1))*(H1229-1)","=$J$3*EXP(-$E$1*B1229*86.4/$G$1)","=J1228-J1229"
1,"=B1229+A1230","=$C$3+($G$1/($E$1*86.4))*SINH($E$1*B1230*86.4/$G$1)","=C1230-$C$3-B1230","=$E$1*B1230*86.4","=$G$1*G1230","=TANH($E$1*B1230*86.4/$G$1)","=COSH($E$1*B1230*86.4/$G$1)","=(($G$1^2*1000)/($E$1*$I$1))*(H1230-1)","=$J$3*EXP(-$E$1*B1230*86.4/$G$1)","=J1229-J1230"
1,"=B1230+A1231","=$C$3+($G$1/($E$1*86.4))*SINH($E$1*B1231*86.4/$G$1)","=C1231-$C$3-B1231","=$E$1*B1231*86.4","=$G$1*G1231","=TANH($E$1*B1231*86.4/$G$1)","=COSH($E$1*B1231*86.4/$G$1)","=(($G$1^2*1000)/($E$1*$I$1))*(H1231-1)","=$J$3*EXP(-$E$1*B1231*86.4/$G$1)","=J1230-J1231"
1,"=B1231+A1232","=$C$3+($G$1/($E$1*86.4))*SINH($E$1*B1232*86.4/$G$1)","=C1232-$C$3-B1232","=$E$1*B1232*86.4","=$G$1*G1232","=TANH($E$1*B1232*86.4/$G$1)","=COSH($E$1*B1232*86.4/$G$1)","=(($G$1^2*1000)/($E$1*$I$1))*(H1232-1)","=$J$3*EXP(-$E$1*B1232*86.4/$G$1)","=J1231-J1232"
1,"=B1232+A1233","=$C$3+($G$1/($E$1*86.4))*SINH($E$1*B1233*86.4/$G$1)","=C1233-$C$3-B1233","=$E$1*B1233*86.4","=$G$1*G1233","=TANH($E$1*B1233*86.4/$G$1)","=COSH($E$1*B1233*86.4/$G$1)","=(($G$1^2*1000)/($E$1*$I$1))*(H1233-1)","=$J$3*EXP(-$E$1*B1233*86.4/$G$1)","=J1232-J1233"
1,"=B1233+A1234","=$C$3+($G$1/($E$1*86.4))*SINH($E$1*B1234*86.4/$G$1)","=C1234-$C$3-B1234","=$E$1*B1234*86.4","=$G$1*G1234","=TANH($E$1*B1234*86.4/$G$1)","=COSH($E$1*B1234*86.4/$G$1)","=(($G$1^2*1000)/($E$1*$I$1))*(H1234-1)","=$J$3*EXP(-$E$1*B1234*86.4/$G$1)","=J1233-J1234"
1,"=B1234+A1235","=$C$3+($G$1/($E$1*86.4))*SINH($E$1*B1235*86.4/$G$1)","=C1235-$C$3-B1235","=$E$1*B1235*86.4","=$G$1*G1235","=TANH($E$1*B1235*86.4/$G$1)","=COSH($E$1*B1235*86.4/$G$1)","=(($G$1^2*1000)/($E$1*$I$1))*(H1235-1)","=$J$3*EXP(-$E$1*B1235*86.4/$G$1)","=J1234-J1235"
1,"=B1235+A1236","=$C$3+($G$1/($E$1*86.4))*SINH($E$1*B1236*86.4/$G$1)","=C1236-$C$3-B1236","=$E$1*B1236*86.4","=$G$1*G1236","=TANH($E$1*B1236*86.4/$G$1)","=COSH($E$1*B1236*86.4/$G$1)","=(($G$1^2*1000)/($E$1*$I$1))*(H1236-1)","=$J$3*EXP(-$E$1*B1236*86.4/$G$1)","=J1235-J1236"
1,"=B1236+A1237","=$C$3+($G$1/($E$1*86.4))*SINH($E$1*B1237*86.4/$G$1)","=C1237-$C$3-B1237","=$E$1*B1237*86.4","=$G$1*G1237","=TANH($E$1*B1237*86.4/$G$1)","=COSH($E$1*B1237*86.4/$G$1)","=(($G$1^2*1000)/($E$1*$I$1))*(H1237-1)","=$J$3*EXP(-$E$1*B1237*86.4/$G$1)","=J1236-J1237"
1,"=B1237+A1238","=$C$3+($G$1/($E$1*86.4))*SINH($E$1*B1238*86.4/$G$1)","=C1238-$C$3-B1238","=$E$1*B1238*86.4","=$G$1*G1238","=TANH($E$1*B1238*86.4/$G$1)","=COSH($E$1*B1238*86.4/$G$1)","=(($G$1^2*1000)/($E$1*$I$1))*(H1238-1)","=$J$3*EXP(-$E$1*B1238*86.4/$G$1)","=J1237-J1238"
1,"=B1238+A1239","=$C$3+($G$1/($E$1*86.4))*SINH($E$1*B1239*86.4/$G$1)","=C1239-$C$3-B1239","=$E$1*B1239*86.4","=$G$1*G1239","=TANH($E$1*B1239*86.4/$G$1)","=COSH($E$1*B1239*86.4/$G$1)","=(($G$1^2*1000)/($E$1*$I$1))*(H1239-1)","=$J$3*EXP(-$E$1*B1239*86.4/$G$1)","=J1238-J1239"
1,"=B1239+A1240","=$C$3+($G$1/($E$1*86.4))*SINH($E$1*B1240*86.4/$G$1)","=C1240-$C$3-B1240","=$E$1*B1240*86.4","=$G$1*G1240","=TANH($E$1*B1240*86.4/$G$1)","=COSH($E$1*B1240*86.4/$G$1)","=(($G$1^2*1000)/($E$1*$I$1))*(H1240-1)","=$J$3*EXP(-$E$1*B1240*86.4/$G$1)","=J1239-J1240"
1,"=B1240+A1241","=$C$3+($G$1/($E$1*86.4))*SINH($E$1*B1241*86.4/$G$1)","=C1241-$C$3-B1241","=$E$1*B1241*86.4","=$G$1*G1241","=TANH($E$1*B1241*86.4/$G$1)","=COSH($E$1*B1241*86.4/$G$1)","=(($G$1^2*1000)/($E$1*$I$1))*(H1241-1)","=$J$3*EXP(-$E$1*B1241*86.4/$G$1)","=J1240-J1241"
1,"=B1241+A1242","=$C$3+($G$1/($E$1*86.4))*SINH($E$1*B1242*86.4/$G$1)","=C1242-$C$3-B1242","=$E$1*B1242*86.4","=$G$1*G1242","=TANH($E$1*B1242*86.4/$G$1)","=COSH($E$1*B1242*86.4/$G$1)","=(($G$1^2*1000)/($E$1*$I$1))*(H1242-1)","=$J$3*EXP(-$E$1*B1242*86.4/$G$1)","=J1241-J1242"
1,"=B1242+A1243","=$C$3+($G$1/($E$1*86.4))*SINH($E$1*B1243*86.4/$G$1)","=C1243-$C$3-B1243","=$E$1*B1243*86.4","=$G$1*G1243","=TANH($E$1*B1243*86.4/$G$1)","=COSH($E$1*B1243*86.4/$G$1)","=(($G$1^2*1000)/($E$1*$I$1))*(H1243-1)","=$J$3*EXP(-$E$1*B1243*86.4/$G$1)","=J1242-J1243"
1,"=B1243+A1244","=$C$3+($G$1/($E$1*86.4))*SINH($E$1*B1244*86.4/$G$1)","=C1244-$C$3-B1244","=$E$1*B1244*86.4","=$G$1*G1244","=TANH($E$1*B1244*86.4/$G$1)","=COSH($E$1*B1244*86.4/$G$1)","=(($G$1^2*1000)/($E$1*$I$1))*(H1244-1)","=$J$3*EXP(-$E$1*B1244*86.4/$G$1)","=J1243-J1244"
1,"=B1244+A1245","=$C$3+($G$1/($E$1*86.4))*SINH($E$1*B1245*86.4/$G$1)","=C1245-$C$3-B1245","=$E$1*B1245*86.4","=$G$1*G1245","=TANH($E$1*B1245*86.4/$G$1)","=COSH($E$1*B1245*86.4/$G$1)","=(($G$1^2*1000)/($E$1*$I$1))*(H1245-1)","=$J$3*EXP(-$E$1*B1245*86.4/$G$1)","=J1244-J1245"
1,"=B1245+A1246","=$C$3+($G$1/($E$1*86.4))*SINH($E$1*B1246*86.4/$G$1)","=C1246-$C$3-B1246","=$E$1*B1246*86.4","=$G$1*G1246","=TANH($E$1*B1246*86.4/$G$1)","=COSH($E$1*B1246*86.4/$G$1)","=(($G$1^2*1000)/($E$1*$I$1))*(H1246-1)","=$J$3*EXP(-$E$1*B1246*86.4/$G$1)","=J1245-J1246"
1,"=B1246+A1247","=$C$3+($G$1/($E$1*86.4))*SINH($E$1*B1247*86.4/$G$1)","=C1247-$C$3-B1247","=$E$1*B1247*86.4","=$G$1*G1247","=TANH($E$1*B1247*86.4/$G$1)","=COSH($E$1*B1247*86.4/$G$1)","=(($G$1^2*1000)/($E$1*$I$1))*(H1247-1)","=$J$3*EXP(-$E$1*B1247*86.4/$G$1)","=J1246-J1247"
1,"=B1247+A1248","=$C$3+($G$1/($E$1*86.4))*SINH($E$1*B1248*86.4/$G$1)","=C1248-$C$3-B1248","=$E$1*B1248*86.4","=$G$1*G1248","=TANH($E$1*B1248*86.4/$G$1)","=COSH($E$1*B1248*86.4/$G$1)","=(($G$1^2*1000)/($E$1*$I$1))*(H1248-1)","=$J$3*EXP(-$E$1*B1248*86.4/$G$1)","=J1247-J1248"
1,"=B1248+A1249","=$C$3+($G$1/($E$1*86.4))*SINH($E$1*B1249*86.4/$G$1)","=C1249-$C$3-B1249","=$E$1*B1249*86.4","=$G$1*G1249","=TANH($E$1*B1249*86.4/$G$1)","=COSH($E$1*B1249*86.4/$G$1)","=(($G$1^2*1000)/($E$1*$I$1))*(H1249-1)","=$J$3*EXP(-$E$1*B1249*86.4/$G$1)","=J1248-J1249"
1,"=B1249+A1250","=$C$3+($G$1/($E$1*86.4))*SINH($E$1*B1250*86.4/$G$1)","=C1250-$C$3-B1250","=$E$1*B1250*86.4","=$G$1*G1250","=TANH($E$1*B1250*86.4/$G$1)","=COSH($E$1*B1250*86.4/$G$1)","=(($G$1^2*1000)/($E$1*$I$1))*(H1250-1)","=$J$3*EXP(-$E$1*B1250*86.4/$G$1)","=J1249-J1250"
1,"=B1250+A1251","=$C$3+($G$1/($E$1*86.4))*SINH($E$1*B1251*86.4/$G$1)","=C1251-$C$3-B1251","=$E$1*B1251*86.4","=$G$1*G1251","=TANH($E$1*B1251*86.4/$G$1)","=COSH($E$1*B1251*86.4/$G$1)","=(($G$1^2*1000)/($E$1*$I$1))*(H1251-1)","=$J$3*EXP(-$E$1*B1251*86.4/$G$1)","=J1250-J1251"
1,"=B1251+A1252","=$C$3+($G$1/($E$1*86.4))*SINH($E$1*B1252*86.4/$G$1)","=C1252-$C$3-B1252","=$E$1*B1252*86.4","=$G$1*G1252","=TANH($E$1*B1252*86.4/$G$1)","=COSH($E$1*B1252*86.4/$G$1)","=(($G$1^2*1000)/($E$1*$I$1))*(H1252-1)","=$J$3*EXP(-$E$1*B1252*86.4/$G$1)","=J1251-J1252"
1,"=B1252+A1253","=$C$3+($G$1/($E$1*86.4))*SINH($E$1*B1253*86.4/$G$1)","=C1253-$C$3-B1253","=$E$1*B1253*86.4","=$G$1*G1253","=TANH($E$1*B1253*86.4/$G$1)","=COSH($E$1*B1253*86.4/$G$1)","=(($G$1^2*1000)/($E$1*$I$1))*(H1253-1)","=$J$3*EXP(-$E$1*B1253*86.4/$G$1)","=J1252-J1253"
1,"=B1253+A1254","=$C$3+($G$1/($E$1*86.4))*SINH($E$1*B1254*86.4/$G$1)","=C1254-$C$3-B1254","=$E$1*B1254*86.4","=$G$1*G1254","=TANH($E$1*B1254*86.4/$G$1)","=COSH($E$1*B1254*86.4/$G$1)","=(($G$1^2*1000)/($E$1*$I$1))*(H1254-1)","=$J$3*EXP(-$E$1*B1254*86.4/$G$1)","=J1253-J1254"
1,"=B1254+A1255","=$C$3+($G$1/($E$1*86.4))*SINH($E$1*B1255*86.4/$G$1)","=C1255-$C$3-B1255","=$E$1*B1255*86.4","=$G$1*G1255","=TANH($E$1*B1255*86.4/$G$1)","=COSH($E$1*B1255*86.4/$G$1)","=(($G$1^2*1000)/($E$1*$I$1))*(H1255-1)","=$J$3*EXP(-$E$1*B1255*86.4/$G$1)","=J1254-J1255"
1,"=B1255+A1256","=$C$3+($G$1/($E$1*86.4))*SINH($E$1*B1256*86.4/$G$1)","=C1256-$C$3-B1256","=$E$1*B1256*86.4","=$G$1*G1256","=TANH($E$1*B1256*86.4/$G$1)","=COSH($E$1*B1256*86.4/$G$1)","=(($G$1^2*1000)/($E$1*$I$1))*(H1256-1)","=$J$3*EXP(-$E$1*B1256*86.4/$G$1)","=J1255-J1256"
1,"=B1256+A1257","=$C$3+($G$1/($E$1*86.4))*SINH($E$1*B1257*86.4/$G$1)","=C1257-$C$3-B1257","=$E$1*B1257*86.4","=$G$1*G1257","=TANH($E$1*B1257*86.4/$G$1)","=COSH($E$1*B1257*86.4/$G$1)","=(($G$1^2*1000)/($E$1*$I$1))*(H1257-1)","=$J$3*EXP(-$E$1*B1257*86.4/$G$1)","=J1256-J1257"
1,"=B1257+A1258","=$C$3+($G$1/($E$1*86.4))*SINH($E$1*B1258*86.4/$G$1)","=C1258-$C$3-B1258","=$E$1*B1258*86.4","=$G$1*G1258","=TANH($E$1*B1258*86.4/$G$1)","=COSH($E$1*B1258*86.4/$G$1)","=(($G$1^2*1000)/($E$1*$I$1))*(H1258-1)","=$J$3*EXP(-$E$1*B1258*86.4/$G$1)","=J1257-J1258"
1,"=B1258+A1259","=$C$3+($G$1/($E$1*86.4))*SINH($E$1*B1259*86.4/$G$1)","=C1259-$C$3-B1259","=$E$1*B1259*86.4","=$G$1*G1259","=TANH($E$1*B1259*86.4/$G$1)","=COSH($E$1*B1259*86.4/$G$1)","=(($G$1^2*1000)/($E$1*$I$1))*(H1259-1)","=$J$3*EXP(-$E$1*B1259*86.4/$G$1)","=J1258-J1259"
1,"=B1259+A1260","=$C$3+($G$1/($E$1*86.4))*SINH($E$1*B1260*86.4/$G$1)","=C1260-$C$3-B1260","=$E$1*B1260*86.4","=$G$1*G1260","=TANH($E$1*B1260*86.4/$G$1)","=COSH($E$1*B1260*86.4/$G$1)","=(($G$1^2*1000)/($E$1*$I$1))*(H1260-1)","=$J$3*EXP(-$E$1*B1260*86.4/$G$1)","=J1259-J1260"
1,"=B1260+A1261","=$C$3+($G$1/($E$1*86.4))*SINH($E$1*B1261*86.4/$G$1)","=C1261-$C$3-B1261","=$E$1*B1261*86.4","=$G$1*G1261","=TANH($E$1*B1261*86.4/$G$1)","=COSH($E$1*B1261*86.4/$G$1)","=(($G$1^2*1000)/($E$1*$I$1))*(H1261-1)","=$J$3*EXP(-$E$1*B1261*86.4/$G$1)","=J1260-J1261"
1,"=B1261+A1262","=$C$3+($G$1/($E$1*86.4))*SINH($E$1*B1262*86.4/$G$1)","=C1262-$C$3-B1262","=$E$1*B1262*86.4","=$G$1*G1262","=TANH($E$1*B1262*86.4/$G$1)","=COSH($E$1*B1262*86.4/$G$1)","=(($G$1^2*1000)/($E$1*$I$1))*(H1262-1)","=$J$3*EXP(-$E$1*B1262*86.4/$G$1)","=J1261-J1262"
1,"=B1262+A1263","=$C$3+($G$1/($E$1*86.4))*SINH($E$1*B1263*86.4/$G$1)","=C1263-$C$3-B1263","=$E$1*B1263*86.4","=$G$1*G1263","=TANH($E$1*B1263*86.4/$G$1)","=COSH($E$1*B1263*86.4/$G$1)","=(($G$1^2*1000)/($E$1*$I$1))*(H1263-1)","=$J$3*EXP(-$E$1*B1263*86.4/$G$1)","=J1262-J1263"
1,"=B1263+A1264","=$C$3+($G$1/($E$1*86.4))*SINH($E$1*B1264*86.4/$G$1)","=C1264-$C$3-B1264","=$E$1*B1264*86.4","=$G$1*G1264","=TANH($E$1*B1264*86.4/$G$1)","=COSH($E$1*B1264*86.4/$G$1)","=(($G$1^2*1000)/($E$1*$I$1))*(H1264-1)","=$J$3*EXP(-$E$1*B1264*86.4/$G$1)","=J1263-J1264"
1,"=B1264+A1265","=$C$3+($G$1/($E$1*86.4))*SINH($E$1*B1265*86.4/$G$1)","=C1265-$C$3-B1265","=$E$1*B1265*86.4","=$G$1*G1265","=TANH($E$1*B1265*86.4/$G$1)","=COSH($E$1*B1265*86.4/$G$1)","=(($G$1^2*1000)/($E$1*$I$1))*(H1265-1)","=$J$3*EXP(-$E$1*B1265*86.4/$G$1)","=J1264-J1265"
1,"=B1265+A1266","=$C$3+($G$1/($E$1*86.4))*SINH($E$1*B1266*86.4/$G$1)","=C1266-$C$3-B1266","=$E$1*B1266*86.4","=$G$1*G1266","=TANH($E$1*B1266*86.4/$G$1)","=COSH($E$1*B1266*86.4/$G$1)","=(($G$1^2*1000)/($E$1*$I$1))*(H1266-1)","=$J$3*EXP(-$E$1*B1266*86.4/$G$1)","=J1265-J1266"
1,"=B1266+A1267","=$C$3+($G$1/($E$1*86.4))*SINH($E$1*B1267*86.4/$G$1)","=C1267-$C$3-B1267","=$E$1*B1267*86.4","=$G$1*G1267","=TANH($E$1*B1267*86.4/$G$1)","=COSH($E$1*B1267*86.4/$G$1)","=(($G$1^2*1000)/($E$1*$I$1))*(H1267-1)","=$J$3*EXP(-$E$1*B1267*86.4/$G$1)","=J1266-J1267"
1,"=B1267+A1268","=$C$3+($G$1/($E$1*86.4))*SINH($E$1*B1268*86.4/$G$1)","=C1268-$C$3-B1268","=$E$1*B1268*86.4","=$G$1*G1268","=TANH($E$1*B1268*86.4/$G$1)","=COSH($E$1*B1268*86.4/$G$1)","=(($G$1^2*1000)/($E$1*$I$1))*(H1268-1)","=$J$3*EXP(-$E$1*B1268*86.4/$G$1)","=J1267-J1268"
1,"=B1268+A1269","=$C$3+($G$1/($E$1*86.4))*SINH($E$1*B1269*86.4/$G$1)","=C1269-$C$3-B1269","=$E$1*B1269*86.4","=$G$1*G1269","=TANH($E$1*B1269*86.4/$G$1)","=COSH($E$1*B1269*86.4/$G$1)","=(($G$1^2*1000)/($E$1*$I$1))*(H1269-1)","=$J$3*EXP(-$E$1*B1269*86.4/$G$1)","=J1268-J1269"
1,"=B1269+A1270","=$C$3+($G$1/($E$1*86.4))*SINH($E$1*B1270*86.4/$G$1)","=C1270-$C$3-B1270","=$E$1*B1270*86.4","=$G$1*G1270","=TANH($E$1*B1270*86.4/$G$1)","=COSH($E$1*B1270*86.4/$G$1)","=(($G$1^2*1000)/($E$1*$I$1))*(H1270-1)","=$J$3*EXP(-$E$1*B1270*86.4/$G$1)","=J1269-J1270"
1,"=B1270+A1271","=$C$3+($G$1/($E$1*86.4))*SINH($E$1*B1271*86.4/$G$1)","=C1271-$C$3-B1271","=$E$1*B1271*86.4","=$G$1*G1271","=TANH($E$1*B1271*86.4/$G$1)","=COSH($E$1*B1271*86.4/$G$1)","=(($G$1^2*1000)/($E$1*$I$1))*(H1271-1)","=$J$3*EXP(-$E$1*B1271*86.4/$G$1)","=J1270-J1271"
1,"=B1271+A1272","=$C$3+($G$1/($E$1*86.4))*SINH($E$1*B1272*86.4/$G$1)","=C1272-$C$3-B1272","=$E$1*B1272*86.4","=$G$1*G1272","=TANH($E$1*B1272*86.4/$G$1)","=COSH($E$1*B1272*86.4/$G$1)","=(($G$1^2*1000)/($E$1*$I$1))*(H1272-1)","=$J$3*EXP(-$E$1*B1272*86.4/$G$1)","=J1271-J1272"
1,"=B1272+A1273","=$C$3+($G$1/($E$1*86.4))*SINH($E$1*B1273*86.4/$G$1)","=C1273-$C$3-B1273","=$E$1*B1273*86.4","=$G$1*G1273","=TANH($E$1*B1273*86.4/$G$1)","=COSH($E$1*B1273*86.4/$G$1)","=(($G$1^2*1000)/($E$1*$I$1))*(H1273-1)","=$J$3*EXP(-$E$1*B1273*86.4/$G$1)","=J1272-J1273"
1,"=B1273+A1274","=$C$3+($G$1/($E$1*86.4))*SINH($E$1*B1274*86.4/$G$1)","=C1274-$C$3-B1274","=$E$1*B1274*86.4","=$G$1*G1274","=TANH($E$1*B1274*86.4/$G$1)","=COSH($E$1*B1274*86.4/$G$1)","=(($G$1^2*1000)/($E$1*$I$1))*(H1274-1)","=$J$3*EXP(-$E$1*B1274*86.4/$G$1)","=J1273-J1274"
1,"=B1274+A1275","=$C$3+($G$1/($E$1*86.4))*SINH($E$1*B1275*86.4/$G$1)","=C1275-$C$3-B1275","=$E$1*B1275*86.4","=$G$1*G1275","=TANH($E$1*B1275*86.4/$G$1)","=COSH($E$1*B1275*86.4/$G$1)","=(($G$1^2*1000)/($E$1*$I$1))*(H1275-1)","=$J$3*EXP(-$E$1*B1275*86.4/$G$1)","=J1274-J1275"
1,"=B1275+A1276","=$C$3+($G$1/($E$1*86.4))*SINH($E$1*B1276*86.4/$G$1)","=C1276-$C$3-B1276","=$E$1*B1276*86.4","=$G$1*G1276","=TANH($E$1*B1276*86.4/$G$1)","=COSH($E$1*B1276*86.4/$G$1)","=(($G$1^2*1000)/($E$1*$I$1))*(H1276-1)","=$J$3*EXP(-$E$1*B1276*86.4/$G$1)","=J1275-J1276"
1,"=B1276+A1277","=$C$3+($G$1/($E$1*86.4))*SINH($E$1*B1277*86.4/$G$1)","=C1277-$C$3-B1277","=$E$1*B1277*86.4","=$G$1*G1277","=TANH($E$1*B1277*86.4/$G$1)","=COSH($E$1*B1277*86.4/$G$1)","=(($G$1^2*1000)/($E$1*$I$1))*(H1277-1)","=$J$3*EXP(-$E$1*B1277*86.4/$G$1)","=J1276-J1277"
1,"=B1277+A1278","=$C$3+($G$1/($E$1*86.4))*SINH($E$1*B1278*86.4/$G$1)","=C1278-$C$3-B1278","=$E$1*B1278*86.4","=$G$1*G1278","=TANH($E$1*B1278*86.4/$G$1)","=COSH($E$1*B1278*86.4/$G$1)","=(($G$1^2*1000)/($E$1*$I$1))*(H1278-1)","=$J$3*EXP(-$E$1*B1278*86.4/$G$1)","=J1277-J1278"
1,"=B1278+A1279","=$C$3+($G$1/($E$1*86.4))*SINH($E$1*B1279*86.4/$G$1)","=C1279-$C$3-B1279","=$E$1*B1279*86.4","=$G$1*G1279","=TANH($E$1*B1279*86.4/$G$1)","=COSH($E$1*B1279*86.4/$G$1)","=(($G$1^2*1000)/($E$1*$I$1))*(H1279-1)","=$J$3*EXP(-$E$1*B1279*86.4/$G$1)","=J1278-J1279"
1,"=B1279+A1280","=$C$3+($G$1/($E$1*86.4))*SINH($E$1*B1280*86.4/$G$1)","=C1280-$C$3-B1280","=$E$1*B1280*86.4","=$G$1*G1280","=TANH($E$1*B1280*86.4/$G$1)","=COSH($E$1*B1280*86.4/$G$1)","=(($G$1^2*1000)/($E$1*$I$1))*(H1280-1)","=$J$3*EXP(-$E$1*B1280*86.4/$G$1)","=J1279-J1280"
1,"=B1280+A1281","=$C$3+($G$1/($E$1*86.4))*SINH($E$1*B1281*86.4/$G$1)","=C1281-$C$3-B1281","=$E$1*B1281*86.4","=$G$1*G1281","=TANH($E$1*B1281*86.4/$G$1)","=COSH($E$1*B1281*86.4/$G$1)","=(($G$1^2*1000)/($E$1*$I$1))*(H1281-1)","=$J$3*EXP(-$E$1*B1281*86.4/$G$1)","=J1280-J1281"
1,"=B1281+A1282","=$C$3+($G$1/($E$1*86.4))*SINH($E$1*B1282*86.4/$G$1)","=C1282-$C$3-B1282","=$E$1*B1282*86.4","=$G$1*G1282","=TANH($E$1*B1282*86.4/$G$1)","=COSH($E$1*B1282*86.4/$G$1)","=(($G$1^2*1000)/($E$1*$I$1))*(H1282-1)","=$J$3*EXP(-$E$1*B1282*86.4/$G$1)","=J1281-J1282"
1,"=B1282+A1283","=$C$3+($G$1/($E$1*86.4))*SINH($E$1*B1283*86.4/$G$1)","=C1283-$C$3-B1283","=$E$1*B1283*86.4","=$G$1*G1283","=TANH($E$1*B1283*86.4/$G$1)","=COSH($E$1*B1283*86.4/$G$1)","=(($G$1^2*1000)/($E$1*$I$1))*(H1283-1)","=$J$3*EXP(-$E$1*B1283*86.4/$G$1)","=J1282-J1283"
1,"=B1283+A1284","=$C$3+($G$1/($E$1*86.4))*SINH($E$1*B1284*86.4/$G$1)","=C1284-$C$3-B1284","=$E$1*B1284*86.4","=$G$1*G1284","=TANH($E$1*B1284*86.4/$G$1)","=COSH($E$1*B1284*86.4/$G$1)","=(($G$1^2*1000)/($E$1*$I$1))*(H1284-1)","=$J$3*EXP(-$E$1*B1284*86.4/$G$1)","=J1283-J1284"
1,"=B1284+A1285","=$C$3+($G$1/($E$1*86.4))*SINH($E$1*B1285*86.4/$G$1)","=C1285-$C$3-B1285","=$E$1*B1285*86.4","=$G$1*G1285","=TANH($E$1*B1285*86.4/$G$1)","=COSH($E$1*B1285*86.4/$G$1)","=(($G$1^2*1000)/($E$1*$I$1))*(H1285-1)","=$J$3*EXP(-$E$1*B1285*86.4/$G$1)","=J1284-J1285"
1,"=B1285+A1286","=$C$3+($G$1/($E$1*86.4))*SINH($E$1*B1286*86.4/$G$1)","=C1286-$C$3-B1286","=$E$1*B1286*86.4","=$G$1*G1286","=TANH($E$1*B1286*86.4/$G$1)","=COSH($E$1*B1286*86.4/$G$1)","=(($G$1^2*1000)/($E$1*$I$1))*(H1286-1)","=$J$3*EXP(-$E$1*B1286*86.4/$G$1)","=J1285-J1286"
1,"=B1286+A1287","=$C$3+($G$1/($E$1*86.4))*SINH($E$1*B1287*86.4/$G$1)","=C1287-$C$3-B1287","=$E$1*B1287*86.4","=$G$1*G1287","=TANH($E$1*B1287*86.4/$G$1)","=COSH($E$1*B1287*86.4/$G$1)","=(($G$1^2*1000)/($E$1*$I$1))*(H1287-1)","=$J$3*EXP(-$E$1*B1287*86.4/$G$1)","=J1286-J1287"
1,"=B1287+A1288","=$C$3+($G$1/($E$1*86.4))*SINH($E$1*B1288*86.4/$G$1)","=C1288-$C$3-B1288","=$E$1*B1288*86.4","=$G$1*G1288","=TANH($E$1*B1288*86.4/$G$1)","=COSH($E$1*B1288*86.4/$G$1)","=(($G$1^2*1000)/($E$1*$I$1))*(H1288-1)","=$J$3*EXP(-$E$1*B1288*86.4/$G$1)","=J1287-J1288"
1,"=B1288+A1289","=$C$3+($G$1/($E$1*86.4))*SINH($E$1*B1289*86.4/$G$1)","=C1289-$C$3-B1289","=$E$1*B1289*86.4","=$G$1*G1289","=TANH($E$1*B1289*86.4/$G$1)","=COSH($E$1*B1289*86.4/$G$1)","=(($G$1^2*1000)/($E$1*$I$1))*(H1289-1)","=$J$3*EXP(-$E$1*B1289*86.4/$G$1)","=J1288-J1289"
1,"=B1289+A1290","=$C$3+($G$1/($E$1*86.4))*SINH($E$1*B1290*86.4/$G$1)","=C1290-$C$3-B1290","=$E$1*B1290*86.4","=$G$1*G1290","=TANH($E$1*B1290*86.4/$G$1)","=COSH($E$1*B1290*86.4/$G$1)","=(($G$1^2*1000)/($E$1*$I$1))*(H1290-1)","=$J$3*EXP(-$E$1*B1290*86.4/$G$1)","=J1289-J1290"
1,"=B1290+A1291","=$C$3+($G$1/($E$1*86.4))*SINH($E$1*B1291*86.4/$G$1)","=C1291-$C$3-B1291","=$E$1*B1291*86.4","=$G$1*G1291","=TANH($E$1*B1291*86.4/$G$1)","=COSH($E$1*B1291*86.4/$G$1)","=(($G$1^2*1000)/($E$1*$I$1))*(H1291-1)","=$J$3*EXP(-$E$1*B1291*86.4/$G$1)","=J1290-J1291"
1,"=B1291+A1292","=$C$3+($G$1/($E$1*86.4))*SINH($E$1*B1292*86.4/$G$1)","=C1292-$C$3-B1292","=$E$1*B1292*86.4","=$G$1*G1292","=TANH($E$1*B1292*86.4/$G$1)","=COSH($E$1*B1292*86.4/$G$1)","=(($G$1^2*1000)/($E$1*$I$1))*(H1292-1)","=$J$3*EXP(-$E$1*B1292*86.4/$G$1)","=J1291-J1292"
1,"=B1292+A1293","=$C$3+($G$1/($E$1*86.4))*SINH($E$1*B1293*86.4/$G$1)","=C1293-$C$3-B1293","=$E$1*B1293*86.4","=$G$1*G1293","=TANH($E$1*B1293*86.4/$G$1)","=COSH($E$1*B1293*86.4/$G$1)","=(($G$1^2*1000)/($E$1*$I$1))*(H1293-1)","=$J$3*EXP(-$E$1*B1293*86.4/$G$1)","=J1292-J1293"
1,"=B1293+A1294","=$C$3+($G$1/($E$1*86.4))*SINH($E$1*B1294*86.4/$G$1)","=C1294-$C$3-B1294","=$E$1*B1294*86.4","=$G$1*G1294","=TANH($E$1*B1294*86.4/$G$1)","=COSH($E$1*B1294*86.4/$G$1)","=(($G$1^2*1000)/($E$1*$I$1))*(H1294-1)","=$J$3*EXP(-$E$1*B1294*86.4/$G$1)","=J1293-J1294"
1,"=B1294+A1295","=$C$3+($G$1/($E$1*86.4))*SINH($E$1*B1295*86.4/$G$1)","=C1295-$C$3-B1295","=$E$1*B1295*86.4","=$G$1*G1295","=TANH($E$1*B1295*86.4/$G$1)","=COSH($E$1*B1295*86.4/$G$1)","=(($G$1^2*1000)/($E$1*$I$1))*(H1295-1)","=$J$3*EXP(-$E$1*B1295*86.4/$G$1)","=J1294-J1295"
1,"=B1295+A1296","=$C$3+($G$1/($E$1*86.4))*SINH($E$1*B1296*86.4/$G$1)","=C1296-$C$3-B1296","=$E$1*B1296*86.4","=$G$1*G1296","=TANH($E$1*B1296*86.4/$G$1)","=COSH($E$1*B1296*86.4/$G$1)","=(($G$1^2*1000)/($E$1*$I$1))*(H1296-1)","=$J$3*EXP(-$E$1*B1296*86.4/$G$1)","=J1295-J1296"
1,"=B1296+A1297","=$C$3+($G$1/($E$1*86.4))*SINH($E$1*B1297*86.4/$G$1)","=C1297-$C$3-B1297","=$E$1*B1297*86.4","=$G$1*G1297","=TANH($E$1*B1297*86.4/$G$1)","=COSH($E$1*B1297*86.4/$G$1)","=(($G$1^2*1000)/($E$1*$I$1))*(H1297-1)","=$J$3*EXP(-$E$1*B1297*86.4/$G$1)","=J1296-J1297"
1,"=B1297+A1298","=$C$3+($G$1/($E$1*86.4))*SINH($E$1*B1298*86.4/$G$1)","=C1298-$C$3-B1298","=$E$1*B1298*86.4","=$G$1*G1298","=TANH($E$1*B1298*86.4/$G$1)","=COSH($E$1*B1298*86.4/$G$1)","=(($G$1^2*1000)/($E$1*$I$1))*(H1298-1)","=$J$3*EXP(-$E$1*B1298*86.4/$G$1)","=J1297-J1298"
1,"=B1298+A1299","=$C$3+($G$1/($E$1*86.4))*SINH($E$1*B1299*86.4/$G$1)","=C1299-$C$3-B1299","=$E$1*B1299*86.4","=$G$1*G1299","=TANH($E$1*B1299*86.4/$G$1)","=COSH($E$1*B1299*86.4/$G$1)","=(($G$1^2*1000)/($E$1*$I$1))*(H1299-1)","=$J$3*EXP(-$E$1*B1299*86.4/$G$1)","=J1298-J1299"
1,"=B1299+A1300","=$C$3+($G$1/($E$1*86.4))*SINH($E$1*B1300*86.4/$G$1)","=C1300-$C$3-B1300","=$E$1*B1300*86.4","=$G$1*G1300","=TANH($E$1*B1300*86.4/$G$1)","=COSH($E$1*B1300*86.4/$G$1)","=(($G$1^2*1000)/($E$1*$I$1))*(H1300-1)","=$J$3*EXP(-$E$1*B1300*86.4/$G$1)","=J1299-J1300"
1,"=B1300+A1301","=$C$3+($G$1/($E$1*86.4))*SINH($E$1*B1301*86.4/$G$1)","=C1301-$C$3-B1301","=$E$1*B1301*86.4","=$G$1*G1301","=TANH($E$1*B1301*86.4/$G$1)","=COSH($E$1*B1301*86.4/$G$1)","=(($G$1^2*1000)/($E$1*$I$1))*(H1301-1)","=$J$3*EXP(-$E$1*B1301*86.4/$G$1)","=J1300-J1301"
1,"=B1301+A1302","=$C$3+($G$1/($E$1*86.4))*SINH($E$1*B1302*86.4/$G$1)","=C1302-$C$3-B1302","=$E$1*B1302*86.4","=$G$1*G1302","=TANH($E$1*B1302*86.4/$G$1)","=COSH($E$1*B1302*86.4/$G$1)","=(($G$1^2*1000)/($E$1*$I$1))*(H1302-1)","=$J$3*EXP(-$E$1*B1302*86.4/$G$1)","=J1301-J1302"
1,"=B1302+A1303","=$C$3+($G$1/($E$1*86.4))*SINH($E$1*B1303*86.4/$G$1)","=C1303-$C$3-B1303","=$E$1*B1303*86.4","=$G$1*G1303","=TANH($E$1*B1303*86.4/$G$1)","=COSH($E$1*B1303*86.4/$G$1)","=(($G$1^2*1000)/($E$1*$I$1))*(H1303-1)","=$J$3*EXP(-$E$1*B1303*86.4/$G$1)","=J1302-J1303"
1,"=B1303+A1304","=$C$3+($G$1/($E$1*86.4))*SINH($E$1*B1304*86.4/$G$1)","=C1304-$C$3-B1304","=$E$1*B1304*86.4","=$G$1*G1304","=TANH($E$1*B1304*86.4/$G$1)","=COSH($E$1*B1304*86.4/$G$1)","=(($G$1^2*1000)/($E$1*$I$1))*(H1304-1)","=$J$3*EXP(-$E$1*B1304*86.4/$G$1)","=J1303-J1304"
1,"=B1304+A1305","=$C$3+($G$1/($E$1*86.4))*SINH($E$1*B1305*86.4/$G$1)","=C1305-$C$3-B1305","=$E$1*B1305*86.4","=$G$1*G1305","=TANH($E$1*B1305*86.4/$G$1)","=COSH($E$1*B1305*86.4/$G$1)","=(($G$1^2*1000)/($E$1*$I$1))*(H1305-1)","=$J$3*EXP(-$E$1*B1305*86.4/$G$1)","=J1304-J1305"
1,"=B1305+A1306","=$C$3+($G$1/($E$1*86.4))*SINH($E$1*B1306*86.4/$G$1)","=C1306-$C$3-B1306","=$E$1*B1306*86.4","=$G$1*G1306","=TANH($E$1*B1306*86.4/$G$1)","=COSH($E$1*B1306*86.4/$G$1)","=(($G$1^2*1000)/($E$1*$I$1))*(H1306-1)","=$J$3*EXP(-$E$1*B1306*86.4/$G$1)","=J1305-J1306"
1,"=B1306+A1307","=$C$3+($G$1/($E$1*86.4))*SINH($E$1*B1307*86.4/$G$1)","=C1307-$C$3-B1307","=$E$1*B1307*86.4","=$G$1*G1307","=TANH($E$1*B1307*86.4/$G$1)","=COSH($E$1*B1307*86.4/$G$1)","=(($G$1^2*1000)/($E$1*$I$1))*(H1307-1)","=$J$3*EXP(-$E$1*B1307*86.4/$G$1)","=J1306-J1307"
1,"=B1307+A1308","=$C$3+($G$1/($E$1*86.4))*SINH($E$1*B1308*86.4/$G$1)","=C1308-$C$3-B1308","=$E$1*B1308*86.4","=$G$1*G1308","=TANH($E$1*B1308*86.4/$G$1)","=COSH($E$1*B1308*86.4/$G$1)","=(($G$1^2*1000)/($E$1*$I$1))*(H1308-1)","=$J$3*EXP(-$E$1*B1308*86.4/$G$1)","=J1307-J1308"
1,"=B1308+A1309","=$C$3+($G$1/($E$1*86.4))*SINH($E$1*B1309*86.4/$G$1)","=C1309-$C$3-B1309","=$E$1*B1309*86.4","=$G$1*G1309","=TANH($E$1*B1309*86.4/$G$1)","=COSH($E$1*B1309*86.4/$G$1)","=(($G$1^2*1000)/($E$1*$I$1))*(H1309-1)","=$J$3*EXP(-$E$1*B1309*86.4/$G$1)","=J1308-J1309"
1,"=B1309+A1310","=$C$3+($G$1/($E$1*86.4))*SINH($E$1*B1310*86.4/$G$1)","=C1310-$C$3-B1310","=$E$1*B1310*86.4","=$G$1*G1310","=TANH($E$1*B1310*86.4/$G$1)","=COSH($E$1*B1310*86.4/$G$1)","=(($G$1^2*1000)/($E$1*$I$1))*(H1310-1)","=$J$3*EXP(-$E$1*B1310*86.4/$G$1)","=J1309-J1310"
1,"=B1310+A1311","=$C$3+($G$1/($E$1*86.4))*SINH($E$1*B1311*86.4/$G$1)","=C1311-$C$3-B1311","=$E$1*B1311*86.4","=$G$1*G1311","=TANH($E$1*B1311*86.4/$G$1)","=COSH($E$1*B1311*86.4/$G$1)","=(($G$1^2*1000)/($E$1*$I$1))*(H1311-1)","=$J$3*EXP(-$E$1*B1311*86.4/$G$1)","=J1310-J1311"
1,"=B1311+A1312","=$C$3+($G$1/($E$1*86.4))*SINH($E$1*B1312*86.4/$G$1)","=C1312-$C$3-B1312","=$E$1*B1312*86.4","=$G$1*G1312","=TANH($E$1*B1312*86.4/$G$1)","=COSH($E$1*B1312*86.4/$G$1)","=(($G$1^2*1000)/($E$1*$I$1))*(H1312-1)","=$J$3*EXP(-$E$1*B1312*86.4/$G$1)","=J1311-J1312"
1,"=B1312+A1313","=$C$3+($G$1/($E$1*86.4))*SINH($E$1*B1313*86.4/$G$1)","=C1313-$C$3-B1313","=$E$1*B1313*86.4","=$G$1*G1313","=TANH($E$1*B1313*86.4/$G$1)","=COSH($E$1*B1313*86.4/$G$1)","=(($G$1^2*1000)/($E$1*$I$1))*(H1313-1)","=$J$3*EXP(-$E$1*B1313*86.4/$G$1)","=J1312-J1313"
1,"=B1313+A1314","=$C$3+($G$1/($E$1*86.4))*SINH($E$1*B1314*86.4/$G$1)","=C1314-$C$3-B1314","=$E$1*B1314*86.4","=$G$1*G1314","=TANH($E$1*B1314*86.4/$G$1)","=COSH($E$1*B1314*86.4/$G$1)","=(($G$1^2*1000)/($E$1*$I$1))*(H1314-1)","=$J$3*EXP(-$E$1*B1314*86.4/$G$1)","=J1313-J1314"
1,"=B1314+A1315","=$C$3+($G$1/($E$1*86.4))*SINH($E$1*B1315*86.4/$G$1)","=C1315-$C$3-B1315","=$E$1*B1315*86.4","=$G$1*G1315","=TANH($E$1*B1315*86.4/$G$1)","=COSH($E$1*B1315*86.4/$G$1)","=(($G$1^2*1000)/($E$1*$I$1))*(H1315-1)","=$J$3*EXP(-$E$1*B1315*86.4/$G$1)","=J1314-J1315"
1,"=B1315+A1316","=$C$3+($G$1/($E$1*86.4))*SINH($E$1*B1316*86.4/$G$1)","=C1316-$C$3-B1316","=$E$1*B1316*86.4","=$G$1*G1316","=TANH($E$1*B1316*86.4/$G$1)","=COSH($E$1*B1316*86.4/$G$1)","=(($G$1^2*1000)/($E$1*$I$1))*(H1316-1)","=$J$3*EXP(-$E$1*B1316*86.4/$G$1)","=J1315-J1316"
1,"=B1316+A1317","=$C$3+($G$1/($E$1*86.4))*SINH($E$1*B1317*86.4/$G$1)","=C1317-$C$3-B1317","=$E$1*B1317*86.4","=$G$1*G1317","=TANH($E$1*B1317*86.4/$G$1)","=COSH($E$1*B1317*86.4/$G$1)","=(($G$1^2*1000)/($E$1*$I$1))*(H1317-1)","=$J$3*EXP(-$E$1*B1317*86.4/$G$1)","=J1316-J1317"
1,"=B1317+A1318","=$C$3+($G$1/($E$1*86.4))*SINH($E$1*B1318*86.4/$G$1)","=C1318-$C$3-B1318","=$E$1*B1318*86.4","=$G$1*G1318","=TANH($E$1*B1318*86.4/$G$1)","=COSH($E$1*B1318*86.4/$G$1)","=(($G$1^2*1000)/($E$1*$I$1))*(H1318-1)","=$J$3*EXP(-$E$1*B1318*86.4/$G$1)","=J1317-J1318"
1,"=B1318+A1319","=$C$3+($G$1/($E$1*86.4))*SINH($E$1*B1319*86.4/$G$1)","=C1319-$C$3-B1319","=$E$1*B1319*86.4","=$G$1*G1319","=TANH($E$1*B1319*86.4/$G$1)","=COSH($E$1*B1319*86.4/$G$1)","=(($G$1^2*1000)/($E$1*$I$1))*(H1319-1)","=$J$3*EXP(-$E$1*B1319*86.4/$G$1)","=J1318-J1319"
1,"=B1319+A1320","=$C$3+($G$1/($E$1*86.4))*SINH($E$1*B1320*86.4/$G$1)","=C1320-$C$3-B1320","=$E$1*B1320*86.4","=$G$1*G1320","=TANH($E$1*B1320*86.4/$G$1)","=COSH($E$1*B1320*86.4/$G$1)","=(($G$1^2*1000)/($E$1*$I$1))*(H1320-1)","=$J$3*EXP(-$E$1*B1320*86.4/$G$1)","=J1319-J1320"
1,"=B1320+A1321","=$C$3+($G$1/($E$1*86.4))*SINH($E$1*B1321*86.4/$G$1)","=C1321-$C$3-B1321","=$E$1*B1321*86.4","=$G$1*G1321","=TANH($E$1*B1321*86.4/$G$1)","=COSH($E$1*B1321*86.4/$G$1)","=(($G$1^2*1000)/($E$1*$I$1))*(H1321-1)","=$J$3*EXP(-$E$1*B1321*86.4/$G$1)","=J1320-J1321"
1,"=B1321+A1322","=$C$3+($G$1/($E$1*86.4))*SINH($E$1*B1322*86.4/$G$1)","=C1322-$C$3-B1322","=$E$1*B1322*86.4","=$G$1*G1322","=TANH($E$1*B1322*86.4/$G$1)","=COSH($E$1*B1322*86.4/$G$1)","=(($G$1^2*1000)/($E$1*$I$1))*(H1322-1)","=$J$3*EXP(-$E$1*B1322*86.4/$G$1)","=J1321-J1322"
1,"=B1322+A1323","=$C$3+($G$1/($E$1*86.4))*SINH($E$1*B1323*86.4/$G$1)","=C1323-$C$3-B1323","=$E$1*B1323*86.4","=$G$1*G1323","=TANH($E$1*B1323*86.4/$G$1)","=COSH($E$1*B1323*86.4/$G$1)","=(($G$1^2*1000)/($E$1*$I$1))*(H1323-1)","=$J$3*EXP(-$E$1*B1323*86.4/$G$1)","=J1322-J1323"
1,"=B1323+A1324","=$C$3+($G$1/($E$1*86.4))*SINH($E$1*B1324*86.4/$G$1)","=C1324-$C$3-B1324","=$E$1*B1324*86.4","=$G$1*G1324","=TANH($E$1*B1324*86.4/$G$1)","=COSH($E$1*B1324*86.4/$G$1)","=(($G$1^2*1000)/($E$1*$I$1))*(H1324-1)","=$J$3*EXP(-$E$1*B1324*86.4/$G$1)","=J1323-J1324"
1,"=B1324+A1325","=$C$3+($G$1/($E$1*86.4))*SINH($E$1*B1325*86.4/$G$1)","=C1325-$C$3-B1325","=$E$1*B1325*86.4","=$G$1*G1325","=TANH($E$1*B1325*86.4/$G$1)","=COSH($E$1*B1325*86.4/$G$1)","=(($G$1^2*1000)/($E$1*$I$1))*(H1325-1)","=$J$3*EXP(-$E$1*B1325*86.4/$G$1)","=J1324-J1325"
1,"=B1325+A1326","=$C$3+($G$1/($E$1*86.4))*SINH($E$1*B1326*86.4/$G$1)","=C1326-$C$3-B1326","=$E$1*B1326*86.4","=$G$1*G1326","=TANH($E$1*B1326*86.4/$G$1)","=COSH($E$1*B1326*86.4/$G$1)","=(($G$1^2*1000)/($E$1*$I$1))*(H1326-1)","=$J$3*EXP(-$E$1*B1326*86.4/$G$1)","=J1325-J1326"
1,"=B1326+A1327","=$C$3+($G$1/($E$1*86.4))*SINH($E$1*B1327*86.4/$G$1)","=C1327-$C$3-B1327","=$E$1*B1327*86.4","=$G$1*G1327","=TANH($E$1*B1327*86.4/$G$1)","=COSH($E$1*B1327*86.4/$G$1)","=(($G$1^2*1000)/($E$1*$I$1))*(H1327-1)","=$J$3*EXP(-$E$1*B1327*86.4/$G$1)","=J1326-J1327"
1,"=B1327+A1328","=$C$3+($G$1/($E$1*86.4))*SINH($E$1*B1328*86.4/$G$1)","=C1328-$C$3-B1328","=$E$1*B1328*86.4","=$G$1*G1328","=TANH($E$1*B1328*86.4/$G$1)","=COSH($E$1*B1328*86.4/$G$1)","=(($G$1^2*1000)/($E$1*$I$1))*(H1328-1)","=$J$3*EXP(-$E$1*B1328*86.4/$G$1)","=J1327-J1328"
1,"=B1328+A1329","=$C$3+($G$1/($E$1*86.4))*SINH($E$1*B1329*86.4/$G$1)","=C1329-$C$3-B1329","=$E$1*B1329*86.4","=$G$1*G1329","=TANH($E$1*B1329*86.4/$G$1)","=COSH($E$1*B1329*86.4/$G$1)","=(($G$1^2*1000)/($E$1*$I$1))*(H1329-1)","=$J$3*EXP(-$E$1*B1329*86.4/$G$1)","=J1328-J1329"
1,"=B1329+A1330","=$C$3+($G$1/($E$1*86.4))*SINH($E$1*B1330*86.4/$G$1)","=C1330-$C$3-B1330","=$E$1*B1330*86.4","=$G$1*G1330","=TANH($E$1*B1330*86.4/$G$1)","=COSH($E$1*B1330*86.4/$G$1)","=(($G$1^2*1000)/($E$1*$I$1))*(H1330-1)","=$J$3*EXP(-$E$1*B1330*86.4/$G$1)","=J1329-J1330"
1,"=B1330+A1331","=$C$3+($G$1/($E$1*86.4))*SINH($E$1*B1331*86.4/$G$1)","=C1331-$C$3-B1331","=$E$1*B1331*86.4","=$G$1*G1331","=TANH($E$1*B1331*86.4/$G$1)","=COSH($E$1*B1331*86.4/$G$1)","=(($G$1^2*1000)/($E$1*$I$1))*(H1331-1)","=$J$3*EXP(-$E$1*B1331*86.4/$G$1)","=J1330-J1331"
1,"=B1331+A1332","=$C$3+($G$1/($E$1*86.4))*SINH($E$1*B1332*86.4/$G$1)","=C1332-$C$3-B1332","=$E$1*B1332*86.4","=$G$1*G1332","=TANH($E$1*B1332*86.4/$G$1)","=COSH($E$1*B1332*86.4/$G$1)","=(($G$1^2*1000)/($E$1*$I$1))*(H1332-1)","=$J$3*EXP(-$E$1*B1332*86.4/$G$1)","=J1331-J1332"
1,"=B1332+A1333","=$C$3+($G$1/($E$1*86.4))*SINH($E$1*B1333*86.4/$G$1)","=C1333-$C$3-B1333","=$E$1*B1333*86.4","=$G$1*G1333","=TANH($E$1*B1333*86.4/$G$1)","=COSH($E$1*B1333*86.4/$G$1)","=(($G$1^2*1000)/($E$1*$I$1))*(H1333-1)","=$J$3*EXP(-$E$1*B1333*86.4/$G$1)","=J1332-J1333"
1,"=B1333+A1334","=$C$3+($G$1/($E$1*86.4))*SINH($E$1*B1334*86.4/$G$1)","=C1334-$C$3-B1334","=$E$1*B1334*86.4","=$G$1*G1334","=TANH($E$1*B1334*86.4/$G$1)","=COSH($E$1*B1334*86.4/$G$1)","=(($G$1^2*1000)/($E$1*$I$1))*(H1334-1)","=$J$3*EXP(-$E$1*B1334*86.4/$G$1)","=J1333-J1334"
1,"=B1334+A1335","=$C$3+($G$1/($E$1*86.4))*SINH($E$1*B1335*86.4/$G$1)","=C1335-$C$3-B1335","=$E$1*B1335*86.4","=$G$1*G1335","=TANH($E$1*B1335*86.4/$G$1)","=COSH($E$1*B1335*86.4/$G$1)","=(($G$1^2*1000)/($E$1*$I$1))*(H1335-1)","=$J$3*EXP(-$E$1*B1335*86.4/$G$1)","=J1334-J1335"
1,"=B1335+A1336","=$C$3+($G$1/($E$1*86.4))*SINH($E$1*B1336*86.4/$G$1)","=C1336-$C$3-B1336","=$E$1*B1336*86.4","=$G$1*G1336","=TANH($E$1*B1336*86.4/$G$1)","=COSH($E$1*B1336*86.4/$G$1)","=(($G$1^2*1000)/($E$1*$I$1))*(H1336-1)","=$J$3*EXP(-$E$1*B1336*86.4/$G$1)","=J1335-J1336"
1,"=B1336+A1337","=$C$3+($G$1/($E$1*86.4))*SINH($E$1*B1337*86.4/$G$1)","=C1337-$C$3-B1337","=$E$1*B1337*86.4","=$G$1*G1337","=TANH($E$1*B1337*86.4/$G$1)","=COSH($E$1*B1337*86.4/$G$1)","=(($G$1^2*1000)/($E$1*$I$1))*(H1337-1)","=$J$3*EXP(-$E$1*B1337*86.4/$G$1)","=J1336-J1337"
1,"=B1337+A1338","=$C$3+($G$1/($E$1*86.4))*SINH($E$1*B1338*86.4/$G$1)","=C1338-$C$3-B1338","=$E$1*B1338*86.4","=$G$1*G1338","=TANH($E$1*B1338*86.4/$G$1)","=COSH($E$1*B1338*86.4/$G$1)","=(($G$1^2*1000)/($E$1*$I$1))*(H1338-1)","=$J$3*EXP(-$E$1*B1338*86.4/$G$1)","=J1337-J1338"
1,"=B1338+A1339","=$C$3+($G$1/($E$1*86.4))*SINH($E$1*B1339*86.4/$G$1)","=C1339-$C$3-B1339","=$E$1*B1339*86.4","=$G$1*G1339","=TANH($E$1*B1339*86.4/$G$1)","=COSH($E$1*B1339*86.4/$G$1)","=(($G$1^2*1000)/($E$1*$I$1))*(H1339-1)","=$J$3*EXP(-$E$1*B1339*86.4/$G$1)","=J1338-J1339"
1,"=B1339+A1340","=$C$3+($G$1/($E$1*86.4))*SINH($E$1*B1340*86.4/$G$1)","=C1340-$C$3-B1340","=$E$1*B1340*86.4","=$G$1*G1340","=TANH($E$1*B1340*86.4/$G$1)","=COSH($E$1*B1340*86.4/$G$1)","=(($G$1^2*1000)/($E$1*$I$1))*(H1340-1)","=$J$3*EXP(-$E$1*B1340*86.4/$G$1)","=J1339-J1340"
1,"=B1340+A1341","=$C$3+($G$1/($E$1*86.4))*SINH($E$1*B1341*86.4/$G$1)","=C1341-$C$3-B1341","=$E$1*B1341*86.4","=$G$1*G1341","=TANH($E$1*B1341*86.4/$G$1)","=COSH($E$1*B1341*86.4/$G$1)","=(($G$1^2*1000)/($E$1*$I$1))*(H1341-1)","=$J$3*EXP(-$E$1*B1341*86.4/$G$1)","=J1340-J1341"
1,"=B1341+A1342","=$C$3+($G$1/($E$1*86.4))*SINH($E$1*B1342*86.4/$G$1)","=C1342-$C$3-B1342","=$E$1*B1342*86.4","=$G$1*G1342","=TANH($E$1*B1342*86.4/$G$1)","=COSH($E$1*B1342*86.4/$G$1)","=(($G$1^2*1000)/($E$1*$I$1))*(H1342-1)","=$J$3*EXP(-$E$1*B1342*86.4/$G$1)","=J1341-J1342"
1,"=B1342+A1343","=$C$3+($G$1/($E$1*86.4))*SINH($E$1*B1343*86.4/$G$1)","=C1343-$C$3-B1343","=$E$1*B1343*86.4","=$G$1*G1343","=TANH($E$1*B1343*86.4/$G$1)","=COSH($E$1*B1343*86.4/$G$1)","=(($G$1^2*1000)/($E$1*$I$1))*(H1343-1)","=$J$3*EXP(-$E$1*B1343*86.4/$G$1)","=J1342-J1343"
1,"=B1343+A1344","=$C$3+($G$1/($E$1*86.4))*SINH($E$1*B1344*86.4/$G$1)","=C1344-$C$3-B1344","=$E$1*B1344*86.4","=$G$1*G1344","=TANH($E$1*B1344*86.4/$G$1)","=COSH($E$1*B1344*86.4/$G$1)","=(($G$1^2*1000)/($E$1*$I$1))*(H1344-1)","=$J$3*EXP(-$E$1*B1344*86.4/$G$1)","=J1343-J1344"
1,"=B1344+A1345","=$C$3+($G$1/($E$1*86.4))*SINH($E$1*B1345*86.4/$G$1)","=C1345-$C$3-B1345","=$E$1*B1345*86.4","=$G$1*G1345","=TANH($E$1*B1345*86.4/$G$1)","=COSH($E$1*B1345*86.4/$G$1)","=(($G$1^2*1000)/($E$1*$I$1))*(H1345-1)","=$J$3*EXP(-$E$1*B1345*86.4/$G$1)","=J1344-J1345"
1,"=B1345+A1346","=$C$3+($G$1/($E$1*86.4))*SINH($E$1*B1346*86.4/$G$1)","=C1346-$C$3-B1346","=$E$1*B1346*86.4","=$G$1*G1346","=TANH($E$1*B1346*86.4/$G$1)","=COSH($E$1*B1346*86.4/$G$1)","=(($G$1^2*1000)/($E$1*$I$1))*(H1346-1)","=$J$3*EXP(-$E$1*B1346*86.4/$G$1)","=J1345-J1346"
1,"=B1346+A1347","=$C$3+($G$1/($E$1*86.4))*SINH($E$1*B1347*86.4/$G$1)","=C1347-$C$3-B1347","=$E$1*B1347*86.4","=$G$1*G1347","=TANH($E$1*B1347*86.4/$G$1)","=COSH($E$1*B1347*86.4/$G$1)","=(($G$1^2*1000)/($E$1*$I$1))*(H1347-1)","=$J$3*EXP(-$E$1*B1347*86.4/$G$1)","=J1346-J1347"
1,"=B1347+A1348","=$C$3+($G$1/($E$1*86.4))*SINH($E$1*B1348*86.4/$G$1)","=C1348-$C$3-B1348","=$E$1*B1348*86.4","=$G$1*G1348","=TANH($E$1*B1348*86.4/$G$1)","=COSH($E$1*B1348*86.4/$G$1)","=(($G$1^2*1000)/($E$1*$I$1))*(H1348-1)","=$J$3*EXP(-$E$1*B1348*86.4/$G$1)","=J1347-J1348"
1,"=B1348+A1349","=$C$3+($G$1/($E$1*86.4))*SINH($E$1*B1349*86.4/$G$1)","=C1349-$C$3-B1349","=$E$1*B1349*86.4","=$G$1*G1349","=TANH($E$1*B1349*86.4/$G$1)","=COSH($E$1*B1349*86.4/$G$1)","=(($G$1^2*1000)/($E$1*$I$1))*(H1349-1)","=$J$3*EXP(-$E$1*B1349*86.4/$G$1)","=J1348-J1349"
1,"=B1349+A1350","=$C$3+($G$1/($E$1*86.4))*SINH($E$1*B1350*86.4/$G$1)","=C1350-$C$3-B1350","=$E$1*B1350*86.4","=$G$1*G1350","=TANH($E$1*B1350*86.4/$G$1)","=COSH($E$1*B1350*86.4/$G$1)","=(($G$1^2*1000)/($E$1*$I$1))*(H1350-1)","=$J$3*EXP(-$E$1*B1350*86.4/$G$1)","=J1349-J1350"
1,"=B1350+A1351","=$C$3+($G$1/($E$1*86.4))*SINH($E$1*B1351*86.4/$G$1)","=C1351-$C$3-B1351","=$E$1*B1351*86.4","=$G$1*G1351","=TANH($E$1*B1351*86.4/$G$1)","=COSH($E$1*B1351*86.4/$G$1)","=(($G$1^2*1000)/($E$1*$I$1))*(H1351-1)","=$J$3*EXP(-$E$1*B1351*86.4/$G$1)","=J1350-J1351"
1,"=B1351+A1352","=$C$3+($G$1/($E$1*86.4))*SINH($E$1*B1352*86.4/$G$1)","=C1352-$C$3-B1352","=$E$1*B1352*86.4","=$G$1*G1352","=TANH($E$1*B1352*86.4/$G$1)","=COSH($E$1*B1352*86.4/$G$1)","=(($G$1^2*1000)/($E$1*$I$1))*(H1352-1)","=$J$3*EXP(-$E$1*B1352*86.4/$G$1)","=J1351-J1352"
1,"=B1352+A1353","=$C$3+($G$1/($E$1*86.4))*SINH($E$1*B1353*86.4/$G$1)","=C1353-$C$3-B1353","=$E$1*B1353*86.4","=$G$1*G1353","=TANH($E$1*B1353*86.4/$G$1)","=COSH($E$1*B1353*86.4/$G$1)","=(($G$1^2*1000)/($E$1*$I$1))*(H1353-1)","=$J$3*EXP(-$E$1*B1353*86.4/$G$1)","=J1352-J1353"
1,"=B1353+A1354","=$C$3+($G$1/($E$1*86.4))*SINH($E$1*B1354*86.4/$G$1)","=C1354-$C$3-B1354","=$E$1*B1354*86.4","=$G$1*G1354","=TANH($E$1*B1354*86.4/$G$1)","=COSH($E$1*B1354*86.4/$G$1)","=(($G$1^2*1000)/($E$1*$I$1))*(H1354-1)","=$J$3*EXP(-$E$1*B1354*86.4/$G$1)","=J1353-J1354"
1,"=B1354+A1355","=$C$3+($G$1/($E$1*86.4))*SINH($E$1*B1355*86.4/$G$1)","=C1355-$C$3-B1355","=$E$1*B1355*86.4","=$G$1*G1355","=TANH($E$1*B1355*86.4/$G$1)","=COSH($E$1*B1355*86.4/$G$1)","=(($G$1^2*1000)/($E$1*$I$1))*(H1355-1)","=$J$3*EXP(-$E$1*B1355*86.4/$G$1)","=J1354-J1355"
1,"=B1355+A1356","=$C$3+($G$1/($E$1*86.4))*SINH($E$1*B1356*86.4/$G$1)","=C1356-$C$3-B1356","=$E$1*B1356*86.4","=$G$1*G1356","=TANH($E$1*B1356*86.4/$G$1)","=COSH($E$1*B1356*86.4/$G$1)","=(($G$1^2*1000)/($E$1*$I$1))*(H1356-1)","=$J$3*EXP(-$E$1*B1356*86.4/$G$1)","=J1355-J1356"
1,"=B1356+A1357","=$C$3+($G$1/($E$1*86.4))*SINH($E$1*B1357*86.4/$G$1)","=C1357-$C$3-B1357","=$E$1*B1357*86.4","=$G$1*G1357","=TANH($E$1*B1357*86.4/$G$1)","=COSH($E$1*B1357*86.4/$G$1)","=(($G$1^2*1000)/($E$1*$I$1))*(H1357-1)","=$J$3*EXP(-$E$1*B1357*86.4/$G$1)","=J1356-J1357"
1,"=B1357+A1358","=$C$3+($G$1/($E$1*86.4))*SINH($E$1*B1358*86.4/$G$1)","=C1358-$C$3-B1358","=$E$1*B1358*86.4","=$G$1*G1358","=TANH($E$1*B1358*86.4/$G$1)","=COSH($E$1*B1358*86.4/$G$1)","=(($G$1^2*1000)/($E$1*$I$1))*(H1358-1)","=$J$3*EXP(-$E$1*B1358*86.4/$G$1)","=J1357-J1358"
1,"=B1358+A1359","=$C$3+($G$1/($E$1*86.4))*SINH($E$1*B1359*86.4/$G$1)","=C1359-$C$3-B1359","=$E$1*B1359*86.4","=$G$1*G1359","=TANH($E$1*B1359*86.4/$G$1)","=COSH($E$1*B1359*86.4/$G$1)","=(($G$1^2*1000)/($E$1*$I$1))*(H1359-1)","=$J$3*EXP(-$E$1*B1359*86.4/$G$1)","=J1358-J1359"
1,"=B1359+A1360","=$C$3+($G$1/($E$1*86.4))*SINH($E$1*B1360*86.4/$G$1)","=C1360-$C$3-B1360","=$E$1*B1360*86.4","=$G$1*G1360","=TANH($E$1*B1360*86.4/$G$1)","=COSH($E$1*B1360*86.4/$G$1)","=(($G$1^2*1000)/($E$1*$I$1))*(H1360-1)","=$J$3*EXP(-$E$1*B1360*86.4/$G$1)","=J1359-J1360"
1,"=B1360+A1361","=$C$3+($G$1/($E$1*86.4))*SINH($E$1*B1361*86.4/$G$1)","=C1361-$C$3-B1361","=$E$1*B1361*86.4","=$G$1*G1361","=TANH($E$1*B1361*86.4/$G$1)","=COSH($E$1*B1361*86.4/$G$1)","=(($G$1^2*1000)/($E$1*$I$1))*(H1361-1)","=$J$3*EXP(-$E$1*B1361*86.4/$G$1)","=J1360-J1361"
1,"=B1361+A1362","=$C$3+($G$1/($E$1*86.4))*SINH($E$1*B1362*86.4/$G$1)","=C1362-$C$3-B1362","=$E$1*B1362*86.4","=$G$1*G1362","=TANH($E$1*B1362*86.4/$G$1)","=COSH($E$1*B1362*86.4/$G$1)","=(($G$1^2*1000)/($E$1*$I$1))*(H1362-1)","=$J$3*EXP(-$E$1*B1362*86.4/$G$1)","=J1361-J1362"
1,"=B1362+A1363","=$C$3+($G$1/($E$1*86.4))*SINH($E$1*B1363*86.4/$G$1)","=C1363-$C$3-B1363","=$E$1*B1363*86.4","=$G$1*G1363","=TANH($E$1*B1363*86.4/$G$1)","=COSH($E$1*B1363*86.4/$G$1)","=(($G$1^2*1000)/($E$1*$I$1))*(H1363-1)","=$J$3*EXP(-$E$1*B1363*86.4/$G$1)","=J1362-J1363"
1,"=B1363+A1364","=$C$3+($G$1/($E$1*86.4))*SINH($E$1*B1364*86.4/$G$1)","=C1364-$C$3-B1364","=$E$1*B1364*86.4","=$G$1*G1364","=TANH($E$1*B1364*86.4/$G$1)","=COSH($E$1*B1364*86.4/$G$1)","=(($G$1^2*1000)/($E$1*$I$1))*(H1364-1)","=$J$3*EXP(-$E$1*B1364*86.4/$G$1)","=J1363-J1364"
1,"=B1364+A1365","=$C$3+($G$1/($E$1*86.4))*SINH($E$1*B1365*86.4/$G$1)","=C1365-$C$3-B1365","=$E$1*B1365*86.4","=$G$1*G1365","=TANH($E$1*B1365*86.4/$G$1)","=COSH($E$1*B1365*86.4/$G$1)","=(($G$1^2*1000)/($E$1*$I$1))*(H1365-1)","=$J$3*EXP(-$E$1*B1365*86.4/$G$1)","=J1364-J1365"
1,"=B1365+A1366","=$C$3+($G$1/($E$1*86.4))*SINH($E$1*B1366*86.4/$G$1)","=C1366-$C$3-B1366","=$E$1*B1366*86.4","=$G$1*G1366","=TANH($E$1*B1366*86.4/$G$1)","=COSH($E$1*B1366*86.4/$G$1)","=(($G$1^2*1000)/($E$1*$I$1))*(H1366-1)","=$J$3*EXP(-$E$1*B1366*86.4/$G$1)","=J1365-J1366"
1,"=B1366+A1367","=$C$3+($G$1/($E$1*86.4))*SINH($E$1*B1367*86.4/$G$1)","=C1367-$C$3-B1367","=$E$1*B1367*86.4","=$G$1*G1367","=TANH($E$1*B1367*86.4/$G$1)","=COSH($E$1*B1367*86.4/$G$1)","=(($G$1^2*1000)/($E$1*$I$1))*(H1367-1)","=$J$3*EXP(-$E$1*B1367*86.4/$G$1)","=J1366-J1367"
1,"=B1367+A1368","=$C$3+($G$1/($E$1*86.4))*SINH($E$1*B1368*86.4/$G$1)","=C1368-$C$3-B1368","=$E$1*B1368*86.4","=$G$1*G1368","=TANH($E$1*B1368*86.4/$G$1)","=COSH($E$1*B1368*86.4/$G$1)","=(($G$1^2*1000)/($E$1*$I$1))*(H1368-1)","=$J$3*EXP(-$E$1*B1368*86.4/$G$1)","=J1367-J1368"
1,"=B1368+A1369","=$C$3+($G$1/($E$1*86.4))*SINH($E$1*B1369*86.4/$G$1)","=C1369-$C$3-B1369","=$E$1*B1369*86.4","=$G$1*G1369","=TANH($E$1*B1369*86.4/$G$1)","=COSH($E$1*B1369*86.4/$G$1)","=(($G$1^2*1000)/($E$1*$I$1))*(H1369-1)","=$J$3*EXP(-$E$1*B1369*86.4/$G$1)","=J1368-J1369"
1,"=B1369+A1370","=$C$3+($G$1/($E$1*86.4))*SINH($E$1*B1370*86.4/$G$1)","=C1370-$C$3-B1370","=$E$1*B1370*86.4","=$G$1*G1370","=TANH($E$1*B1370*86.4/$G$1)","=COSH($E$1*B1370*86.4/$G$1)","=(($G$1^2*1000)/($E$1*$I$1))*(H1370-1)","=$J$3*EXP(-$E$1*B1370*86.4/$G$1)","=J1369-J1370"
1,"=B1370+A1371","=$C$3+($G$1/($E$1*86.4))*SINH($E$1*B1371*86.4/$G$1)","=C1371-$C$3-B1371","=$E$1*B1371*86.4","=$G$1*G1371","=TANH($E$1*B1371*86.4/$G$1)","=COSH($E$1*B1371*86.4/$G$1)","=(($G$1^2*1000)/($E$1*$I$1))*(H1371-1)","=$J$3*EXP(-$E$1*B1371*86.4/$G$1)","=J1370-J1371"
1,"=B1371+A1372","=$C$3+($G$1/($E$1*86.4))*SINH($E$1*B1372*86.4/$G$1)","=C1372-$C$3-B1372","=$E$1*B1372*86.4","=$G$1*G1372","=TANH($E$1*B1372*86.4/$G$1)","=COSH($E$1*B1372*86.4/$G$1)","=(($G$1^2*1000)/($E$1*$I$1))*(H1372-1)","=$J$3*EXP(-$E$1*B1372*86.4/$G$1)","=J1371-J1372"
1,"=B1372+A1373","=$C$3+($G$1/($E$1*86.4))*SINH($E$1*B1373*86.4/$G$1)","=C1373-$C$3-B1373","=$E$1*B1373*86.4","=$G$1*G1373","=TANH($E$1*B1373*86.4/$G$1)","=COSH($E$1*B1373*86.4/$G$1)","=(($G$1^2*1000)/($E$1*$I$1))*(H1373-1)","=$J$3*EXP(-$E$1*B1373*86.4/$G$1)","=J1372-J1373"
1,"=B1373+A1374","=$C$3+($G$1/($E$1*86.4))*SINH($E$1*B1374*86.4/$G$1)","=C1374-$C$3-B1374","=$E$1*B1374*86.4","=$G$1*G1374","=TANH($E$1*B1374*86.4/$G$1)","=COSH($E$1*B1374*86.4/$G$1)","=(($G$1^2*1000)/($E$1*$I$1))*(H1374-1)","=$J$3*EXP(-$E$1*B1374*86.4/$G$1)","=J1373-J1374"
1,"=B1374+A1375","=$C$3+($G$1/($E$1*86.4))*SINH($E$1*B1375*86.4/$G$1)","=C1375-$C$3-B1375","=$E$1*B1375*86.4","=$G$1*G1375","=TANH($E$1*B1375*86.4/$G$1)","=COSH($E$1*B1375*86.4/$G$1)","=(($G$1^2*1000)/($E$1*$I$1))*(H1375-1)","=$J$3*EXP(-$E$1*B1375*86.4/$G$1)","=J1374-J1375"
1,"=B1375+A1376","=$C$3+($G$1/($E$1*86.4))*SINH($E$1*B1376*86.4/$G$1)","=C1376-$C$3-B1376","=$E$1*B1376*86.4","=$G$1*G1376","=TANH($E$1*B1376*86.4/$G$1)","=COSH($E$1*B1376*86.4/$G$1)","=(($G$1^2*1000)/($E$1*$I$1))*(H1376-1)","=$J$3*EXP(-$E$1*B1376*86.4/$G$1)","=J1375-J1376"
1,"=B1376+A1377","=$C$3+($G$1/($E$1*86.4))*SINH($E$1*B1377*86.4/$G$1)","=C1377-$C$3-B1377","=$E$1*B1377*86.4","=$G$1*G1377","=TANH($E$1*B1377*86.4/$G$1)","=COSH($E$1*B1377*86.4/$G$1)","=(($G$1^2*1000)/($E$1*$I$1))*(H1377-1)","=$J$3*EXP(-$E$1*B1377*86.4/$G$1)","=J1376-J1377"
1,"=B1377+A1378","=$C$3+($G$1/($E$1*86.4))*SINH($E$1*B1378*86.4/$G$1)","=C1378-$C$3-B1378","=$E$1*B1378*86.4","=$G$1*G1378","=TANH($E$1*B1378*86.4/$G$1)","=COSH($E$1*B1378*86.4/$G$1)","=(($G$1^2*1000)/($E$1*$I$1))*(H1378-1)","=$J$3*EXP(-$E$1*B1378*86.4/$G$1)","=J1377-J1378"
1,"=B1378+A1379","=$C$3+($G$1/($E$1*86.4))*SINH($E$1*B1379*86.4/$G$1)","=C1379-$C$3-B1379","=$E$1*B1379*86.4","=$G$1*G1379","=TANH($E$1*B1379*86.4/$G$1)","=COSH($E$1*B1379*86.4/$G$1)","=(($G$1^2*1000)/($E$1*$I$1))*(H1379-1)","=$J$3*EXP(-$E$1*B1379*86.4/$G$1)","=J1378-J1379"
1,"=B1379+A1380","=$C$3+($G$1/($E$1*86.4))*SINH($E$1*B1380*86.4/$G$1)","=C1380-$C$3-B1380","=$E$1*B1380*86.4","=$G$1*G1380","=TANH($E$1*B1380*86.4/$G$1)","=COSH($E$1*B1380*86.4/$G$1)","=(($G$1^2*1000)/($E$1*$I$1))*(H1380-1)","=$J$3*EXP(-$E$1*B1380*86.4/$G$1)","=J1379-J1380"
1,"=B1380+A1381","=$C$3+($G$1/($E$1*86.4))*SINH($E$1*B1381*86.4/$G$1)","=C1381-$C$3-B1381","=$E$1*B1381*86.4","=$G$1*G1381","=TANH($E$1*B1381*86.4/$G$1)","=COSH($E$1*B1381*86.4/$G$1)","=(($G$1^2*1000)/($E$1*$I$1))*(H1381-1)","=$J$3*EXP(-$E$1*B1381*86.4/$G$1)","=J1380-J1381"
1,"=B1381+A1382","=$C$3+($G$1/($E$1*86.4))*SINH($E$1*B1382*86.4/$G$1)","=C1382-$C$3-B1382","=$E$1*B1382*86.4","=$G$1*G1382","=TANH($E$1*B1382*86.4/$G$1)","=COSH($E$1*B1382*86.4/$G$1)","=(($G$1^2*1000)/($E$1*$I$1))*(H1382-1)","=$J$3*EXP(-$E$1*B1382*86.4/$G$1)","=J1381-J1382"
1,"=B1382+A1383","=$C$3+($G$1/($E$1*86.4))*SINH($E$1*B1383*86.4/$G$1)","=C1383-$C$3-B1383","=$E$1*B1383*86.4","=$G$1*G1383","=TANH($E$1*B1383*86.4/$G$1)","=COSH($E$1*B1383*86.4/$G$1)","=(($G$1^2*1000)/($E$1*$I$1))*(H1383-1)","=$J$3*EXP(-$E$1*B1383*86.4/$G$1)","=J1382-J1383"
1,"=B1383+A1384","=$C$3+($G$1/($E$1*86.4))*SINH($E$1*B1384*86.4/$G$1)","=C1384-$C$3-B1384","=$E$1*B1384*86.4","=$G$1*G1384","=TANH($E$1*B1384*86.4/$G$1)","=COSH($E$1*B1384*86.4/$G$1)","=(($G$1^2*1000)/($E$1*$I$1))*(H1384-1)","=$J$3*EXP(-$E$1*B1384*86.4/$G$1)","=J1383-J1384"
1,"=B1384+A1385","=$C$3+($G$1/($E$1*86.4))*SINH($E$1*B1385*86.4/$G$1)","=C1385-$C$3-B1385","=$E$1*B1385*86.4","=$G$1*G1385","=TANH($E$1*B1385*86.4/$G$1)","=COSH($E$1*B1385*86.4/$G$1)","=(($G$1^2*1000)/($E$1*$I$1))*(H1385-1)","=$J$3*EXP(-$E$1*B1385*86.4/$G$1)","=J1384-J1385"
1,"=B1385+A1386","=$C$3+($G$1/($E$1*86.4))*SINH($E$1*B1386*86.4/$G$1)","=C1386-$C$3-B1386","=$E$1*B1386*86.4","=$G$1*G1386","=TANH($E$1*B1386*86.4/$G$1)","=COSH($E$1*B1386*86.4/$G$1)","=(($G$1^2*1000)/($E$1*$I$1))*(H1386-1)","=$J$3*EXP(-$E$1*B1386*86.4/$G$1)","=J1385-J1386"
1,"=B1386+A1387","=$C$3+($G$1/($E$1*86.4))*SINH($E$1*B1387*86.4/$G$1)","=C1387-$C$3-B1387","=$E$1*B1387*86.4","=$G$1*G1387","=TANH($E$1*B1387*86.4/$G$1)","=COSH($E$1*B1387*86.4/$G$1)","=(($G$1^2*1000)/($E$1*$I$1))*(H1387-1)","=$J$3*EXP(-$E$1*B1387*86.4/$G$1)","=J1386-J1387"
1,"=B1387+A1388","=$C$3+($G$1/($E$1*86.4))*SINH($E$1*B1388*86.4/$G$1)","=C1388-$C$3-B1388","=$E$1*B1388*86.4","=$G$1*G1388","=TANH($E$1*B1388*86.4/$G$1)","=COSH($E$1*B1388*86.4/$G$1)","=(($G$1^2*1000)/($E$1*$I$1))*(H1388-1)","=$J$3*EXP(-$E$1*B1388*86.4/$G$1)","=J1387-J1388"
1,"=B1388+A1389","=$C$3+($G$1/($E$1*86.4))*SINH($E$1*B1389*86.4/$G$1)","=C1389-$C$3-B1389","=$E$1*B1389*86.4","=$G$1*G1389","=TANH($E$1*B1389*86.4/$G$1)","=COSH($E$1*B1389*86.4/$G$1)","=(($G$1^2*1000)/($E$1*$I$1))*(H1389-1)","=$J$3*EXP(-$E$1*B1389*86.4/$G$1)","=J1388-J1389"
1,"=B1389+A1390","=$C$3+($G$1/($E$1*86.4))*SINH($E$1*B1390*86.4/$G$1)","=C1390-$C$3-B1390","=$E$1*B1390*86.4","=$G$1*G1390","=TANH($E$1*B1390*86.4/$G$1)","=COSH($E$1*B1390*86.4/$G$1)","=(($G$1^2*1000)/($E$1*$I$1))*(H1390-1)","=$J$3*EXP(-$E$1*B1390*86.4/$G$1)","=J1389-J1390"
1,"=B1390+A1391","=$C$3+($G$1/($E$1*86.4))*SINH($E$1*B1391*86.4/$G$1)","=C1391-$C$3-B1391","=$E$1*B1391*86.4","=$G$1*G1391","=TANH($E$1*B1391*86.4/$G$1)","=COSH($E$1*B1391*86.4/$G$1)","=(($G$1^2*1000)/($E$1*$I$1))*(H1391-1)","=$J$3*EXP(-$E$1*B1391*86.4/$G$1)","=J1390-J1391"
1,"=B1391+A1392","=$C$3+($G$1/($E$1*86.4))*SINH($E$1*B1392*86.4/$G$1)","=C1392-$C$3-B1392","=$E$1*B1392*86.4","=$G$1*G1392","=TANH($E$1*B1392*86.4/$G$1)","=COSH($E$1*B1392*86.4/$G$1)","=(($G$1^2*1000)/($E$1*$I$1))*(H1392-1)","=$J$3*EXP(-$E$1*B1392*86.4/$G$1)","=J1391-J1392"
1,"=B1392+A1393","=$C$3+($G$1/($E$1*86.4))*SINH($E$1*B1393*86.4/$G$1)","=C1393-$C$3-B1393","=$E$1*B1393*86.4","=$G$1*G1393","=TANH($E$1*B1393*86.4/$G$1)","=COSH($E$1*B1393*86.4/$G$1)","=(($G$1^2*1000)/($E$1*$I$1))*(H1393-1)","=$J$3*EXP(-$E$1*B1393*86.4/$G$1)","=J1392-J1393"
1,"=B1393+A1394","=$C$3+($G$1/($E$1*86.4))*SINH($E$1*B1394*86.4/$G$1)","=C1394-$C$3-B1394","=$E$1*B1394*86.4","=$G$1*G1394","=TANH($E$1*B1394*86.4/$G$1)","=COSH($E$1*B1394*86.4/$G$1)","=(($G$1^2*1000)/($E$1*$I$1))*(H1394-1)","=$J$3*EXP(-$E$1*B1394*86.4/$G$1)","=J1393-J1394"
1,"=B1394+A1395","=$C$3+($G$1/($E$1*86.4))*SINH($E$1*B1395*86.4/$G$1)","=C1395-$C$3-B1395","=$E$1*B1395*86.4","=$G$1*G1395","=TANH($E$1*B1395*86.4/$G$1)","=COSH($E$1*B1395*86.4/$G$1)","=(($G$1^2*1000)/($E$1*$I$1))*(H1395-1)","=$J$3*EXP(-$E$1*B1395*86.4/$G$1)","=J1394-J1395"
1,"=B1395+A1396","=$C$3+($G$1/($E$1*86.4))*SINH($E$1*B1396*86.4/$G$1)","=C1396-$C$3-B1396","=$E$1*B1396*86.4","=$G$1*G1396","=TANH($E$1*B1396*86.4/$G$1)","=COSH($E$1*B1396*86.4/$G$1)","=(($G$1^2*1000)/($E$1*$I$1))*(H1396-1)","=$J$3*EXP(-$E$1*B1396*86.4/$G$1)","=J1395-J1396"
1,"=B1396+A1397","=$C$3+($G$1/($E$1*86.4))*SINH($E$1*B1397*86.4/$G$1)","=C1397-$C$3-B1397","=$E$1*B1397*86.4","=$G$1*G1397","=TANH($E$1*B1397*86.4/$G$1)","=COSH($E$1*B1397*86.4/$G$1)","=(($G$1^2*1000)/($E$1*$I$1))*(H1397-1)","=$J$3*EXP(-$E$1*B1397*86.4/$G$1)","=J1396-J1397"
1,"=B1397+A1398","=$C$3+($G$1/($E$1*86.4))*SINH($E$1*B1398*86.4/$G$1)","=C1398-$C$3-B1398","=$E$1*B1398*86.4","=$G$1*G1398","=TANH($E$1*B1398*86.4/$G$1)","=COSH($E$1*B1398*86.4/$G$1)","=(($G$1^2*1000)/($E$1*$I$1))*(H1398-1)","=$J$3*EXP(-$E$1*B1398*86.4/$G$1)","=J1397-J1398"
1,"=B1398+A1399","=$C$3+($G$1/($E$1*86.4))*SINH($E$1*B1399*86.4/$G$1)","=C1399-$C$3-B1399","=$E$1*B1399*86.4","=$G$1*G1399","=TANH($E$1*B1399*86.4/$G$1)","=COSH($E$1*B1399*86.4/$G$1)","=(($G$1^2*1000)/($E$1*$I$1))*(H1399-1)","=$J$3*EXP(-$E$1*B1399*86.4/$G$1)","=J1398-J1399"
1,"=B1399+A1400","=$C$3+($G$1/($E$1*86.4))*SINH($E$1*B1400*86.4/$G$1)","=C1400-$C$3-B1400","=$E$1*B1400*86.4","=$G$1*G1400","=TANH($E$1*B1400*86.4/$G$1)","=COSH($E$1*B1400*86.4/$G$1)","=(($G$1^2*1000)/($E$1*$I$1))*(H1400-1)","=$J$3*EXP(-$E$1*B1400*86.4/$G$1)","=J1399-J1400"
1,"=B1400+A1401","=$C$3+($G$1/($E$1*86.4))*SINH($E$1*B1401*86.4/$G$1)","=C1401-$C$3-B1401","=$E$1*B1401*86.4","=$G$1*G1401","=TANH($E$1*B1401*86.4/$G$1)","=COSH($E$1*B1401*86.4/$G$1)","=(($G$1^2*1000)/($E$1*$I$1))*(H1401-1)","=$J$3*EXP(-$E$1*B1401*86.4/$G$1)","=J1400-J1401"
1,"=B1401+A1402","=$C$3+($G$1/($E$1*86.4))*SINH($E$1*B1402*86.4/$G$1)","=C1402-$C$3-B1402","=$E$1*B1402*86.4","=$G$1*G1402","=TANH($E$1*B1402*86.4/$G$1)","=COSH($E$1*B1402*86.4/$G$1)","=(($G$1^2*1000)/($E$1*$I$1))*(H1402-1)","=$J$3*EXP(-$E$1*B1402*86.4/$G$1)","=J1401-J1402"
1,"=B1402+A1403","=$C$3+($G$1/($E$1*86.4))*SINH($E$1*B1403*86.4/$G$1)","=C1403-$C$3-B1403","=$E$1*B1403*86.4","=$G$1*G1403","=TANH($E$1*B1403*86.4/$G$1)","=COSH($E$1*B1403*86.4/$G$1)","=(($G$1^2*1000)/($E$1*$I$1))*(H1403-1)","=$J$3*EXP(-$E$1*B1403*86.4/$G$1)","=J1402-J1403"
1,"=B1403+A1404","=$C$3+($G$1/($E$1*86.4))*SINH($E$1*B1404*86.4/$G$1)","=C1404-$C$3-B1404","=$E$1*B1404*86.4","=$G$1*G1404","=TANH($E$1*B1404*86.4/$G$1)","=COSH($E$1*B1404*86.4/$G$1)","=(($G$1^2*1000)/($E$1*$I$1))*(H1404-1)","=$J$3*EXP(-$E$1*B1404*86.4/$G$1)","=J1403-J1404"
1,"=B1404+A1405","=$C$3+($G$1/($E$1*86.4))*SINH($E$1*B1405*86.4/$G$1)","=C1405-$C$3-B1405","=$E$1*B1405*86.4","=$G$1*G1405","=TANH($E$1*B1405*86.4/$G$1)","=COSH($E$1*B1405*86.4/$G$1)","=(($G$1^2*1000)/($E$1*$I$1))*(H1405-1)","=$J$3*EXP(-$E$1*B1405*86.4/$G$1)","=J1404-J1405"
1,"=B1405+A1406","=$C$3+($G$1/($E$1*86.4))*SINH($E$1*B1406*86.4/$G$1)","=C1406-$C$3-B1406","=$E$1*B1406*86.4","=$G$1*G1406","=TANH($E$1*B1406*86.4/$G$1)","=COSH($E$1*B1406*86.4/$G$1)","=(($G$1^2*1000)/($E$1*$I$1))*(H1406-1)","=$J$3*EXP(-$E$1*B1406*86.4/$G$1)","=J1405-J1406"
1,"=B1406+A1407","=$C$3+($G$1/($E$1*86.4))*SINH($E$1*B1407*86.4/$G$1)","=C1407-$C$3-B1407","=$E$1*B1407*86.4","=$G$1*G1407","=TANH($E$1*B1407*86.4/$G$1)","=COSH($E$1*B1407*86.4/$G$1)","=(($G$1^2*1000)/($E$1*$I$1))*(H1407-1)","=$J$3*EXP(-$E$1*B1407*86.4/$G$1)","=J1406-J1407"
1,"=B1407+A1408","=$C$3+($G$1/($E$1*86.4))*SINH($E$1*B1408*86.4/$G$1)","=C1408-$C$3-B1408","=$E$1*B1408*86.4","=$G$1*G1408","=TANH($E$1*B1408*86.4/$G$1)","=COSH($E$1*B1408*86.4/$G$1)","=(($G$1^2*1000)/($E$1*$I$1))*(H1408-1)","=$J$3*EXP(-$E$1*B1408*86.4/$G$1)","=J1407-J1408"
1,"=B1408+A1409","=$C$3+($G$1/($E$1*86.4))*SINH($E$1*B1409*86.4/$G$1)","=C1409-$C$3-B1409","=$E$1*B1409*86.4","=$G$1*G1409","=TANH($E$1*B1409*86.4/$G$1)","=COSH($E$1*B1409*86.4/$G$1)","=(($G$1^2*1000)/($E$1*$I$1))*(H1409-1)","=$J$3*EXP(-$E$1*B1409*86.4/$G$1)","=J1408-J1409"
1,"=B1409+A1410","=$C$3+($G$1/($E$1*86.4))*SINH($E$1*B1410*86.4/$G$1)","=C1410-$C$3-B1410","=$E$1*B1410*86.4","=$G$1*G1410","=TANH($E$1*B1410*86.4/$G$1)","=COSH($E$1*B1410*86.4/$G$1)","=(($G$1^2*1000)/($E$1*$I$1))*(H1410-1)","=$J$3*EXP(-$E$1*B1410*86.4/$G$1)","=J1409-J1410"
1,"=B1410+A1411","=$C$3+($G$1/($E$1*86.4))*SINH($E$1*B1411*86.4/$G$1)","=C1411-$C$3-B1411","=$E$1*B1411*86.4","=$G$1*G1411","=TANH($E$1*B1411*86.4/$G$1)","=COSH($E$1*B1411*86.4/$G$1)","=(($G$1^2*1000)/($E$1*$I$1))*(H1411-1)","=$J$3*EXP(-$E$1*B1411*86.4/$G$1)","=J1410-J1411"
1,"=B1411+A1412","=$C$3+($G$1/($E$1*86.4))*SINH($E$1*B1412*86.4/$G$1)","=C1412-$C$3-B1412","=$E$1*B1412*86.4","=$G$1*G1412","=TANH($E$1*B1412*86.4/$G$1)","=COSH($E$1*B1412*86.4/$G$1)","=(($G$1^2*1000)/($E$1*$I$1))*(H1412-1)","=$J$3*EXP(-$E$1*B1412*86.4/$G$1)","=J1411-J1412"
1,"=B1412+A1413","=$C$3+($G$1/($E$1*86.4))*SINH($E$1*B1413*86.4/$G$1)","=C1413-$C$3-B1413","=$E$1*B1413*86.4","=$G$1*G1413","=TANH($E$1*B1413*86.4/$G$1)","=COSH($E$1*B1413*86.4/$G$1)","=(($G$1^2*1000)/($E$1*$I$1))*(H1413-1)","=$J$3*EXP(-$E$1*B1413*86.4/$G$1)","=J1412-J1413"
1,"=B1413+A1414","=$C$3+($G$1/($E$1*86.4))*SINH($E$1*B1414*86.4/$G$1)","=C1414-$C$3-B1414","=$E$1*B1414*86.4","=$G$1*G1414","=TANH($E$1*B1414*86.4/$G$1)","=COSH($E$1*B1414*86.4/$G$1)","=(($G$1^2*1000)/($E$1*$I$1))*(H1414-1)","=$J$3*EXP(-$E$1*B1414*86.4/$G$1)","=J1413-J1414"
1,"=B1414+A1415","=$C$3+($G$1/($E$1*86.4))*SINH($E$1*B1415*86.4/$G$1)","=C1415-$C$3-B1415","=$E$1*B1415*86.4","=$G$1*G1415","=TANH($E$1*B1415*86.4/$G$1)","=COSH($E$1*B1415*86.4/$G$1)","=(($G$1^2*1000)/($E$1*$I$1))*(H1415-1)","=$J$3*EXP(-$E$1*B1415*86.4/$G$1)","=J1414-J1415"
1,"=B1415+A1416","=$C$3+($G$1/($E$1*86.4))*SINH($E$1*B1416*86.4/$G$1)","=C1416-$C$3-B1416","=$E$1*B1416*86.4","=$G$1*G1416","=TANH($E$1*B1416*86.4/$G$1)","=COSH($E$1*B1416*86.4/$G$1)","=(($G$1^2*1000)/($E$1*$I$1))*(H1416-1)","=$J$3*EXP(-$E$1*B1416*86.4/$G$1)","=J1415-J1416"
1,"=B1416+A1417","=$C$3+($G$1/($E$1*86.4))*SINH($E$1*B1417*86.4/$G$1)","=C1417-$C$3-B1417","=$E$1*B1417*86.4","=$G$1*G1417","=TANH($E$1*B1417*86.4/$G$1)","=COSH($E$1*B1417*86.4/$G$1)","=(($G$1^2*1000)/($E$1*$I$1))*(H1417-1)","=$J$3*EXP(-$E$1*B1417*86.4/$G$1)","=J1416-J1417"
1,"=B1417+A1418","=$C$3+($G$1/($E$1*86.4))*SINH($E$1*B1418*86.4/$G$1)","=C1418-$C$3-B1418","=$E$1*B1418*86.4","=$G$1*G1418","=TANH($E$1*B1418*86.4/$G$1)","=COSH($E$1*B1418*86.4/$G$1)","=(($G$1^2*1000)/($E$1*$I$1))*(H1418-1)","=$J$3*EXP(-$E$1*B1418*86.4/$G$1)","=J1417-J1418"
1,"=B1418+A1419","=$C$3+($G$1/($E$1*86.4))*SINH($E$1*B1419*86.4/$G$1)","=C1419-$C$3-B1419","=$E$1*B1419*86.4","=$G$1*G1419","=TANH($E$1*B1419*86.4/$G$1)","=COSH($E$1*B1419*86.4/$G$1)","=(($G$1^2*1000)/($E$1*$I$1))*(H1419-1)","=$J$3*EXP(-$E$1*B1419*86.4/$G$1)","=J1418-J1419"
1,"=B1419+A1420","=$C$3+($G$1/($E$1*86.4))*SINH($E$1*B1420*86.4/$G$1)","=C1420-$C$3-B1420","=$E$1*B1420*86.4","=$G$1*G1420","=TANH($E$1*B1420*86.4/$G$1)","=COSH($E$1*B1420*86.4/$G$1)","=(($G$1^2*1000)/($E$1*$I$1))*(H1420-1)","=$J$3*EXP(-$E$1*B1420*86.4/$G$1)","=J1419-J1420"
1,"=B1420+A1421","=$C$3+($G$1/($E$1*86.4))*SINH($E$1*B1421*86.4/$G$1)","=C1421-$C$3-B1421","=$E$1*B1421*86.4","=$G$1*G1421","=TANH($E$1*B1421*86.4/$G$1)","=COSH($E$1*B1421*86.4/$G$1)","=(($G$1^2*1000)/($E$1*$I$1))*(H1421-1)","=$J$3*EXP(-$E$1*B1421*86.4/$G$1)","=J1420-J1421"
1,"=B1421+A1422","=$C$3+($G$1/($E$1*86.4))*SINH($E$1*B1422*86.4/$G$1)","=C1422-$C$3-B1422","=$E$1*B1422*86.4","=$G$1*G1422","=TANH($E$1*B1422*86.4/$G$1)","=COSH($E$1*B1422*86.4/$G$1)","=(($G$1^2*1000)/($E$1*$I$1))*(H1422-1)","=$J$3*EXP(-$E$1*B1422*86.4/$G$1)","=J1421-J1422"
1,"=B1422+A1423","=$C$3+($G$1/($E$1*86.4))*SINH($E$1*B1423*86.4/$G$1)","=C1423-$C$3-B1423","=$E$1*B1423*86.4","=$G$1*G1423","=TANH($E$1*B1423*86.4/$G$1)","=COSH($E$1*B1423*86.4/$G$1)","=(($G$1^2*1000)/($E$1*$I$1))*(H1423-1)","=$J$3*EXP(-$E$1*B1423*86.4/$G$1)","=J1422-J1423"
1,"=B1423+A1424","=$C$3+($G$1/($E$1*86.4))*SINH($E$1*B1424*86.4/$G$1)","=C1424-$C$3-B1424","=$E$1*B1424*86.4","=$G$1*G1424","=TANH($E$1*B1424*86.4/$G$1)","=COSH($E$1*B1424*86.4/$G$1)","=(($G$1^2*1000)/($E$1*$I$1))*(H1424-1)","=$J$3*EXP(-$E$1*B1424*86.4/$G$1)","=J1423-J1424"
1,"=B1424+A1425","=$C$3+($G$1/($E$1*86.4))*SINH($E$1*B1425*86.4/$G$1)","=C1425-$C$3-B1425","=$E$1*B1425*86.4","=$G$1*G1425","=TANH($E$1*B1425*86.4/$G$1)","=COSH($E$1*B1425*86.4/$G$1)","=(($G$1^2*1000)/($E$1*$I$1))*(H1425-1)","=$J$3*EXP(-$E$1*B1425*86.4/$G$1)","=J1424-J1425"
1,"=B1425+A1426","=$C$3+($G$1/($E$1*86.4))*SINH($E$1*B1426*86.4/$G$1)","=C1426-$C$3-B1426","=$E$1*B1426*86.4","=$G$1*G1426","=TANH($E$1*B1426*86.4/$G$1)","=COSH($E$1*B1426*86.4/$G$1)","=(($G$1^2*1000)/($E$1*$I$1))*(H1426-1)","=$J$3*EXP(-$E$1*B1426*86.4/$G$1)","=J1425-J1426"
1,"=B1426+A1427","=$C$3+($G$1/($E$1*86.4))*SINH($E$1*B1427*86.4/$G$1)","=C1427-$C$3-B1427","=$E$1*B1427*86.4","=$G$1*G1427","=TANH($E$1*B1427*86.4/$G$1)","=COSH($E$1*B1427*86.4/$G$1)","=(($G$1^2*1000)/($E$1*$I$1))*(H1427-1)","=$J$3*EXP(-$E$1*B1427*86.4/$G$1)","=J1426-J1427"
1,"=B1427+A1428","=$C$3+($G$1/($E$1*86.4))*SINH($E$1*B1428*86.4/$G$1)","=C1428-$C$3-B1428","=$E$1*B1428*86.4","=$G$1*G1428","=TANH($E$1*B1428*86.4/$G$1)","=COSH($E$1*B1428*86.4/$G$1)","=(($G$1^2*1000)/($E$1*$I$1))*(H1428-1)","=$J$3*EXP(-$E$1*B1428*86.4/$G$1)","=J1427-J1428"
1,"=B1428+A1429","=$C$3+($G$1/($E$1*86.4))*SINH($E$1*B1429*86.4/$G$1)","=C1429-$C$3-B1429","=$E$1*B1429*86.4","=$G$1*G1429","=TANH($E$1*B1429*86.4/$G$1)","=COSH($E$1*B1429*86.4/$G$1)","=(($G$1^2*1000)/($E$1*$I$1))*(H1429-1)","=$J$3*EXP(-$E$1*B1429*86.4/$G$1)","=J1428-J1429"
1,"=B1429+A1430","=$C$3+($G$1/($E$1*86.4))*SINH($E$1*B1430*86.4/$G$1)","=C1430-$C$3-B1430","=$E$1*B1430*86.4","=$G$1*G1430","=TANH($E$1*B1430*86.4/$G$1)","=COSH($E$1*B1430*86.4/$G$1)","=(($G$1^2*1000)/($E$1*$I$1))*(H1430-1)","=$J$3*EXP(-$E$1*B1430*86.4/$G$1)","=J1429-J1430"
1,"=B1430+A1431","=$C$3+($G$1/($E$1*86.4))*SINH($E$1*B1431*86.4/$G$1)","=C1431-$C$3-B1431","=$E$1*B1431*86.4","=$G$1*G1431","=TANH($E$1*B1431*86.4/$G$1)","=COSH($E$1*B1431*86.4/$G$1)","=(($G$1^2*1000)/($E$1*$I$1))*(H1431-1)","=$J$3*EXP(-$E$1*B1431*86.4/$G$1)","=J1430-J1431"
1,"=B1431+A1432","=$C$3+($G$1/($E$1*86.4))*SINH($E$1*B1432*86.4/$G$1)","=C1432-$C$3-B1432","=$E$1*B1432*86.4","=$G$1*G1432","=TANH($E$1*B1432*86.4/$G$1)","=COSH($E$1*B1432*86.4/$G$1)","=(($G$1^2*1000)/($E$1*$I$1))*(H1432-1)","=$J$3*EXP(-$E$1*B1432*86.4/$G$1)","=J1431-J1432"
1,"=B1432+A1433","=$C$3+($G$1/($E$1*86.4))*SINH($E$1*B1433*86.4/$G$1)","=C1433-$C$3-B1433","=$E$1*B1433*86.4","=$G$1*G1433","=TANH($E$1*B1433*86.4/$G$1)","=COSH($E$1*B1433*86.4/$G$1)","=(($G$1^2*1000)/($E$1*$I$1))*(H1433-1)","=$J$3*EXP(-$E$1*B1433*86.4/$G$1)","=J1432-J1433"
1,"=B1433+A1434","=$C$3+($G$1/($E$1*86.4))*SINH($E$1*B1434*86.4/$G$1)","=C1434-$C$3-B1434","=$E$1*B1434*86.4","=$G$1*G1434","=TANH($E$1*B1434*86.4/$G$1)","=COSH($E$1*B1434*86.4/$G$1)","=(($G$1^2*1000)/($E$1*$I$1))*(H1434-1)","=$J$3*EXP(-$E$1*B1434*86.4/$G$1)","=J1433-J1434"
1,"=B1434+A1435","=$C$3+($G$1/($E$1*86.4))*SINH($E$1*B1435*86.4/$G$1)","=C1435-$C$3-B1435","=$E$1*B1435*86.4","=$G$1*G1435","=TANH($E$1*B1435*86.4/$G$1)","=COSH($E$1*B1435*86.4/$G$1)","=(($G$1^2*1000)/($E$1*$I$1))*(H1435-1)","=$J$3*EXP(-$E$1*B1435*86.4/$G$1)","=J1434-J1435"
1,"=B1435+A1436","=$C$3+($G$1/($E$1*86.4))*SINH($E$1*B1436*86.4/$G$1)","=C1436-$C$3-B1436","=$E$1*B1436*86.4","=$G$1*G1436","=TANH($E$1*B1436*86.4/$G$1)","=COSH($E$1*B1436*86.4/$G$1)","=(($G$1^2*1000)/($E$1*$I$1))*(H1436-1)","=$J$3*EXP(-$E$1*B1436*86.4/$G$1)","=J1435-J1436"
1,"=B1436+A1437","=$C$3+($G$1/($E$1*86.4))*SINH($E$1*B1437*86.4/$G$1)","=C1437-$C$3-B1437","=$E$1*B1437*86.4","=$G$1*G1437","=TANH($E$1*B1437*86.4/$G$1)","=COSH($E$1*B1437*86.4/$G$1)","=(($G$1^2*1000)/($E$1*$I$1))*(H1437-1)","=$J$3*EXP(-$E$1*B1437*86.4/$G$1)","=J1436-J1437"
1,"=B1437+A1438","=$C$3+($G$1/($E$1*86.4))*SINH($E$1*B1438*86.4/$G$1)","=C1438-$C$3-B1438","=$E$1*B1438*86.4","=$G$1*G1438","=TANH($E$1*B1438*86.4/$G$1)","=COSH($E$1*B1438*86.4/$G$1)","=(($G$1^2*1000)/($E$1*$I$1))*(H1438-1)","=$J$3*EXP(-$E$1*B1438*86.4/$G$1)","=J1437-J1438"
1,"=B1438+A1439","=$C$3+($G$1/($E$1*86.4))*SINH($E$1*B1439*86.4/$G$1)","=C1439-$C$3-B1439","=$E$1*B1439*86.4","=$G$1*G1439","=TANH($E$1*B1439*86.4/$G$1)","=COSH($E$1*B1439*86.4/$G$1)","=(($G$1^2*1000)/($E$1*$I$1))*(H1439-1)","=$J$3*EXP(-$E$1*B1439*86.4/$G$1)","=J1438-J1439"
1,"=B1439+A1440","=$C$3+($G$1/($E$1*86.4))*SINH($E$1*B1440*86.4/$G$1)","=C1440-$C$3-B1440","=$E$1*B1440*86.4","=$G$1*G1440","=TANH($E$1*B1440*86.4/$G$1)","=COSH($E$1*B1440*86.4/$G$1)","=(($G$1^2*1000)/($E$1*$I$1))*(H1440-1)","=$J$3*EXP(-$E$1*B1440*86.4/$G$1)","=J1439-J1440"
1,"=B1440+A1441","=$C$3+($G$1/($E$1*86.4))*SINH($E$1*B1441*86.4/$G$1)","=C1441-$C$3-B1441","=$E$1*B1441*86.4","=$G$1*G1441","=TANH($E$1*B1441*86.4/$G$1)","=COSH($E$1*B1441*86.4/$G$1)","=(($G$1^2*1000)/($E$1*$I$1))*(H1441-1)","=$J$3*EXP(-$E$1*B1441*86.4/$G$1)","=J1440-J1441"
1,"=B1441+A1442","=$C$3+($G$1/($E$1*86.4))*SINH($E$1*B1442*86.4/$G$1)","=C1442-$C$3-B1442","=$E$1*B1442*86.4","=$G$1*G1442","=TANH($E$1*B1442*86.4/$G$1)","=COSH($E$1*B1442*86.4/$G$1)","=(($G$1^2*1000)/($E$1*$I$1))*(H1442-1)","=$J$3*EXP(-$E$1*B1442*86.4/$G$1)","=J1441-J1442"
1,"=B1442+A1443","=$C$3+($G$1/($E$1*86.4))*SINH($E$1*B1443*86.4/$G$1)","=C1443-$C$3-B1443","=$E$1*B1443*86.4","=$G$1*G1443","=TANH($E$1*B1443*86.4/$G$1)","=COSH($E$1*B1443*86.4/$G$1)","=(($G$1^2*1000)/($E$1*$I$1))*(H1443-1)","=$J$3*EXP(-$E$1*B1443*86.4/$G$1)","=J1442-J1443"
1,"=B1443+A1444","=$C$3+($G$1/($E$1*86.4))*SINH($E$1*B1444*86.4/$G$1)","=C1444-$C$3-B1444","=$E$1*B1444*86.4","=$G$1*G1444","=TANH($E$1*B1444*86.4/$G$1)","=COSH($E$1*B1444*86.4/$G$1)","=(($G$1^2*1000)/($E$1*$I$1))*(H1444-1)","=$J$3*EXP(-$E$1*B1444*86.4/$G$1)","=J1443-J1444"
1,"=B1444+A1445","=$C$3+($G$1/($E$1*86.4))*SINH($E$1*B1445*86.4/$G$1)","=C1445-$C$3-B1445","=$E$1*B1445*86.4","=$G$1*G1445","=TANH($E$1*B1445*86.4/$G$1)","=COSH($E$1*B1445*86.4/$G$1)","=(($G$1^2*1000)/($E$1*$I$1))*(H1445-1)","=$J$3*EXP(-$E$1*B1445*86.4/$G$1)","=J1444-J1445"
1,"=B1445+A1446","=$C$3+($G$1/($E$1*86.4))*SINH($E$1*B1446*86.4/$G$1)","=C1446-$C$3-B1446","=$E$1*B1446*86.4","=$G$1*G1446","=TANH($E$1*B1446*86.4/$G$1)","=COSH($E$1*B1446*86.4/$G$1)","=(($G$1^2*1000)/($E$1*$I$1))*(H1446-1)","=$J$3*EXP(-$E$1*B1446*86.4/$G$1)","=J1445-J1446"
1,"=B1446+A1447","=$C$3+($G$1/($E$1*86.4))*SINH($E$1*B1447*86.4/$G$1)","=C1447-$C$3-B1447","=$E$1*B1447*86.4","=$G$1*G1447","=TANH($E$1*B1447*86.4/$G$1)","=COSH($E$1*B1447*86.4/$G$1)","=(($G$1^2*1000)/($E$1*$I$1))*(H1447-1)","=$J$3*EXP(-$E$1*B1447*86.4/$G$1)","=J1446-J1447"
1,"=B1447+A1448","=$C$3+($G$1/($E$1*86.4))*SINH($E$1*B1448*86.4/$G$1)","=C1448-$C$3-B1448","=$E$1*B1448*86.4","=$G$1*G1448","=TANH($E$1*B1448*86.4/$G$1)","=COSH($E$1*B1448*86.4/$G$1)","=(($G$1^2*1000)/($E$1*$I$1))*(H1448-1)","=$J$3*EXP(-$E$1*B1448*86.4/$G$1)","=J1447-J1448"
1,"=B1448+A1449","=$C$3+($G$1/($E$1*86.4))*SINH($E$1*B1449*86.4/$G$1)","=C1449-$C$3-B1449","=$E$1*B1449*86.4","=$G$1*G1449","=TANH($E$1*B1449*86.4/$G$1)","=COSH($E$1*B1449*86.4/$G$1)","=(($G$1^2*1000)/($E$1*$I$1))*(H1449-1)","=$J$3*EXP(-$E$1*B1449*86.4/$G$1)","=J1448-J1449"
1,"=B1449+A1450","=$C$3+($G$1/($E$1*86.4))*SINH($E$1*B1450*86.4/$G$1)","=C1450-$C$3-B1450","=$E$1*B1450*86.4","=$G$1*G1450","=TANH($E$1*B1450*86.4/$G$1)","=COSH($E$1*B1450*86.4/$G$1)","=(($G$1^2*1000)/($E$1*$I$1))*(H1450-1)","=$J$3*EXP(-$E$1*B1450*86.4/$G$1)","=J1449-J1450"
1,"=B1450+A1451","=$C$3+($G$1/($E$1*86.4))*SINH($E$1*B1451*86.4/$G$1)","=C1451-$C$3-B1451","=$E$1*B1451*86.4","=$G$1*G1451","=TANH($E$1*B1451*86.4/$G$1)","=COSH($E$1*B1451*86.4/$G$1)","=(($G$1^2*1000)/($E$1*$I$1))*(H1451-1)","=$J$3*EXP(-$E$1*B1451*86.4/$G$1)","=J1450-J1451"
1,"=B1451+A1452","=$C$3+($G$1/($E$1*86.4))*SINH($E$1*B1452*86.4/$G$1)","=C1452-$C$3-B1452","=$E$1*B1452*86.4","=$G$1*G1452","=TANH($E$1*B1452*86.4/$G$1)","=COSH($E$1*B1452*86.4/$G$1)","=(($G$1^2*1000)/($E$1*$I$1))*(H1452-1)","=$J$3*EXP(-$E$1*B1452*86.4/$G$1)","=J1451-J1452"
1,"=B1452+A1453","=$C$3+($G$1/($E$1*86.4))*SINH($E$1*B1453*86.4/$G$1)","=C1453-$C$3-B1453","=$E$1*B1453*86.4","=$G$1*G1453","=TANH($E$1*B1453*86.4/$G$1)","=COSH($E$1*B1453*86.4/$G$1)","=(($G$1^2*1000)/($E$1*$I$1))*(H1453-1)","=$J$3*EXP(-$E$1*B1453*86.4/$G$1)","=J1452-J1453"
1,"=B1453+A1454","=$C$3+($G$1/($E$1*86.4))*SINH($E$1*B1454*86.4/$G$1)","=C1454-$C$3-B1454","=$E$1*B1454*86.4","=$G$1*G1454","=TANH($E$1*B1454*86.4/$G$1)","=COSH($E$1*B1454*86.4/$G$1)","=(($G$1^2*1000)/($E$1*$I$1))*(H1454-1)","=$J$3*EXP(-$E$1*B1454*86.4/$G$1)","=J1453-J1454"
1,"=B1454+A1455","=$C$3+($G$1/($E$1*86.4))*SINH($E$1*B1455*86.4/$G$1)","=C1455-$C$3-B1455","=$E$1*B1455*86.4","=$G$1*G1455","=TANH($E$1*B1455*86.4/$G$1)","=COSH($E$1*B1455*86.4/$G$1)","=(($G$1^2*1000)/($E$1*$I$1))*(H1455-1)","=$J$3*EXP(-$E$1*B1455*86.4/$G$1)","=J1454-J1455"
1,"=B1455+A1456","=$C$3+($G$1/($E$1*86.4))*SINH($E$1*B1456*86.4/$G$1)","=C1456-$C$3-B1456","=$E$1*B1456*86.4","=$G$1*G1456","=TANH($E$1*B1456*86.4/$G$1)","=COSH($E$1*B1456*86.4/$G$1)","=(($G$1^2*1000)/($E$1*$I$1))*(H1456-1)","=$J$3*EXP(-$E$1*B1456*86.4/$G$1)","=J1455-J1456"
1,"=B1456+A1457","=$C$3+($G$1/($E$1*86.4))*SINH($E$1*B1457*86.4/$G$1)","=C1457-$C$3-B1457","=$E$1*B1457*86.4","=$G$1*G1457","=TANH($E$1*B1457*86.4/$G$1)","=COSH($E$1*B1457*86.4/$G$1)","=(($G$1^2*1000)/($E$1*$I$1))*(H1457-1)","=$J$3*EXP(-$E$1*B1457*86.4/$G$1)","=J1456-J1457"
1,"=B1457+A1458","=$C$3+($G$1/($E$1*86.4))*SINH($E$1*B1458*86.4/$G$1)","=C1458-$C$3-B1458","=$E$1*B1458*86.4","=$G$1*G1458","=TANH($E$1*B1458*86.4/$G$1)","=COSH($E$1*B1458*86.4/$G$1)","=(($G$1^2*1000)/($E$1*$I$1))*(H1458-1)","=$J$3*EXP(-$E$1*B1458*86.4/$G$1)","=J1457-J1458"
1,"=B1458+A1459","=$C$3+($G$1/($E$1*86.4))*SINH($E$1*B1459*86.4/$G$1)","=C1459-$C$3-B1459","=$E$1*B1459*86.4","=$G$1*G1459","=TANH($E$1*B1459*86.4/$G$1)","=COSH($E$1*B1459*86.4/$G$1)","=(($G$1^2*1000)/($E$1*$I$1))*(H1459-1)","=$J$3*EXP(-$E$1*B1459*86.4/$G$1)","=J1458-J1459"
1,"=B1459+A1460","=$C$3+($G$1/($E$1*86.4))*SINH($E$1*B1460*86.4/$G$1)","=C1460-$C$3-B1460","=$E$1*B1460*86.4","=$G$1*G1460","=TANH($E$1*B1460*86.4/$G$1)","=COSH($E$1*B1460*86.4/$G$1)","=(($G$1^2*1000)/($E$1*$I$1))*(H1460-1)","=$J$3*EXP(-$E$1*B1460*86.4/$G$1)","=J1459-J1460"
1,"=B1460+A1461","=$C$3+($G$1/($E$1*86.4))*SINH($E$1*B1461*86.4/$G$1)","=C1461-$C$3-B1461","=$E$1*B1461*86.4","=$G$1*G1461","=TANH($E$1*B1461*86.4/$G$1)","=COSH($E$1*B1461*86.4/$G$1)","=(($G$1^2*1000)/($E$1*$I$1))*(H1461-1)","=$J$3*EXP(-$E$1*B1461*86.4/$G$1)","=J1460-J1461"
1,"=B1461+A1462","=$C$3+($G$1/($E$1*86.4))*SINH($E$1*B1462*86.4/$G$1)","=C1462-$C$3-B1462","=$E$1*B1462*86.4","=$G$1*G1462","=TANH($E$1*B1462*86.4/$G$1)","=COSH($E$1*B1462*86.4/$G$1)","=(($G$1^2*1000)/($E$1*$I$1))*(H1462-1)","=$J$3*EXP(-$E$1*B1462*86.4/$G$1)","=J1461-J1462"
1,"=B1462+A1463","=$C$3+($G$1/($E$1*86.4))*SINH($E$1*B1463*86.4/$G$1)","=C1463-$C$3-B1463","=$E$1*B1463*86.4","=$G$1*G1463","=TANH($E$1*B1463*86.4/$G$1)","=COSH($E$1*B1463*86.4/$G$1)","=(($G$1^2*1000)/($E$1*$I$1))*(H1463-1)","=$J$3*EXP(-$E$1*B1463*86.4/$G$1)","=J1462-J1463"
1,"=B1463+A1464","=$C$3+($G$1/($E$1*86.4))*SINH($E$1*B1464*86.4/$G$1)","=C1464-$C$3-B1464","=$E$1*B1464*86.4","=$G$1*G1464","=TANH($E$1*B1464*86.4/$G$1)","=COSH($E$1*B1464*86.4/$G$1)","=(($G$1^2*1000)/($E$1*$I$1))*(H1464-1)","=$J$3*EXP(-$E$1*B1464*86.4/$G$1)","=J1463-J1464"
1,"=B1464+A1465","=$C$3+($G$1/($E$1*86.4))*SINH($E$1*B1465*86.4/$G$1)","=C1465-$C$3-B1465","=$E$1*B1465*86.4","=$G$1*G1465","=TANH($E$1*B1465*86.4/$G$1)","=COSH($E$1*B1465*86.4/$G$1)","=(($G$1^2*1000)/($E$1*$I$1))*(H1465-1)","=$J$3*EXP(-$E$1*B1465*86.4/$G$1)","=J1464-J1465"
1,"=B1465+A1466","=$C$3+($G$1/($E$1*86.4))*SINH($E$1*B1466*86.4/$G$1)","=C1466-$C$3-B1466","=$E$1*B1466*86.4","=$G$1*G1466","=TANH($E$1*B1466*86.4/$G$1)","=COSH($E$1*B1466*86.4/$G$1)","=(($G$1^2*1000)/($E$1*$I$1))*(H1466-1)","=$J$3*EXP(-$E$1*B1466*86.4/$G$1)","=J1465-J1466"
1,"=B1466+A1467","=$C$3+($G$1/($E$1*86.4))*SINH($E$1*B1467*86.4/$G$1)","=C1467-$C$3-B1467","=$E$1*B1467*86.4","=$G$1*G1467","=TANH($E$1*B1467*86.4/$G$1)","=COSH($E$1*B1467*86.4/$G$1)","=(($G$1^2*1000)/($E$1*$I$1))*(H1467-1)","=$J$3*EXP(-$E$1*B1467*86.4/$G$1)","=J1466-J1467"
1,"=B1467+A1468","=$C$3+($G$1/($E$1*86.4))*SINH($E$1*B1468*86.4/$G$1)","=C1468-$C$3-B1468","=$E$1*B1468*86.4","=$G$1*G1468","=TANH($E$1*B1468*86.4/$G$1)","=COSH($E$1*B1468*86.4/$G$1)","=(($G$1^2*1000)/($E$1*$I$1))*(H1468-1)","=$J$3*EXP(-$E$1*B1468*86.4/$G$1)","=J1467-J1468"
1,"=B1468+A1469","=$C$3+($G$1/($E$1*86.4))*SINH($E$1*B1469*86.4/$G$1)","=C1469-$C$3-B1469","=$E$1*B1469*86.4","=$G$1*G1469","=TANH($E$1*B1469*86.4/$G$1)","=COSH($E$1*B1469*86.4/$G$1)","=(($G$1^2*1000)/($E$1*$I$1))*(H1469-1)","=$J$3*EXP(-$E$1*B1469*86.4/$G$1)","=J1468-J1469"
1,"=B1469+A1470","=$C$3+($G$1/($E$1*86.4))*SINH($E$1*B1470*86.4/$G$1)","=C1470-$C$3-B1470","=$E$1*B1470*86.4","=$G$1*G1470","=TANH($E$1*B1470*86.4/$G$1)","=COSH($E$1*B1470*86.4/$G$1)","=(($G$1^2*1000)/($E$1*$I$1))*(H1470-1)","=$J$3*EXP(-$E$1*B1470*86.4/$G$1)","=J1469-J1470"
1,"=B1470+A1471","=$C$3+($G$1/($E$1*86.4))*SINH($E$1*B1471*86.4/$G$1)","=C1471-$C$3-B1471","=$E$1*B1471*86.4","=$G$1*G1471","=TANH($E$1*B1471*86.4/$G$1)","=COSH($E$1*B1471*86.4/$G$1)","=(($G$1^2*1000)/($E$1*$I$1))*(H1471-1)","=$J$3*EXP(-$E$1*B1471*86.4/$G$1)","=J1470-J1471"
1,"=B1471+A1472","=$C$3+($G$1/($E$1*86.4))*SINH($E$1*B1472*86.4/$G$1)","=C1472-$C$3-B1472","=$E$1*B1472*86.4","=$G$1*G1472","=TANH($E$1*B1472*86.4/$G$1)","=COSH($E$1*B1472*86.4/$G$1)","=(($G$1^2*1000)/($E$1*$I$1))*(H1472-1)","=$J$3*EXP(-$E$1*B1472*86.4/$G$1)","=J1471-J1472"
1,"=B1472+A1473","=$C$3+($G$1/($E$1*86.4))*SINH($E$1*B1473*86.4/$G$1)","=C1473-$C$3-B1473","=$E$1*B1473*86.4","=$G$1*G1473","=TANH($E$1*B1473*86.4/$G$1)","=COSH($E$1*B1473*86.4/$G$1)","=(($G$1^2*1000)/($E$1*$I$1))*(H1473-1)","=$J$3*EXP(-$E$1*B1473*86.4/$G$1)","=J1472-J1473"
1,"=B1473+A1474","=$C$3+($G$1/($E$1*86.4))*SINH($E$1*B1474*86.4/$G$1)","=C1474-$C$3-B1474","=$E$1*B1474*86.4","=$G$1*G1474","=TANH($E$1*B1474*86.4/$G$1)","=COSH($E$1*B1474*86.4/$G$1)","=(($G$1^2*1000)/($E$1*$I$1))*(H1474-1)","=$J$3*EXP(-$E$1*B1474*86.4/$G$1)","=J1473-J1474"
1,"=B1474+A1475","=$C$3+($G$1/($E$1*86.4))*SINH($E$1*B1475*86.4/$G$1)","=C1475-$C$3-B1475","=$E$1*B1475*86.4","=$G$1*G1475","=TANH($E$1*B1475*86.4/$G$1)","=COSH($E$1*B1475*86.4/$G$1)","=(($G$1^2*1000)/($E$1*$I$1))*(H1475-1)","=$J$3*EXP(-$E$1*B1475*86.4/$G$1)","=J1474-J1475"
1,"=B1475+A1476","=$C$3+($G$1/($E$1*86.4))*SINH($E$1*B1476*86.4/$G$1)","=C1476-$C$3-B1476","=$E$1*B1476*86.4","=$G$1*G1476","=TANH($E$1*B1476*86.4/$G$1)","=COSH($E$1*B1476*86.4/$G$1)","=(($G$1^2*1000)/($E$1*$I$1))*(H1476-1)","=$J$3*EXP(-$E$1*B1476*86.4/$G$1)","=J1475-J1476"
1,"=B1476+A1477","=$C$3+($G$1/($E$1*86.4))*SINH($E$1*B1477*86.4/$G$1)","=C1477-$C$3-B1477","=$E$1*B1477*86.4","=$G$1*G1477","=TANH($E$1*B1477*86.4/$G$1)","=COSH($E$1*B1477*86.4/$G$1)","=(($G$1^2*1000)/($E$1*$I$1))*(H1477-1)","=$J$3*EXP(-$E$1*B1477*86.4/$G$1)","=J1476-J1477"
1,"=B1477+A1478","=$C$3+($G$1/($E$1*86.4))*SINH($E$1*B1478*86.4/$G$1)","=C1478-$C$3-B1478","=$E$1*B1478*86.4","=$G$1*G1478","=TANH($E$1*B1478*86.4/$G$1)","=COSH($E$1*B1478*86.4/$G$1)","=(($G$1^2*1000)/($E$1*$I$1))*(H1478-1)","=$J$3*EXP(-$E$1*B1478*86.4/$G$1)","=J1477-J1478"
1,"=B1478+A1479","=$C$3+($G$1/($E$1*86.4))*SINH($E$1*B1479*86.4/$G$1)","=C1479-$C$3-B1479","=$E$1*B1479*86.4","=$G$1*G1479","=TANH($E$1*B1479*86.4/$G$1)","=COSH($E$1*B1479*86.4/$G$1)","=(($G$1^2*1000)/($E$1*$I$1))*(H1479-1)","=$J$3*EXP(-$E$1*B1479*86.4/$G$1)","=J1478-J1479"
1,"=B1479+A1480","=$C$3+($G$1/($E$1*86.4))*SINH($E$1*B1480*86.4/$G$1)","=C1480-$C$3-B1480","=$E$1*B1480*86.4","=$G$1*G1480","=TANH($E$1*B1480*86.4/$G$1)","=COSH($E$1*B1480*86.4/$G$1)","=(($G$1^2*1000)/($E$1*$I$1))*(H1480-1)","=$J$3*EXP(-$E$1*B1480*86.4/$G$1)","=J1479-J1480"
1,"=B1480+A1481","=$C$3+($G$1/($E$1*86.4))*SINH($E$1*B1481*86.4/$G$1)","=C1481-$C$3-B1481","=$E$1*B1481*86.4","=$G$1*G1481","=TANH($E$1*B1481*86.4/$G$1)","=COSH($E$1*B1481*86.4/$G$1)","=(($G$1^2*1000)/($E$1*$I$1))*(H1481-1)","=$J$3*EXP(-$E$1*B1481*86.4/$G$1)","=J1480-J1481"
1,"=B1481+A1482","=$C$3+($G$1/($E$1*86.4))*SINH($E$1*B1482*86.4/$G$1)","=C1482-$C$3-B1482","=$E$1*B1482*86.4","=$G$1*G1482","=TANH($E$1*B1482*86.4/$G$1)","=COSH($E$1*B1482*86.4/$G$1)","=(($G$1^2*1000)/($E$1*$I$1))*(H1482-1)","=$J$3*EXP(-$E$1*B1482*86.4/$G$1)","=J1481-J1482"
1,"=B1482+A1483","=$C$3+($G$1/($E$1*86.4))*SINH($E$1*B1483*86.4/$G$1)","=C1483-$C$3-B1483","=$E$1*B1483*86.4","=$G$1*G1483","=TANH($E$1*B1483*86.4/$G$1)","=COSH($E$1*B1483*86.4/$G$1)","=(($G$1^2*1000)/($E$1*$I$1))*(H1483-1)","=$J$3*EXP(-$E$1*B1483*86.4/$G$1)","=J1482-J1483"
1,"=B1483+A1484","=$C$3+($G$1/($E$1*86.4))*SINH($E$1*B1484*86.4/$G$1)","=C1484-$C$3-B1484","=$E$1*B1484*86.4","=$G$1*G1484","=TANH($E$1*B1484*86.4/$G$1)","=COSH($E$1*B1484*86.4/$G$1)","=(($G$1^2*1000)/($E$1*$I$1))*(H1484-1)","=$J$3*EXP(-$E$1*B1484*86.4/$G$1)","=J1483-J1484"
1,"=B1484+A1485","=$C$3+($G$1/($E$1*86.4))*SINH($E$1*B1485*86.4/$G$1)","=C1485-$C$3-B1485","=$E$1*B1485*86.4","=$G$1*G1485","=TANH($E$1*B1485*86.4/$G$1)","=COSH($E$1*B1485*86.4/$G$1)","=(($G$1^2*1000)/($E$1*$I$1))*(H1485-1)","=$J$3*EXP(-$E$1*B1485*86.4/$G$1)","=J1484-J1485"
1,"=B1485+A1486","=$C$3+($G$1/($E$1*86.4))*SINH($E$1*B1486*86.4/$G$1)","=C1486-$C$3-B1486","=$E$1*B1486*86.4","=$G$1*G1486","=TANH($E$1*B1486*86.4/$G$1)","=COSH($E$1*B1486*86.4/$G$1)","=(($G$1^2*1000)/($E$1*$I$1))*(H1486-1)","=$J$3*EXP(-$E$1*B1486*86.4/$G$1)","=J1485-J1486"
1,"=B1486+A1487","=$C$3+($G$1/($E$1*86.4))*SINH($E$1*B1487*86.4/$G$1)","=C1487-$C$3-B1487","=$E$1*B1487*86.4","=$G$1*G1487","=TANH($E$1*B1487*86.4/$G$1)","=COSH($E$1*B1487*86.4/$G$1)","=(($G$1^2*1000)/($E$1*$I$1))*(H1487-1)","=$J$3*EXP(-$E$1*B1487*86.4/$G$1)","=J1486-J1487"
1,"=B1487+A1488","=$C$3+($G$1/($E$1*86.4))*SINH($E$1*B1488*86.4/$G$1)","=C1488-$C$3-B1488","=$E$1*B1488*86.4","=$G$1*G1488","=TANH($E$1*B1488*86.4/$G$1)","=COSH($E$1*B1488*86.4/$G$1)","=(($G$1^2*1000)/($E$1*$I$1))*(H1488-1)","=$J$3*EXP(-$E$1*B1488*86.4/$G$1)","=J1487-J1488"
1,"=B1488+A1489","=$C$3+($G$1/($E$1*86.4))*SINH($E$1*B1489*86.4/$G$1)","=C1489-$C$3-B1489","=$E$1*B1489*86.4","=$G$1*G1489","=TANH($E$1*B1489*86.4/$G$1)","=COSH($E$1*B1489*86.4/$G$1)","=(($G$1^2*1000)/($E$1*$I$1))*(H1489-1)","=$J$3*EXP(-$E$1*B1489*86.4/$G$1)","=J1488-J1489"
1,"=B1489+A1490","=$C$3+($G$1/($E$1*86.4))*SINH($E$1*B1490*86.4/$G$1)","=C1490-$C$3-B1490","=$E$1*B1490*86.4","=$G$1*G1490","=TANH($E$1*B1490*86.4/$G$1)","=COSH($E$1*B1490*86.4/$G$1)","=(($G$1^2*1000)/($E$1*$I$1))*(H1490-1)","=$J$3*EXP(-$E$1*B1490*86.4/$G$1)","=J1489-J1490"
1,"=B1490+A1491","=$C$3+($G$1/($E$1*86.4))*SINH($E$1*B1491*86.4/$G$1)","=C1491-$C$3-B1491","=$E$1*B1491*86.4","=$G$1*G1491","=TANH($E$1*B1491*86.4/$G$1)","=COSH($E$1*B1491*86.4/$G$1)","=(($G$1^2*1000)/($E$1*$I$1))*(H1491-1)","=$J$3*EXP(-$E$1*B1491*86.4/$G$1)","=J1490-J1491"
1,"=B1491+A1492","=$C$3+($G$1/($E$1*86.4))*SINH($E$1*B1492*86.4/$G$1)","=C1492-$C$3-B1492","=$E$1*B1492*86.4","=$G$1*G1492","=TANH($E$1*B1492*86.4/$G$1)","=COSH($E$1*B1492*86.4/$G$1)","=(($G$1^2*1000)/($E$1*$I$1))*(H1492-1)","=$J$3*EXP(-$E$1*B1492*86.4/$G$1)","=J1491-J1492"
1,"=B1492+A1493","=$C$3+($G$1/($E$1*86.4))*SINH($E$1*B1493*86.4/$G$1)","=C1493-$C$3-B1493","=$E$1*B1493*86.4","=$G$1*G1493","=TANH($E$1*B1493*86.4/$G$1)","=COSH($E$1*B1493*86.4/$G$1)","=(($G$1^2*1000)/($E$1*$I$1))*(H1493-1)","=$J$3*EXP(-$E$1*B1493*86.4/$G$1)","=J1492-J1493"
1,"=B1493+A1494","=$C$3+($G$1/($E$1*86.4))*SINH($E$1*B1494*86.4/$G$1)","=C1494-$C$3-B1494","=$E$1*B1494*86.4","=$G$1*G1494","=TANH($E$1*B1494*86.4/$G$1)","=COSH($E$1*B1494*86.4/$G$1)","=(($G$1^2*1000)/($E$1*$I$1))*(H1494-1)","=$J$3*EXP(-$E$1*B1494*86.4/$G$1)","=J1493-J1494"
1,"=B1494+A1495","=$C$3+($G$1/($E$1*86.4))*SINH($E$1*B1495*86.4/$G$1)","=C1495-$C$3-B1495","=$E$1*B1495*86.4","=$G$1*G1495","=TANH($E$1*B1495*86.4/$G$1)","=COSH($E$1*B1495*86.4/$G$1)","=(($G$1^2*1000)/($E$1*$I$1))*(H1495-1)","=$J$3*EXP(-$E$1*B1495*86.4/$G$1)","=J1494-J1495"
1,"=B1495+A1496","=$C$3+($G$1/($E$1*86.4))*SINH($E$1*B1496*86.4/$G$1)","=C1496-$C$3-B1496","=$E$1*B1496*86.4","=$G$1*G1496","=TANH($E$1*B1496*86.4/$G$1)","=COSH($E$1*B1496*86.4/$G$1)","=(($G$1^2*1000)/($E$1*$I$1))*(H1496-1)","=$J$3*EXP(-$E$1*B1496*86.4/$G$1)","=J1495-J1496"
1,"=B1496+A1497","=$C$3+($G$1/($E$1*86.4))*SINH($E$1*B1497*86.4/$G$1)","=C1497-$C$3-B1497","=$E$1*B1497*86.4","=$G$1*G1497","=TANH($E$1*B1497*86.4/$G$1)","=COSH($E$1*B1497*86.4/$G$1)","=(($G$1^2*1000)/($E$1*$I$1))*(H1497-1)","=$J$3*EXP(-$E$1*B1497*86.4/$G$1)","=J1496-J1497"
1,"=B1497+A1498","=$C$3+($G$1/($E$1*86.4))*SINH($E$1*B1498*86.4/$G$1)","=C1498-$C$3-B1498","=$E$1*B1498*86.4","=$G$1*G1498","=TANH($E$1*B1498*86.4/$G$1)","=COSH($E$1*B1498*86.4/$G$1)","=(($G$1^2*1000)/($E$1*$I$1))*(H1498-1)","=$J$3*EXP(-$E$1*B1498*86.4/$G$1)","=J1497-J1498"
1,"=B1498+A1499","=$C$3+($G$1/($E$1*86.4))*SINH($E$1*B1499*86.4/$G$1)","=C1499-$C$3-B1499","=$E$1*B1499*86.4","=$G$1*G1499","=TANH($E$1*B1499*86.4/$G$1)","=COSH($E$1*B1499*86.4/$G$1)","=(($G$1^2*1000)/($E$1*$I$1))*(H1499-1)","=$J$3*EXP(-$E$1*B1499*86.4/$G$1)","=J1498-J1499"
1,"=B1499+A1500","=$C$3+($G$1/($E$1*86.4))*SINH($E$1*B1500*86.4/$G$1)","=C1500-$C$3-B1500","=$E$1*B1500*86.4","=$G$1*G1500","=TANH($E$1*B1500*86.4/$G$1)","=COSH($E$1*B1500*86.4/$G$1)","=(($G$1^2*1000)/($E$1*$I$1))*(H1500-1)","=$J$3*EXP(-$E$1*B1500*86.4/$G$1)","=J1499-J1500"
1,"=B1500+A1501","=$C$3+($G$1/($E$1*86.4))*SINH($E$1*B1501*86.4/$G$1)","=C1501-$C$3-B1501","=$E$1*B1501*86.4","=$G$1*G1501","=TANH($E$1*B1501*86.4/$G$1)","=COSH($E$1*B1501*86.4/$G$1)","=(($G$1^2*1000)/($E$1*$I$1))*(H1501-1)","=$J$3*EXP(-$E$1*B1501*86.4/$G$1)","=J1500-J1501"
1,"=B1501+A1502","=$C$3+($G$1/($E$1*86.4))*SINH($E$1*B1502*86.4/$G$1)","=C1502-$C$3-B1502","=$E$1*B1502*86.4","=$G$1*G1502","=TANH($E$1*B1502*86.4/$G$1)","=COSH($E$1*B1502*86.4/$G$1)","=(($G$1^2*1000)/($E$1*$I$1))*(H1502-1)","=$J$3*EXP(-$E$1*B1502*86.4/$G$1)","=J1501-J1502"
1,"=B1502+A1503","=$C$3+($G$1/($E$1*86.4))*SINH($E$1*B1503*86.4/$G$1)","=C1503-$C$3-B1503","=$E$1*B1503*86.4","=$G$1*G1503","=TANH($E$1*B1503*86.4/$G$1)","=COSH($E$1*B1503*86.4/$G$1)","=(($G$1^2*1000)/($E$1*$I$1))*(H1503-1)","=$J$3*EXP(-$E$1*B1503*86.4/$G$1)","=J1502-J1503"
